"survey_id","is_NESP_pre.post"
"4000680","Pre"
"4000715","Pre"
"4000717","Pre"
"4000720","Pre"
"4000721","Pre"
"4000724","Pre"
"4000730","Pre"
"4000731","Pre"
"4000733","Pre"
"4000735","Pre"
"4000758","Pre"
"4000775","Pre"
"4000776","Pre"
"4000848","Pre"
"4000850","Pre"
"4000851","Pre"
"6002154","Pre"
"6002155","Pre"
"6002156","Pre"
"6002157","Pre"
"6002158","Pre"
"6002159","Pre"
"6002160","Pre"
"6002161","Pre"
"6002162","Pre"
"6002163","Pre"
"6002164","Pre"
"912340015","Pre"
"912340016","Pre"
"912340017","Pre"
"912340018","Pre"
"912340559","Pre"
"912340560","Pre"
"912340561","Pre"
"912340562","Pre"
"912340563","Pre"
"912340564","Pre"
"912340566","Pre"
"912340567","Pre"
"912340568","Pre"
"912340569","Pre"
"912340570","Pre"
"912340571","Pre"
"912340572","Pre"
"912340574","Pre"
"912340575","Pre"
"912340576","Pre"
"912340577","Pre"
"912340578","Pre"
"912340579","Pre"
"912340580","Pre"
"912340581","Pre"
"912340582","Pre"
"912340583","Pre"
"912340584","Pre"
"912340585","Pre"
"912340586","Pre"
"912340587","Pre"
"912340588","Pre"
"912340590","Pre"
"912340591","Pre"
"912340592","Pre"
"912340593","Pre"
"912340594","Pre"
"912340595","Pre"
"912340596","Pre"
"912340597","Pre"
"912340598","Pre"
"912340599","Pre"
"912340600","Pre"
"912340601","Pre"
"912340602","Pre"
"912340603","Pre"
"912340604","Pre"
"912340605","Pre"
"912340606","Pre"
"912340607","Pre"
"912340608","Pre"
"912340609","Pre"
"912340610","Pre"
"912340611","Pre"
"912342230","Pre"
"912342231","Pre"
"912342232","Pre"
"912342233","Pre"
"912342234","Pre"
"912342235","Pre"
"912342236","Pre"
"912342237","Pre"
"912342238","Pre"
"912342239","Pre"
"912342240","Pre"
"912342241","Pre"
"912342242","Pre"
"912342243","Pre"
"912342244","Pre"
"912342245","Pre"
"912342266","Pre"
"912342267","Pre"
"912342268","Pre"
"912342269","Pre"
"912342270","Pre"
"912342271","Pre"
"912342272","Pre"
"912342274","Pre"
"912342275","Pre"
"912342276","Pre"
"912342277","Pre"
"912342278","Pre"
"912342279","Pre"
"912342280","Pre"
"912342281","Pre"
"912342283","Pre"
"912342284","Pre"
"912342285","Pre"
"912343091","Pre"
"912343092","Pre"
"912343093","Pre"
"912343094","Pre"
"912343095","Pre"
"912343096","Pre"
"912343097","Pre"
"912343099","Pre"
"912343100","Pre"
"912343101","Pre"
"912343112","Pre"
"912343113","Pre"
"912343114","Pre"
"912343115","Pre"
"912343116","Pre"
"912343117","Pre"
"912343118","Pre"
"912343119","Pre"
"912343121","Pre"
"912343122","Pre"
"912343126","Pre"
"912343127","Pre"
"912343128","Pre"
"912343133","Pre"
"912343134","Pre"
"912343137","Pre"
"912343138","Pre"
"912343139","Pre"
"912343140","Pre"
"912343145","Pre"
"912343146","Pre"
"912343149","Pre"
"912343150","Pre"
"912343151","Pre"
"912343153","Pre"
"912343157","Pre"
"912343158","Pre"
"912343159","Pre"
"912343160","Pre"
"912343161","Pre"
"912343162","Pre"
"912343163","Pre"
"912343165","Pre"
"912343166","Pre"
"912343169","Pre"
"912343170","Pre"
"912343172","Pre"
"912343175","Pre"
"912343177","Pre"
"912343178","Pre"
"912343179","Pre"
"912343180","Pre"
"912343193","Pre"
"912343194","Pre"
"912343195","Pre"
"912343196","Pre"
"912343197","Pre"
"912343198","Pre"
"912343250","Pre"
"912343252","Pre"
"912343253","Pre"
"912343254","Pre"
"912343255","Pre"
"912343256","Pre"
"912343267","Pre"
"912343268","Pre"
"912343269","Pre"
"912343270","Pre"
"912343273","Pre"
"912343274","Pre"
"912343290","Pre"
"912343291","Pre"
"912343292","Pre"
"912343293","Pre"
"912343298","Pre"
"912343299","Pre"
"912343300","Pre"
"912343301","Pre"
"912343302","Pre"
"912343303","Pre"
"912343304","Pre"
"912343305","Pre"
"912343306","Pre"
"912343307","Pre"
"912343308","Pre"
"912343309","Pre"
"912343310","Pre"
"912343311","Pre"
"912343314","Pre"
"912343315","Pre"
"912343324","Pre"
"912343325","Pre"
"912343326","Pre"
"912343327","Pre"
"912343328","Pre"
"912343329","Pre"
"912343332","Pre"
"912343333","Pre"
"912343334","Pre"
"912343335","Pre"
"912343336","Pre"
"912343337","Pre"
"912343338","Pre"
"912343339","Pre"
"912343340","Pre"
"912343341","Pre"
"912343342","Pre"
"912343343","Pre"
"912343344","Pre"
"912343345","Pre"
"912343346","Pre"
"912343347","Pre"
"912343348","Pre"
"912343349","Pre"
"912343354","Pre"
"912343355","Pre"
"912343407","Pre"
"912343408","Pre"
"912343409","Pre"
"912343410","Pre"
"912343411","Pre"
"912343412","Pre"
"912343414","Pre"
"912343415","Pre"
"912343416","Pre"
"912343417","Pre"
"912343418","Pre"
"912343425","Pre"
"912343430","Pre"
"912343748","Pre"
"912343749","Pre"
"912343750","Pre"
"912343751","Pre"
"912343752","Pre"
"912343753","Pre"
"912343754","Pre"
"912343755","Pre"
"912343756","Pre"
"912343757","Pre"
"912343758","Pre"
"912343759","Pre"
"912343760","Pre"
"912343761","Pre"
"912343762","Pre"
"912343763","Pre"
"912343764","Pre"
"912343765","Pre"
"912343766","Pre"
"912343767","Pre"
"912343768","Pre"
"912343769","Pre"
"912343770","Pre"
"912343771","Pre"
"912343772","Pre"
"912343773","Pre"
"912343774","Pre"
"912343775","Pre"
"912343776","Pre"
"912343777","Pre"
"912343778","Pre"
"912343779","Pre"
"912343780","Pre"
"912343781","Pre"
"912343782","Pre"
"912343783","Pre"
"912343784","Pre"
"912343785","Pre"
"912343786","Pre"
"912343787","Pre"
"912343788","Pre"
"912343789","Pre"
"912343790","Pre"
"912343791","Pre"
"912343792","Pre"
"912343793","Pre"
"912343794","Pre"
"912343795","Pre"
"912343796","Pre"
"912343797","Pre"
"912343798","Pre"
"912343799","Pre"
"912343800","Pre"
"912343801","Pre"
"912343802","Pre"
"912343803","Pre"
"912343804","Pre"
"912343805","Pre"
"912343806","Pre"
"912343807","Pre"
"912343808","Pre"
"912343809","Pre"
"912343810","Pre"
"912343811","Pre"
"912343812","Pre"
"912343813","Pre"
"912343815","Pre"
"912343816","Pre"
"912343817","Pre"
"912343819","Pre"
"912344169","Pre"
"912344170","Pre"
"912344171","Pre"
"912344173","Pre"
"912344174","Pre"
"912344175","Pre"
"912344176","Pre"
"912344177","Pre"
"912344178","Pre"
"912344179","Pre"
"912344180","Pre"
"912344181","Pre"
"912344182","Pre"
"912344183","Pre"
"912344184","Pre"
"912344185","Pre"
"912344186","Pre"
"912344187","Pre"
"912344188","Pre"
"912344189","Pre"
"912344190","Pre"
"912344191","Pre"
"912344192","Pre"
"912344193","Pre"
"912344194","Pre"
"912344195","Pre"
"912344196","Pre"
"912344197","Pre"
"912344198","Pre"
"912344199","Pre"
"912344200","Pre"
"912344201","Pre"
"912344202","Pre"
"912344203","Pre"
"912344204","Pre"
"912344205","Pre"
"912344206","Pre"
"912344207","Pre"
"912344208","Pre"
"912344209","Pre"
"912344210","Pre"
"912344212","Pre"
"912344213","Pre"
"912344214","Pre"
"912344215","Pre"
"912344216","Pre"
"912344217","Pre"
"912344218","Pre"
"912344219","Pre"
"912344220","Pre"
"912344221","Pre"
"912344222","Pre"
"912344223","Pre"
"912344224","Pre"
"912344225","Pre"
"912344226","Pre"
"912344227","Pre"
"912344228","Pre"
"912344229","Pre"
"912344230","Pre"
"912344231","Pre"
"912344232","Pre"
"912344233","Pre"
"912344234","Pre"
"912344235","Pre"
"912344236","Pre"
"912344237","Pre"
"912344238","Pre"
"912344239","Pre"
"912344240","Pre"
"912344241","Pre"
"912344242","Pre"
"912344243","Pre"
"912344244","Pre"
"912344245","Pre"
"912344246","Pre"
"912344247","Pre"
"912344248","Pre"
"912344249","Pre"
"912344250","Pre"
"912344251","Pre"
"912344252","Pre"
"912344253","Pre"
"912344254","Pre"
"912344255","Pre"
"912344257","Pre"
"912344258","Pre"
"912344260","Pre"
"912344261","Pre"
"912344262","Pre"
"912344263","Pre"
"912344264","Pre"
"912344265","Pre"
"912344266","Pre"
"912344267","Pre"
"912344268","Pre"
"912344958","Pre"
"912345361","Pre"
"912345362","Pre"
"912345363","Pre"
"912345364","Pre"
"912345388","Pre"
"912345389","Pre"
"912345390","Pre"
"912345399","Pre"
"912345400","Pre"
"912345436","Pre"
"912345437","Pre"
"912345438","Pre"
"912345439","Pre"
"912345440","Pre"
"912345441","Pre"
"912345442","Pre"
"912345443","Pre"
"912345444","Pre"
"912345445","Pre"
"912345446","Pre"
"912345447","Pre"
"912345448","Pre"
"912345449","Pre"
"912345450","Pre"
"912345451","Pre"
"912345452","Pre"
"912345453","Pre"
"912345456","Pre"
"912345457","Pre"
"912345458","Pre"
"912345459","Pre"
"912345461","Pre"
"912345468","Pre"
"912345469","Pre"
"912345471","Pre"
"912345472","Pre"
"912345473","Pre"
"912345474","Pre"
"912345475","Pre"
"912345478","Pre"
"912345481","Pre"
"912345482","Pre"
"912345483","Pre"
"912345484","Pre"
"912345485","Pre"
"912345489","Pre"
"912345490","Pre"
"912345491","Pre"
"912345492","Pre"
"912345493","Pre"
"912345494","Pre"
"912345495","Pre"
"912345496","Pre"
"912345497","Pre"
"912345498","Pre"
"912345503","Pre"
"912345504","Pre"
"912345512","Pre"
"912345515","Pre"
"912345516","Pre"
"912345517","Pre"
"912345519","Pre"
"912345521","Pre"
"912345522","Pre"
"912345523","Pre"
"912345524","Pre"
"912345526","Pre"
"912345527","Pre"
"912345528","Pre"
"912345530","Pre"
"912345531","Pre"
"912345532","Pre"
"912345533","Pre"
"912345534","Pre"
"912345535","Pre"
"912345536","Pre"
"912345537","Pre"
"912345710","Pre"
"912345711","Pre"
"912345716","Pre"
"912345717","Pre"
"912345722","Pre"
"912345723","Pre"
"912345732","Pre"
"912345733","Pre"
"912345853","Pre"
"912345854","Pre"
"912345858","Pre"
"912345859","Pre"
"912345860","Pre"
"912345861","Pre"
"912345865","Pre"
"912345866","Pre"
"912346317","Post"
"912346318","Post"
"912346321","Post"
"912346322","Post"
"912346323","Post"
"912346324","Post"
"912346327","Post"
"912346328","Post"
"912346329","Post"
"912346330","Post"
"912346331","Post"
"912346332","Post"
"912346333","Post"
"912346334","Post"
"912346335","Post"
"912346336","Post"
"912346339","Post"
"912346340","Post"
"912346343","Post"
"912346344","Post"
"912346346","Post"
"912346347","Post"
"912346355","Post"
"912346356","Post"
"912346767","Post"
"912346768","Post"
"912346769","Post"
"912346770","Post"
"912346771","Post"
"912346772","Post"
"912346773","Post"
"912346774","Post"
"912346775","Post"
"912346776","Post"
"912346777","Post"
"912346778","Post"
"912346779","Post"
"912346780","Post"
"912346781","Post"
"912346782","Post"
"912346783","Post"
"912346784","Post"
"912346785","Post"
"912346786","Post"
"912346787","Post"
"912346788","Post"
"912346789","Post"
"912346790","Post"
"912346792","Post"
"912346793","Post"
"912346794","Post"
"912346795","Post"
"912346796","Post"
"912346797","Post"
"912346798","Post"
"912346799","Post"
"912346800","Post"
"912346801","Post"
"912346802","Post"
"912346803","Post"
"912346804","Post"
"912346805","Post"
"912346806","Post"
"912346807","Post"
"912346810","Post"
"912346811","Post"
"912346814","Post"
"912346815","Post"
"912346816","Post"
"912346817","Post"
"912346818","Post"
"912346819","Post"
"912346820","Post"
"912346821","Post"
"912346822","Post"
"912346823","Post"
"912346824","Post"
"912346825","Post"
"912346826","Post"
"912346827","Post"
"912346828","Post"
"912346829","Post"
"912346830","Post"
"912346831","Post"
"912346832","Post"
"912346833","Post"
"912346834","Post"
"912346835","Post"
"912346836","Post"
"912346837","Post"
"912346838","Post"
"912346839","Post"
"912346840","Post"
"912346841","Post"
"912346842","Post"
"912346843","Post"
"912346844","Post"
"912346847","Post"
"912346848","Post"
"912346849","Post"
"912346850","Post"
"912346851","Post"
"912346852","Post"
"912346853","Post"
"912346854","Post"
"912346855","Post"
"912346856","Post"
"912347043","Post"
"912347044","Post"
"912347045","Post"
"912347046","Post"
"912347047","Post"
"912347048","Post"
"912347049","Post"
"912347050","Post"
"912347051","Post"
"912347052","Post"
"912347053","Post"
"912347054","Post"
"912347055","Post"
"912347056","Post"
"912347057","Post"
"912347058","Post"
"912347059","Post"
"912347060","Post"
"912347061","Post"
"912347062","Post"
"912347063","Post"
"912347064","Post"
"912347065","Post"
"912347066","Post"
"912347067","Post"
"912347068","Post"
"912347069","Post"
"912347070","Post"
"912347071","Post"
"912347072","Post"
"912347073","Post"
"912347074","Post"
"912347075","Post"
"912347076","Post"
"912347077","Post"
"912347078","Post"
"912347079","Post"
"912347080","Post"
"912347081","Post"
"912347082","Post"
"912347083","Post"
"912347084","Post"
"912347085","Post"
"912347086","Post"
"912347087","Post"
"912347088","Post"
"912347089","Post"
"912347090","Post"
"912347091","Post"
"912347092","Post"
"912347093","Post"
"912347094","Post"
"912347095","Post"
"912347096","Post"
"912347097","Post"
"912347098","Post"
"912347099","Post"
"912347100","Post"
"912347101","Post"
"912347102","Post"
"912347104","Post"
"912347105","Post"
"912347106","Post"
"912347107","Post"
"912347108","Post"
"912347110","Post"
"912347111","Post"
"912347113","Post"
"912347114","Post"
"912347115","Post"
"912347116","Post"
"912347117","Post"
"912347118","Post"
"912347119","Post"
"912347120","Post"
"912347121","Post"
"912347125","Post"
"912347126","Post"
"912347127","Post"
"912347128","Post"
"912347132","Post"
"912347133","Post"
"912347136","Post"
"912347390","Pre"
"912347391","Pre"
"912347392","Pre"
"912347393","Pre"
"912347394","Pre"
"912347395","Pre"
"912347396","Pre"
"912347397","Pre"
"912347398","Pre"
"912347400","Pre"
"912347401","Pre"
"912347402","Pre"
"912347403","Pre"
"912347404","Pre"
"912347405","Pre"
"912347408","Pre"
"912347409","Pre"
"912347410","Pre"
"912347411","Pre"
"912347412","Pre"
"912347413","Pre"
"912347414","Pre"
"912347415","Pre"
"912347418","Pre"
"912347419","Pre"
"912347424","Pre"
"912347425","Pre"
"912347513","Post"
"912347514","Post"
"912347515","Post"
"912347516","Post"
"912347517","Post"
"912347518","Post"
"912347520","Post"
"912347522","Post"
"912347523","Post"
"912347526","Post"
"912347527","Post"
"912347528","Post"
"912347529","Post"
"912347530","Post"
"912347533","Post"
"912347534","Post"
"912347537","Post"
"912347538","Post"
"912347539","Post"
"912347540","Post"
"912347541","Post"
"912347542","Post"
"912347543","Post"
"912347544","Post"
"912347545","Post"
"912347546","Post"
"912347547","Post"
"912347550","Post"
"912347561","Post"
"912347562","Post"
"912347563","Post"
"912347564","Post"
"912347565","Post"
"912347566","Post"
"912347567","Post"
"912347568","Post"
"912347571","Post"
"912347572","Post"
"912347579","Post"
"912347580","Post"
"912347585","Post"
"912347624","Post"
"912347625","Post"
"912347631","Post"
"912347632","Post"
"912347633","Post"
"912347634","Post"
"912347635","Post"
"912347636","Post"
"912347637","Post"
"912347638","Post"
"912347640","Post"
"912347641","Post"
"912347642","Post"
"912347643","Post"
"912347644","Post"
"912347645","Post"
"912347646","Post"
"912347647","Post"
"912347648","Post"
"912347649","Post"
"912347650","Post"
"912347654","Post"
"912347655","Post"
"912347661","Post"
"912347662","Post"
"912347663","Post"
"912347664","Post"
"912347666","Post"
"912347667","Post"
"912347668","Post"
"912347670","Post"
"912347671","Post"
"912347672","Post"
"912347673","Post"
"912347674","Post"
"912347675","Post"
"912347676","Post"
"912347677","Post"
"912347678","Post"
"912347679","Post"
"912347680","Post"
"912347684","Post"
"912347685","Post"
"912347688","Post"
"912347689","Post"
"912347690","Post"
"912347691","Post"
"912347692","Post"
"912347695","Post"
"912347696","Post"
"912347697","Post"
"912347698","Post"
"912347699","Post"
"912347700","Post"
"912347701","Post"
"912347702","Post"
"912347704","Post"
"912347705","Post"
"912347706","Post"
"912347707","Post"
"912347708","Post"
"912347709","Post"
"912347710","Post"
"912347711","Post"
"912347712","Post"
"912347713","Post"
"912347716","Post"
"912347717","Post"
"912347718","Post"
"912347719","Post"
"912347722","Post"
"912347723","Post"
"912347724","Post"
"912347725","Post"
"912347727","Post"
"912347728","Post"
"912347730","Post"
"912347731","Post"
"912347732","Post"
"912347736","Post"
"912347737","Post"
"912347738","Post"
"912347739","Post"
"912347740","Post"
"912347741","Post"
"912347746","Post"
"912347747","Post"
"912347748","Post"
"912347749","Post"
"912347750","Post"
"912347751","Post"
"912347752","Post"
"912347753","Post"
"912347754","Post"
"912347755","Post"
"912347756","Post"
"912347757","Post"
"912347758","Post"
"912347759","Post"
"912347760","Post"
"912347761","Post"
"912347762","Post"
"912347763","Post"
"912347796","Post"
"912347797","Post"
"912347798","Post"
"912347799","Post"
"912349616","Post"
"912349620","Post"
"912349621","Post"
"912349622","Post"
"912349627","Post"
"912349628","Post"
"912349629","Post"
"912349630","Post"
"912349631","Post"
"912349632","Post"
"912349633","Post"
"912349634","Post"
"912349635","Post"
"912349636","Post"
"912349637","Post"
"912349638","Post"
"912349640","Post"
"912349641","Post"
"912349642","Post"
"912349643","Post"
"912349645","Post"
"912349646","Post"
"912349647","Post"
"912349648","Post"
"912349649","Post"
"912349650","Post"
"912349651","Post"
"912349656","Post"
"912349657","Post"
"912349658","Post"
"912349659","Post"
"912349660","Post"
"912349661","Post"
"912349662","Post"
"912349663","Post"
"912349664","Post"
"912349665","Post"
"912349666","Post"
"912349669","Post"
"912349671","Post"
"912349672","Post"
"912349673","Post"
"912349678","Post"
"912349683","Post"
"912349687","Post"
"912351878","Post"
"912351879","Post"
"912351882","Post"
"912351883","Post"
"912351884","Post"
"912351885","Post"
"912351886","Post"
"912351887","Post"
"912351888","Post"
"912351889","Post"
"912351890","Post"
"912351892","Post"
"912351893","Post"
"912351895","Post"
"912351896","Post"
"912351897","Post"
"912351898","Post"
"912351899","Post"
"912351900","Post"
"912351901","Post"
"912351902","Post"
"912351903","Post"
"912351905","Post"
"912351906","Post"
"912351907","Post"
"912351908","Post"
"912351909","Post"
"912351910","Post"
"912351912","Post"
"912351913","Post"
"912351914","Post"
"912351915","Post"
"912351916","Post"
"912351917","Post"
"912351918","Post"
"912351919","Post"
"912351920","Post"
"912351921","Post"
"912351922","Post"
"912351923","Post"
"912351925","Post"
"912351926","Post"
"912351927","Post"
"912351928","Post"
"912351929","Post"
"912351930","Post"
"912351931","Post"
"912351932","Post"
"912351933","Post"
"912351934","Post"
"912351935","Post"
"912351936","Post"
"912351937","Post"
"912351938","Post"
"912351939","Post"
"912351940","Post"
"912351941","Post"
"912351942","Post"
"912351943","Post"
"912351944","Post"
"912351945","Post"
"912351946","Post"
"912351947","Post"
"912351948","Post"
"912351949","Post"
"912351950","Post"
"912351951","Post"
"912351952","Post"
"912351953","Post"
"912351954","Post"
"912351955","Post"
"912351956","Post"
"912351957","Post"
"912351958","Post"
"912351959","Post"
"912351960","Post"
"912351961","Post"
"912351962","Post"
"912351963","Post"
"912351964","Post"
"912351966","Post"
"912351967","Post"
"912351968","Post"
"912351969","Post"
"912351970","Post"
"912351971","Post"
"912351972","Post"
"912351973","Post"
"912351974","Post"
"912351975","Post"
"912351976","Post"
"912351977","Post"
"912351978","Post"
"912351981","Post"
"912351982","Post"
"912351986","Post"
"912351987","Post"
"912351988","Post"
"912351989","Post"
"912351996","Post"
"912351997","Post"
"912351998","Post"
"912351999","Post"
"912352000","Post"
"912352001","Post"
"912352002","Post"
"912352003","Post"
"912352004","Post"
"912352005","Post"
"912352011","Post"
"912352012","Post"
"912352013","Post"
"912352014","Post"
"912352015","Post"
"912352024","Post"
"912352025","Post"
"912352026","Post"
"912352027","Post"
"912352028","Post"
"912352029","Post"
"912352030","Post"
"912352031","Post"
"912352032","Post"
"912352033","Post"
"912352034","Post"
"912352035","Post"
"912352036","Post"
"912352037","Post"
"912352038","Post"
"912352039","Post"
"912352040","Post"
"912352041","Post"
"912352060","Post"
"912352061","Post"
"912352063","Post"
"912352064","Post"
"912352073","Post"
"912352074","Post"
"912352075","Post"
"912352078","Post"
"912352079","Post"
"912352080","Post"
"912352081","Post"
"912352083","Post"
"912352084","Post"
"912352085","Post"
"912352090","Post"
"912352091","Post"
"912352092","Post"
"912352093","Post"
"912352094","Post"
"912352095","Post"
"912352097","Post"
"912352105","Post"
"912352106","Post"
"912352108","Post"
"912352109","Post"
"912352110","Post"
"912352112","Post"
"912352114","Post"
"912352115","Post"
"912352116","Post"
"912352121","Post"
"912352122","Post"
"912352123","Post"
"912352124","Post"
"912352125","Post"
"912352126","Post"
"912352127","Post"
"912352128","Post"
"912352129","Post"
"912352633","Post"
"912352634","Post"
"912352636","Post"
"912352637","Post"
"912352656","Post"
"912352658","Post"
"912352659","Post"
"912352660","Post"
"912352661","Post"
"912352669","Post"
"912352670","Post"
"912352671","Post"
"912352673","Post"
"912352674","Post"
"912352683","Post"
"912352687","Post"
"912352706","Post"
