Region,SiteCode,SiteName,SiteLat,SiteLong,maxDHW,maxSSTA,Mean_SST_cl,SD_SST_cl,Jan_SST_cl,Feb_SST_cl,Mar_SST_cl,Apr_SST_cl,May_SST_cl,Jun_SST_cl,Jul_SST_cl,Aug_SST_cl,Sep_SST_cl,Oct_SST_cl,Nov_SST_cl,Dec_SST_cl
GBR,AIMS1,Masthead Site 3,-23.53652,151.75731,0,1.699999962,23.90876214,2.417687389,26.93375015,27.14776611,26.3216362,25.21289063,23.72003937,22.05352211,20.81899071,20.50209808,21.23298454,22.76062775,24.33059883,25.87024117
GBR,AIMS10,North Island Site 1,-23.175483,151.908633,0,1.77999996,24.20563014,2.156956684,26.84298897,27.18538284,26.50107956,25.4858551,24.22419167,22.79083061,21.66707993,21.23591042,21.61983681,22.80686378,24.31641197,25.79113007
GBR,AIMS12,North Island Site 3,-23.1778,151.915433,0,1.77999996,24.20563014,2.156956684,26.84298897,27.18538284,26.50107956,25.4858551,24.22419167,22.79083061,21.66707993,21.23591042,21.61983681,22.80686378,24.31641197,25.79113007
GBR,AIMS2,Masthead Site 1,-23.5341,151.74968,0,1.719999962,23.89148887,2.448589891,26.96058083,27.16466522,26.33088684,25.20011902,23.67737198,21.98431969,20.74953651,20.43171883,21.20985794,22.76515388,24.33978844,25.88386726
GBR,AIMS4,Erskyne Island Site 1,-23.49835,151.7747,0,1.699999962,23.9530522,2.375504193,26.92246628,27.15234947,26.34496307,25.24102783,23.77945137,22.15300941,20.95198441,20.62093353,21.2984314,22.77025223,24.33295059,25.86880684
GBR,AIMS5,Erskyne Island Site 2,-23.49845,151.7789,0,1.699999962,23.9530522,2.375504193,26.92246628,27.15234947,26.34496307,25.24102783,23.77945137,22.15300941,20.95198441,20.62093353,21.2984314,22.77025223,24.33295059,25.86880684
GBR,AIMS7,Broomfield Reef Site 2,-23.25245,151.94545,0,1.719999962,24.14808655,2.173217798,26.81694794,27.13696861,26.44608688,25.41680908,24.14585686,22.68696594,21.56720734,21.15195274,21.56090927,22.78280067,24.28686142,25.77767181
GBR,AIMS8,Broomfield Reef Site 1,-23.249566,151.94255,0,1.749999961,24.177701,2.161012535,26.82454491,27.15764999,26.47477722,25.45222855,24.18828773,22.74554062,21.62637138,21.20328712,21.59262657,22.79278564,24.29643822,25.77787399
GBR,COR11,Hastings Reef,-16.52825,145.99349,4.729999894,2.609999942,26.21037992,1.901527361,28.55816269,28.6825695,27.99301529,26.97379112,25.67395782,24.20075035,23.62122917,23.65860367,24.47785378,25.7085762,27.08203888,27.89401054
GBR,COR12,Agincourt Reef - The Gap,-15.9758,145.8291,6.059999865,2.389999947,26.30518468,1.786393677,28.45782852,28.67864609,28.07670403,27.05987549,25.85953903,24.53461838,23.97460938,23.85978127,24.59025383,25.6592617,27.02067757,27.89042091
GBR,COR13,Agincourt Reef - The Point,-15.96846,145.81968,6.059999865,2.389999947,26.30518468,1.786393677,28.45782852,28.67864609,28.07670403,27.05987549,25.85953903,24.53461838,23.97460938,23.85978127,24.59025383,25.6592617,27.02067757,27.89042091
GBR,COR14,Agincourt Reef - Three Sisters,-15.9609,145.80432,6.059999865,2.389999947,26.30518468,1.786393677,28.45782852,28.67864609,28.07670403,27.05987549,25.85953903,24.53461838,23.97460938,23.85978127,24.59025383,25.6592617,27.02067757,27.89042091
GBR,CS1,Long Reef West,-19.29696,152.23517,3.049999932,1.859999958,25.77992646,1.537101042,27.59571457,27.81085968,27.32761192,26.66254044,25.75779915,24.65338707,23.89141655,23.52952957,23.95368004,25.04765701,26.122509,27.00641251
GBR,CS10,NE Herald Cay SW,-16.947773,149.182624,8.659999806,2.059999954,26.42536688,1.462871408,28.21840668,28.34103584,27.88177872,27.13241005,26.32813835,25.27788544,24.5816803,24.39416504,24.71683121,25.72914505,26.79633713,27.70658875
GBR,CS101,Diamond Cay Islet,-17.41432,151.07258,6.359999858,1.999999955,26.23865366,1.414672343,27.96219063,28.06956863,27.65917778,26.98786926,26.09752083,25.17875671,24.55981445,24.18951988,24.51865196,25.58908844,26.61852837,27.43315697
GBR,CS102,East Diamond Islet NW,-17.41703,151.07128,6.359999858,1.999999955,26.23865366,1.414672343,27.96219063,28.06956863,27.65917778,26.98786926,26.09752083,25.17875671,24.55981445,24.18951988,24.51865196,25.58908844,26.61852837,27.43315697
GBR,CS103,East Diamond Islet lagoon,-17.43525,151.07027,6.359999858,1.999999955,26.23865366,1.414672343,27.96219063,28.06956863,27.65917778,26.98786926,26.09752083,25.17875671,24.55981445,24.18951988,24.51865196,25.58908844,26.61852837,27.43315697
GBR,CS104,East Diamond Islet Tower,-17.4347,151.07127,6.359999858,1.999999955,26.23865366,1.414672343,27.96219063,28.06956863,27.65917778,26.98786926,26.09752083,25.17875671,24.55981445,24.18951988,24.51865196,25.58908844,26.61852837,27.43315697
GBR,CS11,NE Herald Cay Central,-16.93653,149.19696,8.659999806,2.059999954,26.42536688,1.462871408,28.21840668,28.34103584,27.88177872,27.13241005,26.32813835,25.27788544,24.5816803,24.39416504,24.71683121,25.72914505,26.79633713,27.70658875
GBR,CS110,Tregrosse Outlier Reef Down,-17.71175,150.736917,6.059999865,1.849999959,26.14061848,1.476145749,27.96019173,28.07126617,27.60135651,26.91172028,25.98655128,25.05132866,24.33627129,24.0035305,24.39798737,25.46027374,26.53617668,27.37076759
GBR,CS111,Tregrosse Outlier Reef,-17.71298,150.7345,6.059999865,1.849999959,26.14061848,1.476145749,27.96019173,28.07126617,27.60135651,26.91172028,25.98655128,25.05132866,24.33627129,24.0035305,24.39798737,25.46027374,26.53617668,27.37076759
GBR,CS113,Tregosse Reef,-17.77473,150.63277,5.609999875,1.869999958,26.14958938,1.479726971,27.97006798,28.10355377,27.61216927,26.93227386,25.98329163,25.05489349,24.32093048,24.0325985,24.408041,25.46250534,26.54512787,27.36961937
GBR,CS12,NE Herald Bommie,-16.93007,149.19332,8.659999806,2.059999954,26.42536688,1.462871408,28.21840668,28.34103584,27.88177872,27.13241005,26.32813835,25.27788544,24.5816803,24.39416504,24.71683121,25.72914505,26.79633713,27.70658875
GBR,CS122,South Flinders Horseshoe centre,-17.87718,148.51165,5.519999877,2.169999951,26.20198377,1.603674078,28.25547218,28.31865501,27.72999763,27.01867676,25.91324997,24.89021683,24.19641876,23.98016167,24.41915703,25.46392632,26.65912056,27.57875252
GBR,CS123,South Flinders Horseshoe NW,-17.82899,148.50514,5.519999877,2.169999951,26.20020787,1.597087572,28.24723625,28.31949234,27.71888351,27.01031494,25.91274261,24.89732933,24.20679665,23.99468803,24.41568184,25.46137047,26.65458107,27.56337738
GBR,CS126,Flinders Ribbon Reef South Cay,-17.71666,148.43873,5.519999877,2.139999952,26.20633809,1.597768803,28.25774384,28.32816696,27.70798874,26.99809647,25.93079948,24.90234947,24.19914436,24.00429153,24.42567253,25.46815681,26.66592979,27.58771706
GBR,CS127,Flinders Ribbon Reef South Cay SW,-17.71505,148.4373,5.519999877,2.139999952,26.20633809,1.597768803,28.25774384,28.32816696,27.70798874,26.99809647,25.93079948,24.90234947,24.19914436,24.00429153,24.42567253,25.46815681,26.66592979,27.58771706
GBR,CS128,Flinders Cay Storm Bommie,-17.70575,148.4606,5.82999987,2.159999952,26.20277119,1.591672835,28.24847031,28.31719589,27.70684052,27.00020981,25.92319107,24.90772629,24.21221352,24.01220894,24.41838455,25.46299553,26.65733147,27.56648636
GBR,CS129,Flinders Ribbon Reef South Cay E bommie,-17.70304,148.46176,5.82999987,2.159999952,26.20277119,1.591672835,28.24847031,28.31719589,27.70684052,27.00020981,25.92319107,24.90772629,24.21221352,24.01220894,24.41838455,25.46299553,26.65733147,27.56648636
GBR,CS13,NE Herald Back Reef,-16.92822,149.20228,8.9399998,2.069999954,26.42659076,1.459770663,28.21845055,28.3393116,27.88589096,27.12786674,26.33023643,25.28502464,24.58032799,24.40891457,24.71573448,25.73542213,26.79318047,27.69872856
GBR,CS130,Chilcott Islet bommie,-16.93133,149.999,8.03999982,2.369999947,26.40622075,1.406153409,28.19518852,28.28011703,27.8483696,27.08304787,26.26647758,25.37678146,24.63071251,24.46879387,24.76862526,25.70910835,26.72524261,27.52218437
GBR,CS131,Chilcott Islet Haven,-16.93012,150.00203,8.399999812,2.329999948,26.39959812,1.402978955,28.18221474,28.26583862,27.83942032,27.07759476,26.25720978,25.37774658,24.62994194,24.46056175,24.76478195,25.70342255,26.72301292,27.51343155
GBR,CS132,Chilcott Islet SW inner reef,-16.93157,149.99043,8.03999982,2.369999947,26.40622075,1.406153409,28.19518852,28.28011703,27.8483696,27.08304787,26.26647758,25.37678146,24.63071251,24.46879387,24.76862526,25.70910835,26.72524261,27.52218437
GBR,CS134,Chilcott Islet inshore reef,-16.9366,150.00092,8.399999812,2.329999948,26.39959812,1.402978955,28.18221474,28.26583862,27.83942032,27.07759476,26.25720978,25.37774658,24.62994194,24.46056175,24.76478195,25.70342255,26.72301292,27.51343155
GBR,CS139,Magdelaine Cay SW,-16.53378,150.26845,10.03999978,2.279999949,26.51517487,1.365096306,28.17398834,28.31077766,27.94178772,27.21609879,26.41270447,25.51658821,24.80962372,24.61053276,24.91590881,25.79800224,26.82896423,27.64712143
GBR,CS140,Magdelaine Cay gulch,-16.53091,150.26973,10.03999978,2.279999949,26.51517487,1.365096306,28.17398834,28.31077766,27.94178772,27.21609879,26.41270447,25.51658821,24.80962372,24.61053276,24.91590881,25.79800224,26.82896423,27.64712143
GBR,CS141,Magdelaine Reef Cruise Ship,-16.52097,150.27712,10.03999978,2.279999949,26.51517487,1.365096306,28.17398834,28.31077766,27.94178772,27.21609879,26.41270447,25.51658821,24.80962372,24.61053276,24.91590881,25.79800224,26.82896423,27.64712143
GBR,CS143,South Willis islet south,-16.29907,149.96294,10.37999977,2.319999948,26.56409725,1.371325188,28.21999741,28.36961555,27.9836483,27.22812462,26.4994278,25.55601692,24.86522675,24.62961006,24.93435669,25.88053703,26.87186241,27.73074341
GBR,CS144,Willis Islet Dark Wall,-16.28601,149.95958,10.37999977,2.319999948,26.56409725,1.371325188,28.21999741,28.36961555,27.9836483,27.22812462,26.4994278,25.55601692,24.86522675,24.62961006,24.93435669,25.88053703,26.87186241,27.73074341
GBR,CS145,South Willis islet anchorage bommie,-16.2927,149.96138,10.37999977,2.319999948,26.56409725,1.371325188,28.21999741,28.36961555,27.9836483,27.22812462,26.4994278,25.55601692,24.86522675,24.62961006,24.93435669,25.88053703,26.87186241,27.73074341
GBR,CS146,Holmes South Cay Inner Reef,-16.49974,147.84345,9.649999784,2.159999952,26.47688866,1.518971322,28.38326836,28.48912048,27.97750664,27.19903564,26.23068237,25.25372887,24.58671951,24.33172417,24.84472847,25.70530701,26.92940521,27.79143715
GBR,CS147,Holmes Reef Cay Buoy Wall,-16.51274,147.84033,9.429999789,2.169999951,26.46475967,1.523042342,28.37812424,28.48080635,27.9707756,27.18424416,26.22206116,25.23692322,24.5688839,24.31006432,24.83265686,25.6918087,26.91929626,27.78147125
GBR,CS148,Holmes South Cay South Reef,-16.50813,147.84016,9.429999789,2.169999951,26.46475967,1.523042342,28.37812424,28.48080635,27.9707756,27.18424416,26.22206116,25.23692322,24.5688839,24.31006432,24.83265686,25.6918087,26.91929626,27.78147125
GBR,CS149,Holmes South Cay South Inner Reef,-16.50487,147.84137,9.429999789,2.169999951,26.46475967,1.523042342,28.37812424,28.48080635,27.9707756,27.18424416,26.22206116,25.23692322,24.5688839,24.31006432,24.83265686,25.6918087,26.91929626,27.78147125
GBR,CS15,Chilcott Bommie,-16.92247,150.00647,8.399999812,2.329999948,26.39959812,1.402978955,28.18221474,28.26583862,27.83942032,27.07759476,26.25720978,25.37774658,24.62994194,24.46056175,24.76478195,25.70342255,26.72301292,27.51343155
GBR,CS150,Holmes Reef South Cay Swim through,-16.49493,147.84932,9.649999784,2.159999952,26.47688866,1.518971322,28.38326836,28.48912048,27.97750664,27.19903564,26.23068237,25.25372887,24.58671951,24.33172417,24.84472847,25.70530701,26.92940521,27.79143715
GBR,CS151,Holmes N Cay anchorage,-16.47592,147.86608,9.629999785,2.209999951,26.47304583,1.517630873,28.37157249,28.48744774,27.97626686,27.20260811,26.2283268,25.25624275,24.58983994,24.32818794,24.83205795,25.70423126,26.91854858,27.78121948
GBR,CS152,Holmes N Cay bommie,-16.46823,147.86472,9.629999785,2.209999951,26.47304583,1.517630873,28.37157249,28.48744774,27.97626686,27.20260811,26.2283268,25.25624275,24.58983994,24.32818794,24.83205795,25.70423126,26.91854858,27.78121948
GBR,CS153,Inner Osprey East,-13.85535,146.62455,11.92999973,2.309999948,26.80614869,1.456880782,28.56427765,28.6871376,28.18603706,27.57954979,26.74291611,25.72291374,25.09527397,24.72717094,25.06098557,25.97254562,27.13588524,28.19909096
GBR,CS154,Inside Osprey NE,-13.854,146.6254,11.92999973,2.309999948,26.80614869,1.456880782,28.56427765,28.6871376,28.18603706,27.57954979,26.74291611,25.72291374,25.09527397,24.72717094,25.06098557,25.97254562,27.13588524,28.19909096
GBR,CS155,Osprey Pass South,-13.8914,146.55312,11.81999974,2.279999949,26.80084912,1.458508911,28.56386566,28.68905067,28.17437553,27.57245445,26.72942162,25.71381187,25.09439468,24.71915817,25.05553627,25.96592522,27.13151932,28.20067596
GBR,CS156,Osprey Pass,-13.88295,146.56243,11.81999974,2.279999949,26.80084912,1.458508911,28.56386566,28.68905067,28.17437553,27.57245445,26.72942162,25.71381187,25.09439468,24.71915817,25.05553627,25.96592522,27.13151932,28.20067596
GBR,CS157,Osprey Pass Channel,-13.8954,146.5576,11.81999974,2.279999949,26.80084912,1.458508911,28.56386566,28.68905067,28.17437553,27.57245445,26.72942162,25.71381187,25.09439468,24.71915817,25.05553627,25.96592522,27.13151932,28.20067596
GBR,CS158,Osprey Castle,-13.87003,146.57765,11.81999974,2.279999949,26.80084912,1.458508911,28.56386566,28.68905067,28.17437553,27.57245445,26.72942162,25.71381187,25.09439468,24.71915817,25.05553627,25.96592522,27.13151932,28.20067596
GBR,CS16,Chilcott NE,-16.92251,150.01143,8.399999812,2.329999948,26.39959812,1.402978955,28.18221474,28.26583862,27.83942032,27.07759476,26.25720978,25.37774658,24.62994194,24.46056175,24.76478195,25.70342255,26.72301292,27.51343155
GBR,CS17,SW South West Islet,-16.97162,149.90476,7.999999821,2.349999947,26.39262597,1.411032317,28.18623352,28.27536774,27.84045601,27.06064796,26.25390625,25.3441658,24.60852814,24.45170212,24.75483704,25.70504189,26.71000671,27.52061844
GBR,CS171,Bougainville Reef southwest,-15.48855,147.0903,10.86999976,2.489999944,26.66940006,1.499745898,28.50741196,28.58748436,28.15273857,27.412323,26.49053192,25.51511765,24.77280235,24.53337288,24.98590088,25.941082,27.1022892,28.03174591
GBR,CS172,Bougainville Reef W central,-15.48253,147.0993,10.86999976,2.489999944,26.66940006,1.499745898,28.50741196,28.58748436,28.15273857,27.412323,26.49053192,25.51511765,24.77280235,24.53337288,24.98590088,25.941082,27.1022892,28.03174591
GBR,CS173,Bougainville Reef lagoon,-15.48885,147.10716,10.64999976,2.499999944,26.67396768,1.496951193,28.49969482,28.58984184,28.15240288,27.42413521,26.49624062,25.52322006,24.78169632,24.53710365,24.99078369,25.95152473,27.10577202,28.0351963
GBR,CS174,Bougainville Reef Lagoon East,-15.48433,147.10759,10.64999976,2.499999944,26.67396768,1.496951193,28.49969482,28.58984184,28.15240288,27.42413521,26.49624062,25.52322006,24.78169632,24.53710365,24.99078369,25.95152473,27.10577202,28.0351963
GBR,CS175,Bougainville Reef point,-15.4908,147.08723,10.86999976,2.489999944,26.66940006,1.499745898,28.50741196,28.58748436,28.15273857,27.412323,26.49053192,25.51511765,24.77280235,24.53337288,24.98590088,25.941082,27.1022892,28.03174591
GBR,CS176,Bougainville Reef inlet,-15.48135,147.10453,10.64999976,2.499999944,26.67396768,1.496951193,28.49969482,28.58984184,28.15240288,27.42413521,26.49624062,25.52322006,24.78169632,24.53710365,24.99078369,25.95152473,27.10577202,28.0351963
GBR,CS177,Osprey Reef Lagoon South,-13.98559,146.69139,12.26999973,2.23999995,26.79841391,1.453904009,28.56278801,28.67809486,28.19598579,27.55884171,26.73082161,25.72173309,25.09301758,24.72239685,25.06388855,25.95789719,27.13068962,28.16481209
GBR,CS178,Osprey South reef flat,-13.99381,146.69067,12.26999973,2.23999995,26.79841391,1.453904009,28.56278801,28.67809486,28.19598579,27.55884171,26.73082161,25.72173309,25.09301758,24.72239685,25.06388855,25.95789719,27.13068962,28.16481209
GBR,CS179,Osprey south bommie,-13.97563,146.67549,12.26999973,2.23999995,26.79841391,1.453904009,28.56278801,28.67809486,28.19598579,27.55884171,26.73082161,25.72173309,25.09301758,24.72239685,25.06388855,25.95789719,27.13068962,28.16481209
GBR,CS18,South West Islet Bommie,-16.96134,149.90547,7.999999821,2.349999947,26.39262597,1.411032317,28.18623352,28.27536774,27.84045601,27.06064796,26.25390625,25.3441658,24.60852814,24.45170212,24.75483704,25.70504189,26.71000671,27.52061844
GBR,CS180,Osprey S W Bommie,-13.96688,146.66721,12.26999973,2.23999995,26.79841391,1.453904009,28.56278801,28.67809486,28.19598579,27.55884171,26.73082161,25.72173309,25.09301758,24.72239685,25.06388855,25.95789719,27.13068962,28.16481209
GBR,CS181,Osprey S E Lagoon,-13.96617,146.6806,12.26999973,2.23999995,26.79841391,1.453904009,28.56278801,28.67809486,28.19598579,27.55884171,26.73082161,25.72173309,25.09301758,24.72239685,25.06388855,25.95789719,27.13068962,28.16481209
GBR,CS182,Osprey Lagoon entrance bommie,-13.89028,146.57249,11.81999974,2.279999949,26.80084912,1.458508911,28.56386566,28.68905067,28.17437553,27.57245445,26.72942162,25.71381187,25.09439468,24.71915817,25.05553627,25.96592522,27.13151932,28.20067596
GBR,CS183,Osprey Lagoon Entrance NW Bommie,-13.88715,146.56733,11.81999974,2.279999949,26.80084912,1.458508911,28.56386566,28.68905067,28.17437553,27.57245445,26.72942162,25.71381187,25.09439468,24.71915817,25.05553627,25.96592522,27.13151932,28.20067596
GBR,CS184,Osprey Reef North Horn,-13.80117,146.54613,11.72999974,2.359999947,26.80534379,1.457273647,28.56645584,28.69410324,28.16267776,27.5825386,26.72924805,25.72034264,25.10920143,24.72167587,25.05405617,25.97464371,27.13842201,28.21076012
GBR,CS185,Ashmore reef lagoon South,-10.44533,144.44918,9.039999798,2.329999948,26.85025056,1.375671951,28.47545433,28.30287552,28.28209114,27.63739395,26.89630699,25.91532326,25.10211754,24.83685875,25.16364479,26.13378716,27.22397804,28.23317528
GBR,CS186,Ashmore South bommie,-10.43422,144.45243,9.489999788,2.359999947,26.85519663,1.375965565,28.48368073,28.31578827,28.29178047,27.63805389,26.90604973,25.92380905,25.11531448,24.84741402,25.15530586,26.13070488,27.22706985,28.22738838
GBR,CS187,Ashmore South lagoon shore,-10.44136,144.45293,9.489999788,2.359999947,26.85519663,1.375965565,28.48368073,28.31578827,28.29178047,27.63805389,26.90604973,25.92380905,25.11531448,24.84741402,25.15530586,26.13070488,27.22706985,28.22738838
GBR,CS188,Ashmore Rf Lagoon Bommie SW,-10.44121,144.43016,9.039999798,2.329999948,26.85025056,1.375671951,28.47545433,28.30287552,28.28209114,27.63739395,26.89630699,25.91532326,25.10211754,24.83685875,25.16364479,26.13378716,27.22397804,28.23317528
GBR,CS189,Ashmore Rf Lagoon SW,-10.44697,144.43347,9.039999798,2.329999948,26.85025056,1.375671951,28.47545433,28.30287552,28.28209114,27.63739395,26.89630699,25.91532326,25.10211754,24.83685875,25.16364479,26.13378716,27.22397804,28.23317528
GBR,CS190,Ashmore Reef lagoon east entrance,-10.29918,144.5215,9.599999785,2.499999944,26.86154461,1.356393227,28.45208168,28.36880112,28.26181221,27.6391983,26.91089821,25.95889091,25.13698959,24.89119339,25.17126846,26.16324425,27.20582771,28.17832947
GBR,CS191,Ashmore Rf Lagoon East Bommie,-10.37448,144.53391,9.889999779,2.419999946,26.85943858,1.370277924,28.47990417,28.3433876,28.28833961,27.63637161,26.91171455,25.9386673,25.12874031,24.86797142,25.15364838,26.13969803,27.21935654,28.20546341
GBR,CS193,Boot Rf Wall,-10.03875,144.69198,11.22999975,2.67999994,26.93708738,1.339617736,28.46976852,28.44974518,28.25564766,27.70543861,26.98829079,26.06278038,25.24101257,24.95113945,25.26244545,26.26550674,27.32054138,28.27273178
GBR,CS195,Ashmore North East Entrance,-10.21767,144.5954,10.08999977,2.579999942,26.87410704,1.352865153,28.45299721,28.39409637,28.26416397,27.6483078,26.92671013,25.97350693,25.15509605,24.90917969,25.18007469,26.18465233,27.22177505,28.17872429
GBR,CS197,Ashmore NE Bommie,-10.22733,144.58955,10.08999977,2.579999942,26.87410704,1.352865153,28.45299721,28.39409637,28.26416397,27.6483078,26.92671013,25.97350693,25.15509605,24.90917969,25.18007469,26.18465233,27.22177505,28.17872429
GBR,CS198,Ashmore NE Lagoon,-10.23257,144.58684,10.08999977,2.579999942,26.87410704,1.352865153,28.45299721,28.39409637,28.26416397,27.6483078,26.92671013,25.97350693,25.15509605,24.90917969,25.18007469,26.18465233,27.22177505,28.17872429
GBR,CS2,Brodie Cay NW,-19.28441,152.21197,3.049999932,1.859999958,25.77992646,1.537101042,27.59571457,27.81085968,27.32761192,26.66254044,25.75779915,24.65338707,23.89141655,23.52952957,23.95368004,25.04765701,26.122509,27.00641251
GBR,CS20,Cato Bommies,-23.24725,155.53484,0,2.209999951,24.52888711,1.707727245,26.84804344,26.69180107,26.14789963,25.57161903,24.56403542,23.50768852,22.50357628,22.19320869,22.40988922,23.39816284,24.5886879,25.92203331
GBR,CS200,Ashmore Reef NW slope,-10.11558,144.45777,10.75999976,2.66999994,26.87723176,1.335321796,28.41783714,28.37707901,28.22650337,27.66456413,26.92898941,26.00663185,25.15903473,24.91282082,25.23048592,26.20267487,27.22164345,28.17851639
GBR,CS204,Boot Rock NW,-10.10505,144.68513,10.83999976,2.659999941,26.91428947,1.350662576,28.47512054,28.43776703,28.27803993,27.68353844,26.96684074,26.01703644,25.20407486,24.93574142,25.22054672,26.2355442,27.28116226,28.2360611
GBR,CS207,Boot Reef Longiceps Point,-9.96837,144.69456,11.41999974,2.68999994,26.94730139,1.335212772,28.46889496,28.45705414,28.24040604,27.71546173,26.9980278,26.08209419,25.25865746,24.95809555,25.27793312,26.2793541,27.34004021,28.29159737
GBR,CS208,Boot Reef Lagoon E,-9.98877,144.6913,11.41999974,2.68999994,26.94730139,1.335212772,28.46889496,28.45705414,28.24040604,27.71546173,26.9980278,26.08209419,25.25865746,24.95809555,25.27793312,26.2793541,27.34004021,28.29159737
GBR,CS209,Boot Reef Lagoon W,-9.97456,144.694,11.41999974,2.68999994,26.94730139,1.335212772,28.46889496,28.45705414,28.24040604,27.71546173,26.9980278,26.08209419,25.25865746,24.95809555,25.27793312,26.2793541,27.34004021,28.29159737
GBR,CS21,Cato Lagoon 1,-23.25288,155.55157,0,2.209999951,24.5015521,1.712073673,26.82969856,26.6728611,26.12661934,25.53635979,24.55033684,23.49220276,22.47520447,22.15865898,22.36916924,23.36578178,24.54692841,25.894804
GBR,CS211,Kate's Garden,-10.14414,144.57626,10.66999976,2.67999994,26.892989,1.340376779,28.44010735,28.40600395,28.24790192,27.67082977,26.94843674,26.01302147,25.18183899,24.9277401,25.22218895,26.21567917,27.24686813,28.19525146
GBR,CS212,Ashmore Reef NE bommy,-10.14587,144.57013,10.66999976,2.67999994,26.892989,1.340376779,28.44010735,28.40600395,28.24790192,27.67082977,26.94843674,26.01302147,25.18183899,24.9277401,25.22218895,26.21567917,27.24686813,28.19525146
GBR,CS22,Cato Lagoon South,-23.25491,155.55458,0,2.209999951,24.5015521,1.712073673,26.82969856,26.6728611,26.12661934,25.53635979,24.55033684,23.49220276,22.47520447,22.15865898,22.36916924,23.36578178,24.54692841,25.894804
GBR,CS23,Cato North,-23.24037,155.55701,0,2.189999951,24.51579682,1.707610825,26.8329277,26.67802048,26.14003754,25.55498123,24.55920601,23.50468826,22.49036026,22.17710876,22.3944664,23.37962532,24.57587433,25.90226555
GBR,CS24,Cato Entrance,-23.24474,155.54233,0,2.209999951,24.52888711,1.707727245,26.84804344,26.69180107,26.14789963,25.57161903,24.56403542,23.50768852,22.50357628,22.19320869,22.40988922,23.39816284,24.5886879,25.92203331
GBR,CS25,Cato Passage,-23.244,155.54893,0,2.209999951,24.52888711,1.707727245,26.84804344,26.69180107,26.14789963,25.57161903,24.56403542,23.50768852,22.50357628,22.19320869,22.40988922,23.39816284,24.5886879,25.92203331
GBR,CS3,Brodie Cay SE,-19.28476,152.22077,3.049999932,1.859999958,25.77992646,1.537101042,27.59571457,27.81085968,27.32761192,26.66254044,25.75779915,24.65338707,23.89141655,23.52952957,23.95368004,25.04765701,26.122509,27.00641251
GBR,CS31,Bird Lagoon,-22.17677,155.47404,0.159999996,2.259999949,24.90567207,1.595313461,26.90298462,26.96540833,26.46471977,25.94218826,24.84247398,23.81990433,22.95300865,22.71605682,22.94767761,24.0104084,25.05153084,26.25170326
GBR,CS32,Bird Reef Hole,-22.17306,155.47695,0.159999996,2.259999949,24.90567207,1.595313461,26.90298462,26.96540833,26.46471977,25.94218826,24.84247398,23.81990433,22.95300865,22.71605682,22.94767761,24.0104084,25.05153084,26.25170326
GBR,CS33,Bird North Bommie,-22.16356,155.45378,0.159999996,2.259999949,24.90567207,1.595313461,26.90298462,26.96540833,26.46471977,25.94218826,24.84247398,23.81990433,22.95300865,22.71605682,22.94767761,24.0104084,25.05153084,26.25170326
GBR,CS34,Bird Inner West,-22.17084,155.45462,0.159999996,2.259999949,24.90567207,1.595313461,26.90298462,26.96540833,26.46471977,25.94218826,24.84247398,23.81990433,22.95300865,22.71605682,22.94767761,24.0104084,25.05153084,26.25170326
GBR,CS35,Bird NW Bommie,-22.16866,155.45081,0.159999996,2.259999949,24.90567207,1.595313461,26.90298462,26.96540833,26.46471977,25.94218826,24.84247398,23.81990433,22.95300865,22.71605682,22.94767761,24.0104084,25.05153084,26.25170326
GBR,CS36,Porpoise North,-22.1854,155.36165,0.159999996,2.199999951,24.92428811,1.591256706,26.9158783,26.98642731,26.47520256,25.9585762,24.85681534,23.84310341,22.96786118,22.7396946,22.97159386,24.04607201,25.07197189,26.25826073
GBR,CS38,Porpoise Anchorage,-22.18586,155.35576,0.159999996,2.199999951,24.92428811,1.591256706,26.9158783,26.98642731,26.47520256,25.9585762,24.85681534,23.84310341,22.96786118,22.7396946,22.97159386,24.04607201,25.07197189,26.25826073
GBR,CS39,Porpoise Lagoon,-22.18985,155.35547,0.159999996,2.199999951,24.92428811,1.591256706,26.9158783,26.98642731,26.47520256,25.9585762,24.85681534,23.84310341,22.96786118,22.7396946,22.97159386,24.04607201,25.07197189,26.25826073
GBR,CS4,Paget Cay Bommie,-19.23026,152.32594,3.379999924,1.859999958,25.77003495,1.532849689,27.56447792,27.81147766,27.33115768,26.64099693,25.76507759,24.6437149,23.89092636,23.533144,23.94841003,25.0316124,26.0864048,26.9930191
GBR,CS41,Wreck North,-22.1977,155.29443,0.149999997,2.129999952,24.95041847,1.590674542,26.94441223,27.02098274,26.49308777,25.98088646,24.86493874,23.87326431,22.98504448,22.76379013,23.00538445,24.08981133,25.10292816,26.28049088
GBR,CS42,Hilton Pool,-22.18602,155.17601,0.149999997,2.119999953,24.98541991,1.594147576,26.98538399,27.08129311,26.52712059,26.00794983,24.86938858,23.89882851,23.00549126,22.79691696,23.05090141,24.13896179,25.15530014,26.30750275
GBR,CS44,NW Wreck Reef,-22.17629,155.16463,0.149999997,2.119999953,24.98541991,1.594147576,26.98538399,27.08129311,26.52712059,26.00794983,24.86938858,23.89882851,23.00549126,22.79691696,23.05090141,24.13896179,25.15530014,26.30750275
GBR,CS45,North Wreck Reef,-22.17583,155.17796,0.149999997,2.119999953,24.98541991,1.594147576,26.98538399,27.08129311,26.52712059,26.00794983,24.86938858,23.89882851,23.00549126,22.79691696,23.05090141,24.13896179,25.15530014,26.30750275
GBR,CS47,Saumarez egg seasnake,-21.89659,153.5935,0.479999989,1.909999957,25.49456914,1.617016724,27.5569191,27.64107513,27.01369858,26.30916786,25.36839485,24.26839828,23.45959663,23.23422623,23.63995743,24.70128441,25.84424782,26.89786339
GBR,CS48,Saumarez SW reef cay,-21.89729,153.53757,0.339999992,1.899999958,25.52852774,1.625742406,27.59935379,27.68829918,27.04943466,26.34583473,25.40069962,24.28636551,23.47998238,23.25629807,23.66751671,24.73863602,25.8850193,26.94489288
GBR,CS5,Paget Cay South East,-19.25323,152.3482,3.319999926,1.869999958,25.76926502,1.536686461,27.57390976,27.80845642,27.33064461,26.64018631,25.76353073,24.64631271,23.88602829,23.52777672,23.93779564,25.02197456,26.09520149,26.99936295
GBR,CS50,Saumarez SW,-21.91736,153.57968,0.189999996,1.919999957,25.48824565,1.621326193,27.54903984,27.64962959,27.01177406,26.30513382,25.35642433,24.2508049,23.45078468,23.21980286,23.63529778,24.69451332,25.84243774,26.89330482
GBR,CS51,Saumarez stripe seasnake,-21.91631,153.58669,0.189999996,1.919999957,25.48824565,1.621326193,27.54903984,27.64962959,27.01177406,26.30513382,25.35642433,24.2508049,23.45078468,23.21980286,23.63529778,24.69451332,25.84243774,26.89330482
GBR,CS52,Kenn Reef anchorage bommie,-21.25707,155.7542,1.579999965,2.109999953,25.03076506,1.582243496,26.96121216,27.15368271,26.59222603,26.04673958,25.03894043,23.97299957,23.11106682,22.88894653,23.03068733,24.07703781,25.24539566,26.25024605
GBR,CS54,Kenn Reef bommie,-21.25459,155.75466,1.579999965,2.109999953,25.03076506,1.582243496,26.96121216,27.15368271,26.59222603,26.04673958,25.03894043,23.97299957,23.11106682,22.88894653,23.03068733,24.07703781,25.24539566,26.25024605
GBR,CS55,Kenn Labyrinth,-21.2535,155.76086,1.579999965,2.109999953,25.03076506,1.582243496,26.96121216,27.15368271,26.59222603,26.04673958,25.03894043,23.97299957,23.11106682,22.88894653,23.03068733,24.07703781,25.24539566,26.25024605
GBR,CS56,Kenn Reef rubble,-21.248,155.76361,1.76999996,2.019999955,25.03943125,1.581462563,26.96956444,27.15874863,26.61042976,26.05952454,25.06045151,23.99030495,23.12800217,22.90122223,23.02938843,24.07888031,25.24071884,26.24593925
GBR,CS57,Kenn Cave,-21.24541,155.76497,1.76999996,2.019999955,25.03943125,1.581462563,26.96956444,27.15874863,26.61042976,26.05952454,25.06045151,23.99030495,23.12800217,22.90122223,23.02938843,24.07888031,25.24071884,26.24593925
GBR,CS58,Kenn Reef North Cay bommie,-21.19993,155.76575,2.139999952,1.949999956,25.05050675,1.580581868,26.97984886,27.16570854,26.63414955,26.0685997,25.0823307,24.00888252,23.14559746,22.91760254,23.03151512,24.08426666,25.24151039,26.24606895
GBR,CS6,Paget Cay South,-19.25796,152.34184,3.319999926,1.869999958,25.76926502,1.536686461,27.57390976,27.80845642,27.33064461,26.64018631,25.76353073,24.64631271,23.88602829,23.52777672,23.93779564,25.02197456,26.09520149,26.99936295
GBR,CS60,Kenn Reef North Cay,-21.20282,155.77281,1.76999996,2.019999955,25.03943125,1.581462563,26.96956444,27.15874863,26.61042976,26.05952454,25.06045151,23.99030495,23.12800217,22.90122223,23.02938843,24.07888031,25.24071884,26.24593925
GBR,CS61,Kenn Reef Pipeline,-21.20865,155.76982,1.76999996,2.019999955,25.03943125,1.581462563,26.96956444,27.15874863,26.61042976,26.05952454,25.06045151,23.99030495,23.12800217,22.90122223,23.02938843,24.07888031,25.24071884,26.24593925
GBR,CS63,Frederick Passage,-21.0003,154.3944,3.999999911,2.089999953,25.36478917,1.546801539,27.25406075,27.45256805,26.97151375,26.24101257,25.37488747,24.34996796,23.5200634,23.2131176,23.41273689,24.48664474,25.57270622,26.52819061
GBR,CS64,Fredrick Central Bommie,-20.99787,154.39374,3.639999919,2.059999954,25.36887153,1.545633988,27.25363541,27.46206856,26.97822762,26.25202942,25.38204575,24.36100578,23.52787781,23.22117043,23.4156189,24.48533821,25.56910896,26.51833153
GBR,CS65,Fredrick central reef,-21.0065,154.39197,3.999999911,2.089999953,25.36478917,1.546801539,27.25406075,27.45256805,26.97151375,26.24101257,25.37488747,24.34996796,23.5200634,23.2131176,23.41273689,24.48664474,25.57270622,26.52819061
GBR,CS7,Weather Station Inner Reef,-19.1254,152.38809,4.189999906,1.939999957,25.78950675,1.523375113,27.56491661,27.83438492,27.36501122,26.65364456,25.7841568,24.66614723,23.92144966,23.57591057,23.98449898,25.06129074,26.07076263,26.99190712
GBR,CS71,Quay West Bommie,-21.020283,154.3699,3.999999911,2.089999953,25.36478917,1.546801539,27.25406075,27.45256805,26.97151375,26.24101257,25.37488747,24.34996796,23.5200634,23.2131176,23.41273689,24.48664474,25.57270622,26.52819061
GBR,CS72,Fredrick Observatory Cay,-21.02036,154.37269,3.999999911,2.089999953,25.36478917,1.546801539,27.25406075,27.45256805,26.97151375,26.24101257,25.37488747,24.34996796,23.5200634,23.2131176,23.41273689,24.48664474,25.57270622,26.52819061
GBR,CS73,North Fredrick Bommie,-20.93697,154.39572,3.57999992,2.029999955,25.37470881,1.544985853,27.25667381,27.47108841,26.98718262,26.26585388,25.38848877,24.3708725,23.53675652,23.23129272,23.41873741,24.48814392,25.56801605,26.51339912
GBR,CS74,Frederick Lighthouse,-20.93624,154.39723,3.57999992,2.029999955,25.37470881,1.544985853,27.25667381,27.47108841,26.98718262,26.26585388,25.38848877,24.3708725,23.53675652,23.23129272,23.41873741,24.48814392,25.56801605,26.51339912
GBR,CS8,Carola Cay,-19.09532,152.38714,4.569999898,1.969999956,25.80238469,1.517524818,27.56686783,27.84456444,27.38397026,26.66428757,25.7915802,24.68253899,23.93895721,23.59934235,24.00798035,25.08392143,26.0729866,26.99161911
GBR,CS9,NE Herald Cay NE,-16.921938,149.200022,8.9399998,2.069999954,26.42659076,1.459770663,28.21845055,28.3393116,27.88589096,27.12786674,26.33023643,25.28502464,24.58032799,24.40891457,24.71573448,25.73542213,26.79318047,27.69872856
GBR,GBR16,Tryon Island south,-23.24659,151.77309,0,1.679999962,24.13349517,2.238593271,26.88356209,27.21570778,26.47575951,25.40156555,24.06394196,22.58464622,21.43727303,21.02615547,21.5190773,22.79676819,24.33952522,25.85795975
GBR,GBR17,Tryon Island south west,-23.24371,151.77568,0,1.679999962,24.13349517,2.238593271,26.88356209,27.21570778,26.47575951,25.40156555,24.06394196,22.58464622,21.43727303,21.02615547,21.5190773,22.79676819,24.33952522,25.85795975
GBR,GBR2,Lady Musgrave Lagoon N,-23.89878,152.41618,0.759999983,1.729999961,24.22214492,2.086426047,26.74598503,27.11719322,26.43082809,25.53039932,24.32459259,22.891922,21.6800518,21.35692215,21.72749519,22.88542747,24.31263161,25.66229057
GBR,GBR24,Hook Reef Passage,-19.81261,149.13292,2.609999942,2.169999951,25.44409704,2.163958175,27.95905113,28.15760612,27.56895065,26.58052444,25.23487663,23.49841118,22.39482117,22.32033539,23.27731323,24.79184341,26.28333282,27.26209831
GBR,GBR25,Hook Reef1,-19.81349,149.13617,2.609999942,2.169999951,25.44409704,2.163958175,27.95905113,28.15760612,27.56895065,26.58052444,25.23487663,23.49841118,22.39482117,22.32033539,23.27731323,24.79184341,26.28333282,27.26209831
GBR,GBR3,Lady Musgrave West central,-23.89929,152.39361,0.599999987,1.699999962,24.16806157,2.117604359,26.73000145,27.09435844,26.41162872,25.48651314,24.26955032,22.81002235,21.57128143,21.25115204,21.64270592,22.8365345,24.27523422,25.63775635
GBR,GBR39,Cod Hole,-14.66452,145.6632,11.48999974,2.519999944,26.42423932,1.646465214,28.40141678,28.55389786,28.12742615,27.19143486,26.11449051,25.00069427,24.34497833,24.11315346,24.67476082,25.68671036,26.97927094,27.90263748
GBR,GBR41,Tydeman Cay anchorage,-13.97733,144.50067,7.759999827,2.379999947,26.38615449,1.73413239,28.49599648,28.55250359,28.06734848,27.22332382,26.00112343,24.72652054,24.12792969,23.99168205,24.63092804,25.72791672,27.05683136,28.03174973
GBR,GBR42,Tydeman Rf W,-13.98066,144.50024,7.759999827,2.379999947,26.38615449,1.73413239,28.49599648,28.55250359,28.06734848,27.22332382,26.00112343,24.72652054,24.12792969,23.99168205,24.63092804,25.72791672,27.05683136,28.03174973
GBR,GBR45,Forbes Island west boulders,-12.28595,143.40371,9.349999791,2.409999946,26.68538857,1.781573286,28.87915802,28.6463356,28.33586884,27.51861382,26.30788422,25.14633179,24.29670525,24.08947945,24.86734962,26.06863785,27.50592804,28.5623703
GBR,GBR46,Forbes Island NE,-12.28241,143.41092,9.349999791,2.409999946,26.68538857,1.781573286,28.87915802,28.6463356,28.33586884,27.51861382,26.30788422,25.14633179,24.29670525,24.08947945,24.86734962,26.06863785,27.50592804,28.5623703
GBR,GBR47,Forbes Island bommie,-12.28121,143.40709,9.349999791,2.409999946,26.68538857,1.781573286,28.87915802,28.6463356,28.33586884,27.51861382,26.30788422,25.14633179,24.29670525,24.08947945,24.86734962,26.06863785,27.50592804,28.5623703
GBR,GBR48,Forbes Island Bommie West,-12.28091,143.40302,9.349999791,2.409999946,26.68538857,1.781573286,28.87915802,28.6463356,28.33586884,27.51861382,26.30788422,25.14633179,24.29670525,24.08947945,24.86734962,26.06863785,27.50592804,28.5623703
GBR,GBR49,Forbes Island Isthmus Rf,-12.29055,143.40232,9.349999791,2.409999946,26.68538857,1.781573286,28.87915802,28.6463356,28.33586884,27.51861382,26.30788422,25.14633179,24.29670525,24.08947945,24.86734962,26.06863785,27.50592804,28.5623703
GBR,GBR51,Seven Reefs east,-10.28793,143.71759,3.709999917,2.059999954,26.87313843,1.42997597,28.64161491,28.40604019,28.18859291,27.72849846,26.95055389,25.92228127,25.04887009,24.73723984,25.18154716,26.08862686,27.24946404,28.33433151
GBR,GBR52,Seven Reefs Anchorage,-10.2875,143.70978,3.709999917,2.059999954,26.87313843,1.42997597,28.64161491,28.40604019,28.18859291,27.72849846,26.95055389,25.92228127,25.04887009,24.73723984,25.18154716,26.08862686,27.24946404,28.33433151
GBR,GBR53,Salamander Reef,-11.76571,143.65005,8.759999804,2.289999949,26.71697537,1.619046425,28.71626091,28.55578041,28.27160835,27.49211311,26.48078918,25.4410038,24.66584587,24.38493347,24.90797997,25.98482323,27.24833298,28.45423317
GBR,GBR54,Two Hour Reef,-12.16237,143.64859,6.879999846,2.149999952,26.6426096,1.654439331,28.69185257,28.49976349,28.19542122,27.48191833,26.3776226,25.30811882,24.51063538,24.21872902,24.85336494,25.92557335,27.29239655,28.35591888
GBR,GBR55,Lagoon Reef Inner NW,-12.38375,143.76197,8.399999812,2.159999952,26.56212425,1.560544339,28.44525337,28.37503624,28.09260178,27.44781876,26.34192848,25.35518074,24.61902809,24.29614639,24.81180954,25.75154305,27.0950985,28.1140461
GBR,GBR56,Lagoon Reef Outer NW,-12.38175,143.75672,8.399999812,2.159999952,26.56212425,1.560544339,28.44525337,28.37503624,28.09260178,27.44781876,26.34192848,25.35518074,24.61902809,24.29614639,24.81180954,25.75154305,27.0950985,28.1140461
GBR,GBR57,Lagoon Reef Inner E,-12.38391,143.772,8.399999812,2.159999952,26.56212425,1.560544339,28.44525337,28.37503624,28.09260178,27.44781876,26.34192848,25.35518074,24.61902809,24.29614639,24.81180954,25.75154305,27.0950985,28.1140461
GBR,GBR58,Burke Reef,-12.62531,143.58327,7.16999984,2.129999952,26.58988333,1.727382966,28.62792397,28.55369949,28.25186157,27.47825623,26.19076347,25.10936737,24.29185486,24.08541298,24.81965256,25.93138313,27.36148453,28.37693977
GBR,GBR59,Shark Reef,-12.87385,143.8151,8.289999815,2.24999995,26.5309329,1.610975137,28.41186142,28.49404716,28.11262512,27.39748955,26.25957108,25.19595337,24.48817825,24.21523094,24.7788372,25.78200531,27.10814285,28.12725258
GBR,GBR60,Shark Reef Gardens,-12.87695,143.82034,8.289999815,2.24999995,26.5309329,1.610975137,28.41186142,28.49404716,28.11262512,27.39748955,26.25957108,25.19595337,24.48817825,24.21523094,24.7788372,25.78200531,27.10814285,28.12725258
GBR,GBR62,Crocodile Bommie,-13.8185,144.28213,9.489999788,2.399999946,26.37396208,1.69500574,28.40830994,28.47331047,28.05890846,27.20286751,26.03917885,24.8331089,24.19083786,24.0422287,24.58114433,25.63516617,27.01355743,28.00892639
GBR,GBR63,Surprise Reef,-13.99527,144.68397,8.669999806,2.419999946,26.40330505,1.696710194,28.47952843,28.54436874,28.04354477,27.24186134,26.00654411,24.78898239,24.22121048,24.07773209,24.65615845,25.74225044,27.03527641,28.00220299
GBR,GBR64,Surprise Reef Paradise,-13.98947,144.67643,8.669999806,2.419999946,26.40330505,1.696710194,28.47952843,28.54436874,28.04354477,27.24186134,26.00654411,24.78898239,24.22121048,24.07773209,24.65615845,25.74225044,27.03527641,28.00220299
GBR,GBR65,Surprise Reef Rubble,-14.0108,144.71335,8.849999802,2.489999944,26.37069448,1.734666723,28.48238564,28.55352211,28.0461731,27.2215004,25.94214821,24.68632126,24.11682129,23.98919868,24.61970139,25.74687958,27.03859711,28.00508499
GBR,GBR67,Day Reef Inner,-14.51742,145.5309,10.75999976,2.469999945,26.38678122,1.683552475,28.39516258,28.57003403,28.09577751,27.18111038,26.03052902,24.86640167,24.20651627,24.04901123,24.6558094,25.69397163,26.98056221,27.91648865
GBR,GBR70,Low Isles 1,-16.3835,145.571,2.619999941,2.759999938,26.09323486,2.14414049,28.62414932,28.8501606,28.12739754,26.81919289,25.41893387,23.75680733,23.01680565,23.20695686,24.30492592,25.76207542,27.26387215,27.96754074
GBR,NQ3,Eel Reef North,-12.40092,143.37201,9.989999777,2.609999942,26.67141199,1.804604107,28.85019493,28.64756584,28.36271858,27.52168465,26.21255112,25.09124565,24.21901131,24.05317688,24.87548828,26.08449173,27.55399895,28.58481598
GBR,QLD100,Murray Channel,-9.95826,144.15061,6.849999847,2.279999949,26.82760763,1.304004888,28.29832649,28.26794243,28.11017609,27.67132568,26.96363831,26.01172638,25.15987587,24.86751938,25.23205185,26.09670258,27.15273666,28.09926987
GBR,QLD103,Waier Island,-9.9513,144.03178,3.179999929,2.109999953,26.8595171,1.315718508,28.37594986,28.30616951,28.08934593,27.72213364,27.02029419,26.04367638,25.17548561,24.88286591,25.24188423,26.1122818,27.19080734,28.15331078
GBR,QLD105,The Maze Channel,-10.06687,143.86969,2.869999936,2.209999951,26.88307524,1.359701624,28.50632668,28.35506439,28.11852074,27.75068665,27.02716064,26.02300262,25.13852119,24.84222031,25.22631836,26.12979507,27.23607254,28.24321365
GBR,QLD106,The Maze Anchorage,-10.0696,143.87544,2.869999936,2.209999951,26.88307524,1.359701624,28.50632668,28.35506439,28.11852074,27.75068665,27.02716064,26.02300262,25.13852119,24.84222031,25.22631836,26.12979507,27.23607254,28.24321365
GBR,QLD110,Round Maze,-10.0599,143.883,2.869999936,2.209999951,26.88307524,1.359701624,28.50632668,28.35506439,28.11852074,27.75068665,27.02716064,26.02300262,25.13852119,24.84222031,25.22631836,26.12979507,27.23607254,28.24321365
GBR,QLD112,Dugong Island,-10.52274,143.09259,10.69999976,2.619999941,27.08455435,1.643922755,29.04411888,28.86700249,28.47256279,27.96456909,27.00403404,25.82175636,24.89017677,24.60308456,25.29156303,26.36139679,27.84277534,28.85161209
GBR,QLD15,Clam Bay,-23.18711,150.98134,0.519999988,2.21999995,23.76867263,2.910898252,27.38589287,27.47215271,26.35798454,24.98213005,23.08477211,20.98744774,19.64167213,19.60757828,21.11987686,23.21116066,24.98130417,26.39209938
GBR,QLD18,Alcyonaria Point,-20.06494,148.92328,3.319999926,2.279999949,25.2347037,2.3651324,27.92656136,28.17804337,27.54712868,26.45117569,24.97512436,23.00565147,21.88188553,21.85356522,22.89005852,24.5882225,26.24913597,27.26989174
GBR,QLD20,Blue Pearl Bay,-20.04033,148.88061,3.359999925,2.309999948,25.28425392,2.355808973,27.97875404,28.20998955,27.5785141,26.49618912,25.02026749,23.06456947,21.94553375,21.91286659,22.95371819,24.64224434,26.29357338,27.31482697
GBR,QLD46,Blue Lagoon Channel,-14.68717,145.46565,8.609999808,2.579999942,26.27208328,1.813280697,28.46834946,28.5663147,28.062397,27.08089828,25.86011696,24.56099701,23.82476616,23.74894333,24.48904419,25.67309952,27.02688408,27.90318871
GBR,QLD47,Horseshoe Reef,-14.68708,145.44327,8.629999807,2.609999942,26.24372784,1.859604363,28.49656868,28.583601,28.05591011,27.0579052,25.79767418,24.44810295,23.70228004,23.66000557,24.45584106,25.68772316,27.05681801,27.92230415
GBR,QLD50,Osprey Island,-14.66541,145.44227,8.629999807,2.609999942,26.24372784,1.859604363,28.49656868,28.583601,28.05591011,27.0579052,25.79767418,24.44810295,23.70228004,23.66000557,24.45584106,25.68772316,27.05681801,27.92230415
GBR,QLD51,Watsons Bay north,-14.65706,145.45076,8.609999808,2.579999942,26.27208328,1.813280697,28.46834946,28.5663147,28.062397,27.08089828,25.86011696,24.56099701,23.82476616,23.74894333,24.48904419,25.67309952,27.02688408,27.90318871
GBR,QLD52,Watsons-Turtle Reef,-14.65528,145.45049,8.609999808,2.579999942,26.27208328,1.813280697,28.46834946,28.5663147,28.062397,27.08089828,25.86011696,24.56099701,23.82476616,23.74894333,24.48904419,25.67309952,27.02688408,27.90318871
GBR,QLD54,Cobia Hole,-14.65101,145.44851,8.629999807,2.609999942,26.24372784,1.859604363,28.49656868,28.583601,28.05591011,27.0579052,25.79767418,24.44810295,23.70228004,23.66000557,24.45584106,25.68772316,27.05681801,27.92230415
GBR,QLD55,Mermaid Cove north,-14.6461,145.45386,9.509999787,2.529999943,26.29618645,1.784165584,28.44956207,28.56564522,28.06884193,27.10508919,25.89927101,24.62442017,23.90371704,23.81734467,24.52832603,25.67576027,27.01079369,27.90546608
GBR,QLD57,Mermaid dropoff north,-14.64524,145.45471,9.509999787,2.529999943,26.29618645,1.784165584,28.44956207,28.56564522,28.06884193,27.10508919,25.89927101,24.62442017,23.90371704,23.81734467,24.52832603,25.67576027,27.01079369,27.90546608
GBR,QLD60,Chicken Reef,-18.66084,147.70284,4.099999908,2.189999951,25.95919832,1.872189048,28.2194252,28.36659813,27.80790329,26.90265274,25.72859192,24.25576401,23.42984581,23.3378849,24.03396034,25.27744675,26.59651947,27.55378723
GBR,QLD61,Chicken Reef East,-18.661726,147.723103,4.099999908,2.189999951,25.95919832,1.872189048,28.2194252,28.36659813,27.80790329,26.90265274,25.72859192,24.25576401,23.42984581,23.3378849,24.03396034,25.27744675,26.59651947,27.55378723
GBR,QLD62,Chicken Reef NW,-18.65153,147.70988,4.099999908,2.189999951,25.95919832,1.872189048,28.2194252,28.36659813,27.80790329,26.90265274,25.72859192,24.25576401,23.42984581,23.3378849,24.03396034,25.27744675,26.59651947,27.55378723
GBR,QLD7,Monkey Point,-23.1957,150.937484,0.529999988,2.179999951,23.76151212,2.943617305,27.42234993,27.48526382,26.34606361,24.95389366,23.01611519,20.90424347,19.5512867,19.55218315,21.1596489,23.27132797,25.04583931,26.42992973
GBR,QLD72,Swains SE,-22.38397,152.5349,0.319999993,1.629999964,24.79526997,2.107134633,27.35380554,27.56196404,26.90248299,26.04661942,24.83901405,23.40451241,22.23002243,21.7080574,22.2142601,23.71196938,25.15660667,26.41392517
Ningaloo,NMP-BF1,Bundegi,-21.83921,114.17564,0,3.709999917,24.91309786,2.051094123,25.74858665,27.20749092,27.95412445,27.73997307,26.42549706,24.81998825,23.52083206,22.50419807,22.54626846,22.66698456,23.47261238,24.35061836
Ningaloo,NMP-BF2,Bundegi SZ North,-21.85245,114.16954,0,3.629999919,24.83429273,2.1197862,25.89728546,27.29984093,28.00344849,27.6303463,26.20591736,24.59608841,23.29668617,22.24481964,22.31739235,22.58655548,23.48835373,24.44477844
Ningaloo,NMP-BF3,Bundegi SZ South,-21.86648,114.15926,0,3.629999919,24.83429273,2.1197862,25.89728546,27.29984093,28.00344849,27.6303463,26.20591736,24.59608841,23.29668617,22.24481964,22.31739235,22.58655548,23.48835373,24.44477844
Ningaloo,NMP-BF4,Bundegi RZ,-21.83633,114.17777,0,3.709999917,24.91309786,2.051094123,25.74858665,27.20749092,27.95412445,27.73997307,26.42549706,24.81998825,23.52083206,22.50419807,22.54626846,22.66698456,23.47261238,24.35061836
Ningaloo,NMP-C1,Monck Head,-23.17701,113.75987,0,2.619999941,24.07359584,1.840379556,24.23204994,25.69395256,26.53189278,26.69993591,26.13121986,24.67750168,23.37591362,22.27685356,21.94477081,21.78556824,22.47590828,23.05758286
Ningaloo,NMP-C3,Coral Bay Central,-23.14152,113.75364,0,2.68999994,24.11945502,1.847096814,24.2714138,25.75346565,26.58766365,26.75812721,26.18256187,24.71614838,23.41525459,22.31813812,21.98134804,21.82525444,22.51615524,23.10792923
Ningaloo,NMP-C4,Yalobia Passage,-23.19995,113.76354,0,2.619999941,24.07359584,1.840379556,24.23204994,25.69395256,26.53189278,26.69993591,26.13121986,24.67750168,23.37591362,22.27685356,21.94477081,21.78556824,22.47590828,23.05758286
Ningaloo,NMP-P2,Pelican Nth,-23.31925,113.7807,0,2.499999944,23.94850858,1.823494628,24.13640404,25.5563488,26.38140869,26.53309059,25.98311043,24.56225967,23.24785614,22.15063095,21.82771873,21.68453789,22.36757469,22.95116234
Ningaloo,NMP-S1,Dugong,-22.86905,113.76443,0,2.999999933,24.31357638,1.869252865,24.43651009,25.97698593,26.81945229,27.00058937,26.40668297,24.87886047,23.57414055,22.50178146,22.14455223,22.00956154,22.69408417,23.3197155
Ningaloo,NMP-S2,Bruboodjoo,-22.92875,113.77937,0,2.899999935,24.27280601,1.865365132,24.40819359,25.94038963,26.77231216,26.9465313,26.35586739,24.83824921,23.53556824,22.45446968,22.10378838,21.97170067,22.66179848,23.28480339
Ningaloo,NMP-S3,Coral Bay DEC1,-23.12872,113.75232,0,2.68999994,24.11945502,1.847096814,24.2714138,25.75346565,26.58766365,26.75812721,26.18256187,24.71614838,23.41525459,22.31813812,21.98134804,21.82525444,22.51615524,23.10792923
Ningaloo,NMP-S4,Pelican,-23.33246,113.77923,0,2.499999944,23.94850858,1.823494628,24.13640404,25.5563488,26.38140869,26.53309059,25.98311043,24.56225967,23.24785614,22.15063095,21.82771873,21.68453789,22.36757469,22.95116234
Ningaloo,NMP1,Point Maud Outer,-23.11234,113.75042,0,2.68999994,24.11945502,1.847096814,24.2714138,25.75346565,26.58766365,26.75812721,26.18256187,24.71614838,23.41525459,22.31813812,21.98134804,21.82525444,22.51615524,23.10792923
Ningaloo,NMP10,Maud RZ1,-23.21313,113.76296,0,2.509999944,24.02985859,1.833654975,24.20038986,25.64322472,26.47995567,26.64089584,26.07844734,24.63541031,23.33140755,22.23333168,21.90561676,21.75152969,22.44050407,23.01758957
Ningaloo,NMP11,Maud RZ2,-23.20838,113.76328,0,2.509999944,24.02985859,1.833654975,24.20038986,25.64322472,26.47995567,26.64089584,26.07844734,24.63541031,23.33140755,22.23333168,21.90561676,21.75152969,22.44050407,23.01758957
Ningaloo,NMP13,Monck Head Inner,-23.17989,113.76169,0,2.619999941,24.07359584,1.840379556,24.23204994,25.69395256,26.53189278,26.69993591,26.13121986,24.67750168,23.37591362,22.27685356,21.94477081,21.78556824,22.47590828,23.05758286
Ningaloo,NMP14,Monck Head North,-23.17758,113.76397,0,2.619999941,24.07359584,1.840379556,24.23204994,25.69395256,26.53189278,26.69993591,26.13121986,24.67750168,23.37591362,22.27685356,21.94477081,21.78556824,22.47590828,23.05758286
Ningaloo,NMP19,Maud SZ Nth,-23.09197,113.73966,0,2.729999939,24.16486963,1.85286907,24.30216217,25.79629517,26.63643646,26.82248688,26.23966217,24.76772118,23.45890236,22.36474609,22.02519226,21.86352348,22.55348206,23.14782524
Ningaloo,NMP2,Point Maud Inner,-23.12142,113.75562,0,2.68999994,24.11945502,1.847096814,24.2714138,25.75346565,26.58766365,26.75812721,26.18256187,24.71614838,23.41525459,22.31813812,21.98134804,21.82525444,22.51615524,23.10792923
Ningaloo,NMP20,Oyster rocks buoy,-23.04473,113.81843,0,2.869999936,24.1922423,1.857031189,24.35183907,25.86316872,26.68287277,26.83897018,26.25484276,24.75797653,23.46289444,22.3702507,22.02847099,21.89658737,22.59280396,23.20623016
Ningaloo,NMP21,Coral Bay (Sanctuary zone),-23.14221,113.76709,0,2.68999994,24.11945502,1.847096814,24.2714138,25.75346565,26.58766365,26.75812721,26.18256187,24.71614838,23.41525459,22.31813812,21.98134804,21.82525444,22.51615524,23.10792923
Ningaloo,NMP24,Yalobia Bommie,-23.20194,113.76248,0,2.509999944,24.02985859,1.833654975,24.20038986,25.64322472,26.47995567,26.64089584,26.07844734,24.63541031,23.33140755,22.23333168,21.90561676,21.75152969,22.44050407,23.01758957
Ningaloo,NMP25,Outside Yalobia North,-23.19459,113.75209,0,2.619999941,24.07359584,1.840379556,24.23204994,25.69395256,26.53189278,26.69993591,26.13121986,24.67750168,23.37591362,22.27685356,21.94477081,21.78556824,22.47590828,23.05758286
Ningaloo,NMP26,Outside Yalobia South,-23.2175,113.75466,0,2.509999944,24.02985859,1.833654975,24.20038986,25.64322472,26.47995567,26.64089584,26.07844734,24.63541031,23.33140755,22.23333168,21.90561676,21.75152969,22.44050407,23.01758957
Ningaloo,NMP27,Coral Bay Offshore,-23.13496,113.7404,0,2.66999994,24.1245664,1.847199419,24.26682854,25.74617004,26.59079361,26.7696209,26.19351006,24.73202324,23.42482376,22.32891846,21.99390602,21.82806969,22.51662064,23.10351181
Ningaloo,NMP28,Cardabia Patch,-23.098,113.79429,0,2.759999938,24.15865453,1.852224483,24.30953407,25.80728149,26.63502121,26.80485344,26.22426796,24.74549103,23.44505882,22.34957123,22.00972748,21.86213493,22.55469322,23.15621948
Ningaloo,NMP29,Monck Wall,-23.16925,113.75708,0,2.619999941,24.07359584,1.840379556,24.23204994,25.69395256,26.53189278,26.69993591,26.13121986,24.67750168,23.37591362,22.27685356,21.94477081,21.78556824,22.47590828,23.05758286
Ningaloo,NMP30,Oyster rocks south,-23.04801,113.81886,0,2.869999936,24.1922423,1.857031189,24.35183907,25.86316872,26.68287277,26.83897018,26.25484276,24.75797653,23.46289444,22.3702507,22.02847099,21.89658737,22.59280396,23.20623016
Ningaloo,NMP31,Yalobia South,-23.206149,113.760286,0,2.509999944,24.02985859,1.833654975,24.20038986,25.64322472,26.47995567,26.64089584,26.07844734,24.63541031,23.33140755,22.23333168,21.90561676,21.75152969,22.44050407,23.01758957
Ningaloo,NMP32,Monck Bowl,-23.16465,113.75582,0,2.619999941,24.07359584,1.840379556,24.23204994,25.69395256,26.53189278,26.69993591,26.13121986,24.67750168,23.37591362,22.27685356,21.94477081,21.78556824,22.47590828,23.05758286
Ningaloo,NMP6,Monck Head Outer,-23.16108,113.75875,0,2.619999941,24.07359584,1.840379556,24.23204994,25.69395256,26.53189278,26.69993591,26.13121986,24.67750168,23.37591362,22.27685356,21.94477081,21.78556824,22.47590828,23.05758286
Ningaloo,NMP8,Maud SZ external,-23.17642,113.76097,0,2.619999941,24.07359584,1.840379556,24.23204994,25.69395256,26.53189278,26.69993591,26.13121986,24.67750168,23.37591362,22.27685356,21.94477081,21.78556824,22.47590828,23.05758286
Ningaloo,NMP9,Bills Bay 1,-23.12627,113.76158,0,2.68999994,24.11945502,1.847096814,24.2714138,25.75346565,26.58766365,26.75812721,26.18256187,24.71614838,23.41525459,22.31813812,21.98134804,21.82525444,22.51615524,23.10792923
NW,NWS1,Vulcan Shoal,-12.8034,124.2757,17.65999961,2.309999948,28.48369884,1.17134283,29.43345833,29.39412308,29.26587868,29.42037964,28.9105072,27.81814766,26.64058876,26.33530426,27.26441765,28.49033928,29.48967171,29.3415699
NW,NWS10,Rogaa Bommie,-11.97452,123.32136,15.94999964,2.369999947,28.40088781,1.114160786,29.41734123,29.26845741,29.16328049,29.13844109,28.64694786,27.71505356,26.6886673,26.43628502,27.15658951,28.44562912,29.41487122,29.31908989
NW,NWS100,Clerke east reef top C28,-17.29965,119.37575,6.899999846,2.749999939,27.69127162,1.629373344,29.1707058,29.11625671,29.67437172,29.66950035,28.37059593,27.22916031,25.80058289,25.11183739,25.60012245,26.50283813,27.68753624,28.36175156
NW,NWS101,Clerke Reef - BnB,-17.35516,119.38393,6.939999845,2.919999935,27.66717466,1.644299541,29.15697098,29.13973236,29.68076134,29.65056038,28.34096336,27.21068192,25.76554298,25.07103348,25.55335999,26.46532822,27.64593315,28.32522774
NW,NWS102,Clerke SE reef top C27,-17.3139,119.37816,6.839999847,2.839999937,27.67829307,1.636776196,29.1633358,29.12638855,29.67575073,29.65915489,28.35406685,27.21903419,25.78255463,25.09033203,25.57571983,26.48221588,27.66714668,28.34381676
NW,NWS11,Hibernia Lagoon SW,-11.98059,123.33523,15.94999964,2.369999947,28.40088781,1.114160786,29.41734123,29.26845741,29.16328049,29.13844109,28.64694786,27.71505356,26.6886673,26.43628502,27.15658951,28.44562912,29.41487122,29.31908989
NW,NWS12,Hibernia Lagoon NW,-11.97626,123.33757,15.94999964,2.369999947,28.40088781,1.114160786,29.41734123,29.26845741,29.16328049,29.13844109,28.64694786,27.71505356,26.6886673,26.43628502,27.15658951,28.44562912,29.41487122,29.31908989
NW,NWS13,Golden Sleeper Corner,-11.9834,123.3271,15.94999964,2.369999947,28.40088781,1.114160786,29.41734123,29.26845741,29.16328049,29.13844109,28.64694786,27.71505356,26.6886673,26.43628502,27.15658951,28.44562912,29.41487122,29.31908989
NW,NWS14,Surge Crest East,-12.217,123.00392,13.5999997,2.289999949,28.39436054,1.138449574,29.44476509,29.29298019,29.18813324,29.11811447,28.63443375,27.71403503,26.63005066,26.39824677,27.13199997,28.40136528,29.41757774,29.36062431
NW,NWS15,Surge Crest West,-12.2159,123.00575,13.5999997,2.289999949,28.39436054,1.138449574,29.44476509,29.29298019,29.18813324,29.11811447,28.63443375,27.71403503,26.63005066,26.39824677,27.13199997,28.40136528,29.41757774,29.36062431
NW,NWS16,Guardian Reef,-12.23963,122.98389,13.5999997,2.279999949,28.40063477,1.139673876,29.45423889,29.29652214,29.19511795,29.12513161,28.63788033,27.71672058,26.63706589,26.40337372,27.13541794,28.40839005,29.42679787,29.37096024
NW,NWS163,Berthier Island,-14.49741,124.99591,8.739999805,2.649999941,28.32631334,1.319570911,29.48514557,29.33809853,29.36234474,29.6248951,29.18134117,27.83685684,26.28731728,25.92711258,26.88377762,27.96900368,29.00278282,29.01708412
NW,NWS164,White Island bommie,-15.0667,124.33321,11.59999974,2.579999942,28.4021012,1.37929087,29.51277542,29.56764793,29.55867004,29.80669594,29.36970139,28.02759933,26.44889641,26.00378227,26.66185188,27.72865295,29.00609016,29.13285065
NW,NWS165,Brue Reef North East,-15.92443,123.04739,5.649999874,2.579999942,28.04376745,1.642467946,29.3053627,29.37851143,29.65699387,29.91743469,29.28616714,27.81690598,25.90966606,25.27363777,25.87675667,26.9998455,28.37426758,28.72966003
NW,NWS166,Brue Reef,-15.92278,123.04187,5.649999874,2.579999942,28.04376745,1.642467946,29.3053627,29.37851143,29.65699387,29.91743469,29.28616714,27.81690598,25.90966606,25.27363777,25.87675667,26.9998455,28.37426758,28.72966003
NW,NWS167,Frost Shoal,-15.7837,123.35675,8.449999811,2.499999944,28.17465226,1.574453511,29.46621513,29.59412575,29.62167931,29.91790962,29.29745483,27.89717674,26.12100601,25.53217697,26.1075325,27.15999222,28.49028969,28.89026833
NW,NWS168,Churchill Reef South East,-15.51735,123.23433,3.13999993,2.369999947,28.10575644,1.342575379,29.18989182,29.22877884,29.28849411,29.64855766,29.20368576,28.02667999,26.42166901,25.81239891,26.32204247,27.19382095,28.34193802,28.59111977
NW,NWS169,Chruchill Reef South West,-15.51897,123.26715,3.229999928,2.319999948,28.11715794,1.354526933,29.21666145,29.2670517,29.30734634,29.66292763,29.21425438,28.0158062,26.3999176,25.80981636,26.32509041,27.20479202,28.3591671,28.62306404
NW,NWS17,Turtle Patch,-12.24179,122.99063,13.5999997,2.279999949,28.40063477,1.139673876,29.45423889,29.29652214,29.19511795,29.12513161,28.63788033,27.71672058,26.63706589,26.40337372,27.13541794,28.40839005,29.42679787,29.37096024
NW,NWS170,Churchill Reef North West,-15.45017,123.24475,3.11999993,2.379999947,28.10443989,1.307443983,29.15946579,29.1784153,29.25146294,29.61768532,29.19208145,28.05148697,26.47666931,25.86136436,26.36652184,27.21492195,28.32828712,28.55491638
NW,NWS171,Churchill Reef North,-15.44617,123.25202,4.059999909,2.339999948,28.11302662,1.285623299,29.1554985,29.16588783,29.23340797,29.60063171,29.19733429,28.06997871,26.51063728,25.90524483,26.40750313,27.2415638,28.32621193,28.54241943
NW,NWS172,Scott Outside anchorage,-14.07044,121.97364,16.55999963,2.489999944,28.40703996,1.224907961,29.60144806,29.28323555,29.41641045,29.56542206,28.95930481,27.80677414,26.63610458,26.22699356,26.96705818,28.05837059,29.17955589,29.18380165
NW,NWS173,Shawrie's Folly,-14.12994,121.96976,16.53999963,2.469999945,28.40707811,1.225914721,29.5979805,29.28223228,29.42838478,29.57413101,28.96619034,27.82142639,26.64192009,26.22290802,26.95600891,28.05116653,29.17344093,29.16914749
NW,NWS174,North Scott Lagoon,-13.92629,121.90265,17.16999962,2.529999943,28.41214879,1.224614324,29.62223053,29.29935646,29.38647461,29.54572487,28.93129158,27.76943016,26.6302433,26.23200226,26.9974041,28.09617615,29.19942856,29.23602295
NW,NWS175,North Reef bommies,-13.91925,121.91215,17.16999962,2.529999943,28.41214879,1.224614324,29.62223053,29.29935646,29.38647461,29.54572487,28.93129158,27.76943016,26.6302433,26.23200226,26.9974041,28.09617615,29.19942856,29.23602295
NW,NWS176,Shackle Reef,-13.62454,122.00576,16.94999962,2.409999946,28.44075871,1.212630145,29.65835762,29.33854294,29.36233521,29.50017929,28.90247917,27.7438736,26.66549492,26.27947998,27.06680489,28.19129562,29.2730484,29.30721283
NW,NWS177,Seringapatam channel north,-13.6323,122.02215,16.94999962,2.409999946,28.44075871,1.212630145,29.65835762,29.33854294,29.36233521,29.50017929,28.90247917,27.7438736,26.66549492,26.27947998,27.06680489,28.19129562,29.2730484,29.30721283
NW,NWS178,Ashmore Central Lagoon Entrance,-12.19673,123.04095,13.89999969,2.299999949,28.39191453,1.133397002,29.43895912,29.28081322,29.18038368,29.11030769,28.62503052,27.70696259,26.63762283,26.40470123,27.13777733,28.40621567,29.42136955,29.35283089
NW,NWS179,Not Much Reef,-12.20716,123.04288,13.5999997,2.289999949,28.39436054,1.138449574,29.44476509,29.29298019,29.18813324,29.11811447,28.63443375,27.71403503,26.63005066,26.39824677,27.13199997,28.40136528,29.41757774,29.36062431
NW,NWS18,Busy Bommie,-12.241222,122.984927,13.5999997,2.279999949,28.40063477,1.139673876,29.45423889,29.29652214,29.19511795,29.12513161,28.63788033,27.71672058,26.63706589,26.40337372,27.13541794,28.40839005,29.42679787,29.37096024
NW,NWS180,Grubfish Reef,-12.21192,123.05053,13.67999969,2.289999949,28.38914744,1.138157811,29.43828964,29.29050827,29.18236542,29.11185646,28.63167,27.71117973,26.6230278,26.39235115,27.12907028,28.3959465,29.40987396,29.35363007
NW,NWS181,Ashmore East Lagoon,-12.18941,123.07672,14.24999968,2.289999949,28.38693317,1.132923484,29.43162346,29.2778244,29.1757431,29.10641289,28.62310028,27.70467567,26.63127327,26.39884758,27.13497162,28.40106392,29.41295433,29.34470749
NW,NWS182,Ashmore Outer North,-12.17455,123.05939,14.24999968,2.289999949,28.38693317,1.132923484,29.43162346,29.2778244,29.1757431,29.10641289,28.62310028,27.70467567,26.63127327,26.39884758,27.13497162,28.40106392,29.41295433,29.34470749
NW,NWS183,Ashmore Inner North,-12.17552,123.06644,14.24999968,2.289999949,28.38693317,1.132923484,29.43162346,29.2778244,29.1757431,29.10641289,28.62310028,27.70467567,26.63127327,26.39884758,27.13497162,28.40106392,29.41295433,29.34470749
NW,NWS184,Ashmore East Lagoon Entrance,-12.17905,123.07097,14.24999968,2.289999949,28.38693317,1.132923484,29.43162346,29.2778244,29.1757431,29.10641289,28.62310028,27.70467567,26.63127327,26.39884758,27.13497162,28.40106392,29.41295433,29.34470749
NW,NWS185,Northwest Ashmore,-12.18477,123.11123,14.60999967,2.279999949,28.38334099,1.132649828,29.42721176,29.27654648,29.17250061,29.10401154,28.6227932,27.70336914,26.62628937,26.39373016,27.13378906,28.39681816,29.40474129,29.33829117
NW,NWS186,Cartier North,-12.52576,123.57526,14.35999968,2.289999949,28.43774541,1.171006983,29.50873566,29.35696602,29.22529411,29.24138451,28.7437458,27.74836349,26.62953186,26.3411293,27.16275597,28.43719864,29.451334,29.40650558
NW,NWS187,Cartier Reef Slope,-12.53478,123.57985,14.35999968,2.289999949,28.43774541,1.171006983,29.50873566,29.35696602,29.22529411,29.24138451,28.7437458,27.74836349,26.62953186,26.3411293,27.16275597,28.43719864,29.451334,29.40650558
NW,NWS188,Cartier Platform,-12.52658,123.57827,14.35999968,2.289999949,28.43774541,1.171006983,29.50873566,29.35696602,29.22529411,29.24138451,28.7437458,27.74836349,26.62953186,26.3411293,27.16275597,28.43719864,29.451334,29.40650558
NW,NWS189,Cartier Garden,-12.52527,123.57215,14.35999968,2.289999949,28.43774541,1.171006983,29.50873566,29.35696602,29.22529411,29.24138451,28.7437458,27.74836349,26.62953186,26.3411293,27.16275597,28.43719864,29.451334,29.40650558
NW,NWS19,Grand Oculis Bommie,-12.240542,122.983286,13.5999997,2.279999949,28.40063477,1.139673876,29.45423889,29.29652214,29.19511795,29.12513161,28.63788033,27.71672058,26.63706589,26.40337372,27.13541794,28.40839005,29.42679787,29.37096024
NW,NWS190,Nuclear Bommie,-12.52495,123.56892,14.35999968,2.289999949,28.43774541,1.171006983,29.50873566,29.35696602,29.22529411,29.24138451,28.7437458,27.74836349,26.62953186,26.3411293,27.16275597,28.43719864,29.451334,29.40650558
NW,NWS191,Unexploded Bommie,-12.5245,123.56482,14.35999968,2.289999949,28.43774541,1.171006983,29.50873566,29.35696602,29.22529411,29.24138451,28.7437458,27.74836349,26.62953186,26.3411293,27.16275597,28.43719864,29.451334,29.40650558
NW,NWS192,Cartier Anchorage,-12.52689,123.58274,14.35999968,2.289999949,28.43774541,1.171006983,29.50873566,29.35696602,29.22529411,29.24138451,28.7437458,27.74836349,26.62953186,26.3411293,27.16275597,28.43719864,29.451334,29.40650558
NW,NWS193,Cartier Island,-12.52436,123.56101,14.35999968,2.289999949,28.43774541,1.171006983,29.50873566,29.35696602,29.22529411,29.24138451,28.7437458,27.74836349,26.62953186,26.3411293,27.16275597,28.43719864,29.451334,29.40650558
NW,NWS194,Browse Ledge,-14.10193,123.5508,13.97999969,2.859999936,28.36996492,1.15081703,29.39952278,29.19026375,29.22308731,29.51448441,29.04971123,27.88941002,26.68839264,26.3047924,26.99494743,28.02785873,29.08290863,29.07419968
NW,NWS195,Browse Fats,-14.10958,123.55655,13.97999969,2.859999936,28.36996492,1.15081703,29.39952278,29.19026375,29.22308731,29.51448441,29.04971123,27.88941002,26.68839264,26.3047924,26.99494743,28.02785873,29.08290863,29.07419968
NW,NWS196,Browse Anchorage,-14.1045,123.55491,13.97999969,2.859999936,28.36996492,1.15081703,29.39952278,29.19026375,29.22308731,29.51448441,29.04971123,27.88941002,26.68839264,26.3047924,26.99494743,28.02785873,29.08290863,29.07419968
NW,NWS197,Groper Reef,-14.05661,125.35585,12.44999972,2.639999941,28.2899464,1.399659649,29.48928642,29.30230522,29.39517212,29.63099861,29.07809258,27.54409409,25.98182297,25.78793907,26.9126358,28.12119293,29.16708946,29.06872749
NW,NWS198,Jameson Reef Anchorage,-14.05545,125.3604,12.44999972,2.639999941,28.2899464,1.399659649,29.48928642,29.30230522,29.39517212,29.63099861,29.07809258,27.54409409,25.98182297,25.78793907,26.9126358,28.12119293,29.16708946,29.06872749
NW,NWS199,Cassini Point,-13.94304,125.64153,8.539999809,2.559999943,28.26921908,1.475594303,29.52515411,29.3936615,29.32913589,29.65096474,29.01903725,27.37108421,25.74198341,25.67140198,26.91353989,28.21981049,29.26405525,29.13080025
NW,NWS2,Barracouta Shoal,-12.5583,124.0382,16.76999963,2.289999949,28.4619058,1.163348306,29.44370651,29.38494682,29.22359085,29.31637383,28.81731415,27.77446938,26.65837288,26.36053085,27.202034,28.48776436,29.4840889,29.38967705
NW,NWS20,Flat's Edge,-12.24414,123.00182,13.5999997,2.289999949,28.39436054,1.138449574,29.44476509,29.29298019,29.18813324,29.11811447,28.63443375,27.71403503,26.63005066,26.39824677,27.13199997,28.40136528,29.41757774,29.36062431
NW,NWS200,Cassini anchorage,-13.94105,125.63595,8.539999809,2.559999943,28.26921908,1.475594303,29.52515411,29.3936615,29.32913589,29.65096474,29.01903725,27.37108421,25.74198341,25.67140198,26.91353989,28.21981049,29.26405525,29.13080025
NW,NWS201,Lesueur Island South,-13.82453,127.2726,6.599999852,2.259999949,28.13987398,1.609745899,29.56058884,29.55350113,29.56311417,29.71841812,28.91192436,27.23420525,25.52142715,25.39641762,26.52878189,27.73300362,28.94064522,29.01646042
NW,NWS21,Hemiplage Bommie,-12.24405,122.99881,13.5999997,2.279999949,28.40063477,1.139673876,29.45423889,29.29652214,29.19511795,29.12513161,28.63788033,27.71672058,26.63706589,26.40337372,27.13541794,28.40839005,29.42679787,29.37096024
NW,NWS22,Dotty Reef,-12.241092,122.986398,13.5999997,2.279999949,28.40063477,1.139673876,29.45423889,29.29652214,29.19511795,29.12513161,28.63788033,27.71672058,26.63706589,26.40337372,27.13541794,28.40839005,29.42679787,29.37096024
NW,NWS23,Kuhlii Bommie,-12.23384,122.99001,13.5999997,2.279999949,28.40063477,1.139673876,29.45423889,29.29652214,29.19511795,29.12513161,28.63788033,27.71672058,26.63706589,26.40337372,27.13541794,28.40839005,29.42679787,29.37096024
NW,NWS24,Reel Lost Bommie,-12.242641,122.985307,13.5999997,2.279999949,28.40063477,1.139673876,29.45423889,29.29652214,29.19511795,29.12513161,28.63788033,27.71672058,26.63706589,26.40337372,27.13541794,28.40839005,29.42679787,29.37096024
NW,NWS25,Eviota Bommie,-12.239894,122.986433,13.5999997,2.279999949,28.40063477,1.139673876,29.45423889,29.29652214,29.19511795,29.12513161,28.63788033,27.71672058,26.63706589,26.40337372,27.13541794,28.40839005,29.42679787,29.37096024
NW,NWS26,Seringapatam North,-13.62389,121.99474,16.73999963,2.409999946,28.44104274,1.214204089,29.66703987,29.33767509,29.36513138,29.49864578,28.89583778,27.74241257,26.66423607,26.27871513,27.06290627,28.19512558,29.27280807,29.31197929
NW,NWS27,Election Day Reef,-14.070388,121.961272,16.55999963,2.489999944,28.40703996,1.224907961,29.60144806,29.28323555,29.41641045,29.56542206,28.95930481,27.80677414,26.63610458,26.22699356,26.96705818,28.05837059,29.17955589,29.18380165
NW,NWS28,Consolation Bommie,-14.1327,121.94218,16.43999963,2.429999946,28.40611617,1.227207487,29.60219574,29.27568054,29.4274807,29.57357025,28.95827293,27.81597519,26.63783646,26.21768379,26.95571899,28.05996704,29.17084503,29.17816734
NW,NWS29,Moray Bommie,-14.12668,121.94546,16.43999963,2.429999946,28.40611617,1.227207487,29.60219574,29.27568054,29.4274807,29.57357025,28.95827293,27.81597519,26.63783646,26.21768379,26.95571899,28.05996704,29.17084503,29.17816734
NW,NWS3,Cardinal Shoal,-11.9719,123.3878,15.94999964,2.389999947,28.40379763,1.116002315,29.42552948,29.27408791,29.16386986,29.14874268,28.65232277,27.716362,26.69078064,26.43445206,27.15656853,28.44816971,29.41534615,29.31933975
NW,NWS30,Longnose Spur,-14.14184,121.9589,16.53999963,2.469999945,28.40707811,1.225914721,29.5979805,29.28223228,29.42838478,29.57413101,28.96619034,27.82142639,26.64192009,26.22290802,26.95600891,28.05116653,29.17344093,29.16914749
NW,NWS31,Napoleon Reef,-14.14383,121.95693,16.53999963,2.469999945,28.40707811,1.225914721,29.5979805,29.28223228,29.42838478,29.57413101,28.96619034,27.82142639,26.64192009,26.22290802,26.95600891,28.05116653,29.17344093,29.16914749
NW,NWS32,Goby Heaven,-14.10934,121.96473,16.53999963,2.469999945,28.40707811,1.225914721,29.5979805,29.28223228,29.42838478,29.57413101,28.96619034,27.82142639,26.64192009,26.22290802,26.95600891,28.05116653,29.17344093,29.16914749
NW,NWS33,NE Passage,-14.05597,121.95847,16.55999963,2.489999944,28.40703996,1.224907961,29.60144806,29.28323555,29.41641045,29.56542206,28.95930481,27.80677414,26.63610458,26.22699356,26.96705818,28.05837059,29.17955589,29.18380165
NW,NWS34,Table Tip,-14.06257,121.9653,16.55999963,2.489999944,28.40703996,1.224907961,29.60144806,29.28323555,29.41641045,29.56542206,28.95930481,27.80677414,26.63610458,26.22699356,26.96705818,28.05837059,29.17955589,29.18380165
NW,NWS35,Ian's Anchorage,-14.0717,121.95083,16.55999963,2.489999944,28.40703996,1.224907961,29.60144806,29.28323555,29.41641045,29.56542206,28.95930481,27.80677414,26.63610458,26.22699356,26.96705818,28.05837059,29.17955589,29.18380165
NW,NWS36,Fungiid Fields,-14.0747,121.78767,15.88999964,2.579999942,28.41229884,1.229314651,29.62756729,29.26742554,29.41947174,29.57403183,28.93856621,27.8022995,26.64185333,26.21744537,26.96122169,28.09590721,29.18092537,29.22087097
NW,NWS37,Stake Edge,-14.0453,121.78072,15.90999964,2.609999942,28.41332006,1.228839149,29.63490486,29.27237701,29.40890694,29.56526566,28.93053055,27.79008675,26.63948059,26.22149277,26.96990204,28.10335732,29.18973351,29.2338028
NW,NWS38,Chaetodontoides,-14.06866,121.77651,15.88999964,2.579999942,28.41229884,1.229314651,29.62756729,29.26742554,29.41947174,29.57403183,28.93856621,27.8022995,26.64185333,26.21744537,26.96122169,28.09590721,29.18092537,29.22087097
NW,NWS39,Odonus Dropoff,-14.0828,121.74816,15.96999964,2.649999941,28.41577911,1.230057578,29.6346283,29.26291084,29.42156219,29.58000946,28.93718147,27.8047142,26.65016937,26.21787453,26.95789146,28.10531998,29.18613052,29.23095703
NW,NWS4,Titan Reef,-11.969,123.3794,15.94999964,2.389999947,28.40379763,1.116002315,29.42552948,29.27408791,29.16386986,29.14874268,28.65232277,27.716362,26.69078064,26.43445206,27.15656853,28.44816971,29.41534615,29.31933975
NW,NWS40,Stern Trawler Reef,-14.0785,121.742,15.96999964,2.649999941,28.41577911,1.230057578,29.6346283,29.26291084,29.42156219,29.58000946,28.93718147,27.8047142,26.65016937,26.21787453,26.95789146,28.10531998,29.18613052,29.23095703
NW,NWS41,Dead West,-14.10823,121.72068,15.77999965,2.609999942,28.41530085,1.230430202,29.62582016,29.25977325,29.43309593,29.58979416,28.94594383,27.81824493,26.65517616,26.2135582,26.94908524,28.09765816,29.17689896,29.21856117
NW,NWS5,Hibernia Lagoon SE,-11.97961,123.38074,15.94999964,2.389999947,28.40379763,1.116002315,29.42552948,29.27408791,29.16386986,29.14874268,28.65232277,27.716362,26.69078064,26.43445206,27.15656853,28.44816971,29.41534615,29.31933975
NW,NWS50,Imperieuse SE lagoon,-17.6101,118.97,2.079999954,2.879999936,27.5418884,1.657827763,29.0093956,29.12135696,29.63270569,29.54140282,28.21972656,27.0744381,25.64549828,25.01138687,25.41632271,26.27993774,27.3769474,28.17354202
NW,NWS51,Imperieuse West Lagoon,-17.6089,118.96364,2.079999954,2.879999936,27.5418884,1.657827763,29.0093956,29.12135696,29.63270569,29.54140282,28.21972656,27.0744381,25.64549828,25.01138687,25.41632271,26.27993774,27.3769474,28.17354202
NW,NWS52,Imperieuse SE reef edge,-17.6089,118.96364,2.079999954,2.879999936,27.5418884,1.657827763,29.0093956,29.12135696,29.63270569,29.54140282,28.21972656,27.0744381,25.64549828,25.01138687,25.41632271,26.27993774,27.3769474,28.17354202
NW,NWS53,Imperieuse SE reef top,-17.579,118.96872,2.819999937,2.999999933,27.55122979,1.6494546,29.00979996,29.11382294,29.62473679,29.54706764,28.23477364,27.08898926,25.66163826,25.02869034,25.4391613,26.29519081,27.38987923,28.18100739
NW,NWS54,Imperieuse east lagoon,-17.5804,118.9369,1.879999958,2.939999934,27.549215,1.648324549,29.00419807,29.11882401,29.62799454,29.54248238,28.23340797,27.08399773,25.66629982,25.03693962,25.4381485,26.28900528,27.37226295,28.17701912
NW,NWS55,Imperieuse East,-17.56991,118.97193,2.819999937,2.999999933,27.55122979,1.6494546,29.00979996,29.11382294,29.62473679,29.54706764,28.23477364,27.08898926,25.66163826,25.02869034,25.4391613,26.29519081,27.38987923,28.18100739
NW,NWS56,Imperieuse Reef Rage,-17.6102,118.9747,2.079999954,2.879999936,27.5418884,1.657827763,29.0093956,29.12135696,29.63270569,29.54140282,28.21972656,27.0744381,25.64549828,25.01138687,25.41632271,26.27993774,27.3769474,28.17354202
NW,NWS57,Imperieuse edge,-17.548,118.9737,3.469999922,3.049999932,27.56295745,1.641871558,29.01376152,29.10855675,29.6199913,29.55768013,28.25175476,27.10494041,25.67907524,25.04736328,25.46479416,26.31164169,27.4047966,28.1911335
NW,NWS58,Rowley Shoals 3,-17.5531,118.9738,2.819999937,2.999999933,27.55122979,1.6494546,29.00979996,29.11382294,29.62473679,29.54706764,28.23477364,27.08898926,25.66163826,25.02869034,25.4391613,26.29519081,27.38987923,28.18100739
NW,NWS59,Imperieuse lagoon bommie,-17.54732,118.9668,3.469999922,3.049999932,27.56295745,1.641871558,29.01376152,29.10855675,29.6199913,29.55768013,28.25175476,27.10494041,25.67907524,25.04736328,25.46479416,26.31164169,27.4047966,28.1911335
NW,NWS6,Hibernia Lagoon SE2,-11.97448,123.38116,15.94999964,2.389999947,28.40379763,1.116002315,29.42552948,29.27408791,29.16386986,29.14874268,28.65232277,27.716362,26.69078064,26.43445206,27.15656853,28.44816971,29.41534615,29.31933975
NW,NWS60,Imperieuse 14,-17.54749,118.96884,3.469999922,3.049999932,27.56295745,1.641871558,29.01376152,29.10855675,29.6199913,29.55768013,28.25175476,27.10494041,25.67907524,25.04736328,25.46479416,26.31164169,27.4047966,28.1911335
NW,NWS61,Imperieuse edge RS3-3,-17.5582,118.9724,2.819999937,2.999999933,27.55122979,1.6494546,29.00979996,29.11382294,29.62473679,29.54706764,28.23477364,27.08898926,25.66163826,25.02869034,25.4391613,26.29519081,27.38987923,28.18100739
NW,NWS62,Imperieuse anchorage,-17.50713,118.96635,3.469999922,3.049999932,27.56295745,1.641871558,29.01376152,29.10855675,29.6199913,29.55768013,28.25175476,27.10494041,25.67907524,25.04736328,25.46479416,26.31164169,27.4047966,28.1911335
NW,NWS63,Imperieuse north,-17.50218,118.96276,3.469999922,3.049999932,27.56295745,1.641871558,29.01376152,29.10855675,29.6199913,29.55768013,28.25175476,27.10494041,25.67907524,25.04736328,25.46479416,26.31164169,27.4047966,28.1911335
NW,NWS64,Imperieuse north lagoon,-17.56045,118.94214,1.879999958,2.939999934,27.549215,1.648324549,29.00419807,29.11882401,29.62799454,29.54248238,28.23340797,27.08399773,25.66629982,25.03693962,25.4381485,26.28900528,27.37226295,28.17701912
NW,NWS65,Mermaid south M7,-17.1641,119.6277,7.049999842,2.709999939,27.77010806,1.627083391,29.25762367,29.15796661,29.75576591,29.7155056,28.44911575,27.29968643,25.82831573,25.19079781,25.67207909,26.65024185,27.79188347,28.47231483
NW,NWS66,Mermaid anchorage dropoff 1.3,-17.0764,119.6539,7.61999983,2.829999937,27.81275129,1.612100458,29.28214455,29.18594742,29.76688004,29.73946953,28.49220657,27.34134102,25.86375809,25.25850296,25.73433876,26.72276306,27.84856987,28.51709366
NW,NWS67,Mermaid anchorage bommie,-17.07374,119.6455,7.429999834,2.799999937,27.8013471,1.609731619,29.26731491,29.16838455,29.75201416,29.73214722,28.48459816,27.33208847,25.86708069,25.24570274,25.72683907,26.70585632,27.83411217,28.5000267
NW,NWS68,Mermaid S channel entrance,-17.06263,119.64696,7.429999834,2.799999937,27.8013471,1.609731619,29.26731491,29.16838455,29.75201416,29.73214722,28.48459816,27.33208847,25.86708069,25.24570274,25.72683907,26.70585632,27.83411217,28.5000267
NW,NWS69,Mermaid anchorage dropoff 1.1,-17.0658,119.6494,7.429999834,2.799999937,27.8013471,1.609731619,29.26731491,29.16838455,29.75201416,29.73214722,28.48459816,27.33208847,25.86708069,25.24570274,25.72683907,26.70585632,27.83411217,28.5000267
NW,NWS7,Big Fish Gulch,-11.9671,123.3586,15.94999964,2.389999947,28.40379763,1.116002315,29.42552948,29.27408791,29.16386986,29.14874268,28.65232277,27.716362,26.69078064,26.43445206,27.15656853,28.44816971,29.41534615,29.31933975
NW,NWS70,Mermaid SW bommie M11,-17.13371,119.6339,7.209999839,2.779999938,27.78543727,1.618182504,29.26217842,29.16080284,29.754179,29.72302818,28.46634293,27.31476593,25.84707451,25.21917725,25.69924164,26.67796326,27.8125515,28.48794174
NW,NWS71,Mermaid S bommie,-17.15365,119.6311,7.049999842,2.709999939,27.77010806,1.627083391,29.25762367,29.15796661,29.75576591,29.7155056,28.44911575,27.29968643,25.82831573,25.19079781,25.67207909,26.65024185,27.79188347,28.47231483
NW,NWS72,Mermaid Reef Lagoon Dragon,-17.0754,119.64617,7.429999834,2.799999937,27.8013471,1.609731619,29.26731491,29.16838455,29.75201416,29.73214722,28.48459816,27.33208847,25.86708069,25.24570274,25.72683907,26.70585632,27.83411217,28.5000267
NW,NWS73,Mermaid channel mid bank,-17.06644,119.64167,7.429999834,2.799999937,27.8013471,1.609731619,29.26731491,29.16838455,29.75201416,29.73214722,28.48459816,27.33208847,25.86708069,25.24570274,25.72683907,26.70585632,27.83411217,28.5000267
NW,NWS74,Mermaid Lagoon Reef Dragon Escape,-17.06983,119.643667,7.429999834,2.799999937,27.8013471,1.609731619,29.26731491,29.16838455,29.75201416,29.73214722,28.48459816,27.33208847,25.86708069,25.24570274,25.72683907,26.70585632,27.83411217,28.5000267
NW,NWS75,Mermaid west lagoon,-17.08687,119.6148,7.429999834,2.799999937,27.8013471,1.609731619,29.26731491,29.16838455,29.75201416,29.73214722,28.48459816,27.33208847,25.86708069,25.24570274,25.72683907,26.70585632,27.83411217,28.5000267
NW,NWS76,Mermaid central bommie,-17.11469,119.63474,7.209999839,2.779999938,27.78543727,1.618182504,29.26217842,29.16080284,29.754179,29.72302818,28.46634293,27.31476593,25.84707451,25.21917725,25.69924164,26.67796326,27.8125515,28.48794174
NW,NWS77,Mermaid Reef Cod Hole,-17.06202,119.64815,7.429999834,2.799999937,27.8013471,1.609731619,29.26731491,29.16838455,29.75201416,29.73214722,28.48459816,27.33208847,25.86708069,25.24570274,25.72683907,26.70585632,27.83411217,28.5000267
NW,NWS78,Mermaid channel bommies,-17.0666,119.64027,7.429999834,2.799999937,27.8013471,1.609731619,29.26731491,29.16838455,29.75201416,29.73214722,28.48459816,27.33208847,25.86708069,25.24570274,25.72683907,26.70585632,27.83411217,28.5000267
NW,NWS79,Mermaid dropoff 1.2,-17.0721,119.6533,7.61999983,2.829999937,27.81275129,1.612100458,29.28214455,29.18594742,29.76688004,29.73946953,28.49220657,27.34134102,25.86375809,25.25850296,25.73433876,26.72276306,27.84856987,28.51709366
NW,NWS8,Hibernia Lagoon South,-11.97908,123.36079,15.94999964,2.389999947,28.40379763,1.116002315,29.42552948,29.27408791,29.16386986,29.14874268,28.65232277,27.716362,26.69078064,26.43445206,27.15656853,28.44816971,29.41534615,29.31933975
NW,NWS80,Mermaid Reef No Pygmy,-17.08181,119.65518,7.61999983,2.829999937,27.81275129,1.612100458,29.28214455,29.18594742,29.76688004,29.73946953,28.49220657,27.34134102,25.86375809,25.25850296,25.73433876,26.72276306,27.84856987,28.51709366
NW,NWS81,Mermaid North M1,-17.02767,119.61792,7.879999824,2.819999937,27.81783597,1.60163414,29.27270508,29.17978477,29.75001907,29.74239922,28.504076,27.34894371,25.88847733,25.27120399,25.75448227,26.735569,27.85570145,28.51066971
NW,NWS82,Mermaid west dropoff M4,-17.0762,119.5962,7.509999832,2.719999939,27.7917366,1.607250576,29.25322914,29.15426254,29.73923492,29.72665405,28.47852707,27.32417107,25.87330246,25.23509026,25.72232819,26.68908119,27.82005882,28.48489952
NW,NWS83,Clerke North C1B,-17.24607,119.35201,7.359999835,2.759999938,27.70641931,1.622233168,29.17799377,29.11086845,29.67843437,29.68066597,28.38936615,27.24142265,25.82154846,25.13340759,25.6271801,26.52716064,27.70885468,28.38012886
NW,NWS84,Clerke North Point,-17.24612,119.34713,6.999999844,2.779999938,27.70120049,1.620297508,29.16712761,29.11183167,29.66803169,29.68140221,28.38533211,27.23676682,25.82666588,25.13288879,25.62868309,26.51088715,27.69686127,28.36792755
NW,NWS85,Clerke Reef - Far too early,-17.24607,119.35201,7.359999835,2.759999938,27.70641931,1.622233168,29.17799377,29.11086845,29.67843437,29.68066597,28.38936615,27.24142265,25.82154846,25.13340759,25.6271801,26.52716064,27.70885468,28.38012886
NW,NWS86,Clerke anchorage dropoff 2.1,-17.2927,119.3781,6.899999846,2.749999939,27.69127162,1.629373344,29.1707058,29.11625671,29.67437172,29.66950035,28.37059593,27.22916031,25.80058289,25.11183739,25.60012245,26.50283813,27.68753624,28.36175156
NW,NWS87,Clerke Anchorage Dropoff 2.2,-17.2843,119.3769,6.899999846,2.749999939,27.69127162,1.629373344,29.1707058,29.11625671,29.67437172,29.66950035,28.37059593,27.22916031,25.80058289,25.11183739,25.60012245,26.50283813,27.68753624,28.36175156
NW,NWS88,Clerke anchorage dropoff 2.3,-17.288,119.3775,6.899999846,2.749999939,27.69127162,1.629373344,29.1707058,29.11625671,29.67437172,29.66950035,28.37059593,27.22916031,25.80058289,25.11183739,25.60012245,26.50283813,27.68753624,28.36175156
NW,NWS89,Blue lagoon,-17.25302,119.36037,6.899999846,2.749999939,27.69127162,1.629373344,29.1707058,29.11625671,29.67437172,29.66950035,28.37059593,27.22916031,25.80058289,25.11183739,25.60012245,26.50283813,27.68753624,28.36175156
NW,NWS9,Spur and Groove Reef,-11.9706,123.33694,15.94999964,2.369999947,28.40088781,1.114160786,29.41734123,29.26845741,29.16328049,29.13844109,28.64694786,27.71505356,26.6886673,26.43628502,27.15658951,28.44562912,29.41487122,29.31908989
NW,NWS90,Clerke Reef Snorkelling Paradise,-17.28632,119.3724,6.899999846,2.749999939,27.69127162,1.629373344,29.1707058,29.11625671,29.67437172,29.66950035,28.37059593,27.22916031,25.80058289,25.11183739,25.60012245,26.50283813,27.68753624,28.36175156
NW,NWS91,Clerke NE C14,-17.28312,119.37301,6.899999846,2.749999939,27.69127162,1.629373344,29.1707058,29.11625671,29.67437172,29.66950035,28.37059593,27.22916031,25.80058289,25.11183739,25.60012245,26.50283813,27.68753624,28.36175156
NW,NWS92,Clerke Reef Aquarium,-17.28321,119.37053,6.899999846,2.749999939,27.69127162,1.629373344,29.1707058,29.11625671,29.67437172,29.66950035,28.37059593,27.22916031,25.80058289,25.11183739,25.60012245,26.50283813,27.68753624,28.36175156
NW,NWS93,Clerke west lagoon C26,-17.29772,119.3423,6.839999847,2.779999938,27.68549426,1.626992432,29.1576767,29.1149559,29.66275215,29.66982079,28.36655235,27.22561073,25.805439,25.11174393,25.60101318,26.4860096,27.67382622,28.35053062
NW,NWS94,Clerke west C12,-17.30364,119.33673,6.639999852,2.869999936,27.67173529,1.633578339,29.14967728,29.12245941,29.66103363,29.65822792,28.35027313,27.21623993,25.78577614,25.09204483,25.57663536,26.46497154,27.65121269,28.33227158
NW,NWS95,Clerke lagoon bommie C13,-17.31065,119.3675,6.839999847,2.839999937,27.67829307,1.636776196,29.1633358,29.12638855,29.67575073,29.65915489,28.35406685,27.21903419,25.78255463,25.09033203,25.57571983,26.48221588,27.66714668,28.34381676
NW,NWS96,South Lagoon bommie C21,-17.31882,119.3605,6.839999847,2.839999937,27.67829307,1.636776196,29.1633358,29.12638855,29.67575073,29.65915489,28.35406685,27.21903419,25.78255463,25.09033203,25.57571983,26.48221588,27.66714668,28.34381676
NW,NWS97,Clerke south lagoon C25,-17.3155,119.3675,6.839999847,2.839999937,27.67829307,1.636776196,29.1633358,29.12638855,29.67575073,29.65915489,28.35406685,27.21903419,25.78255463,25.09033203,25.57571983,26.48221588,27.66714668,28.34381676
NW,NWS98,Clerke lagoon east C20,-17.30694,119.37064,6.839999847,2.839999937,27.67829307,1.636776196,29.1633358,29.12638855,29.67575073,29.65915489,28.35406685,27.21903419,25.78255463,25.09033203,25.57571983,26.48221588,27.66714668,28.34381676
NW,NWS99,Clerke lagoon NW bommie C29,-17.2909,119.35929,6.899999846,2.749999939,27.69127162,1.629373344,29.1707058,29.11625671,29.67437172,29.66950035,28.37059593,27.22916031,25.80058289,25.11183739,25.60012245,26.50283813,27.68753624,28.36175156
NW,WA83,Bardi Hole  Cape Leveque,-16.43598,123.05123,8.169999817,2.299999949,27.96941169,1.982886796,29.71342468,29.72018051,29.95991516,29.98856354,28.83347321,27.12338448,25.14650726,24.59808922,25.55601501,27.1709156,28.72245598,29.10001564
NW,WA84,Rippy channel  Cape Leveque,-16.43131,123.08899,8.169999817,2.299999949,27.96941169,1.982886796,29.71342468,29.72018051,29.95991516,29.98856354,28.83347321,27.12338448,25.14650726,24.59808922,25.55601501,27.1709156,28.72245598,29.10001564
NW,WA85,Bardi Hole2  Cape Leveque,-16.430728,123.068522,8.169999817,2.299999949,27.96941169,1.982886796,29.71342468,29.72018051,29.95991516,29.98856354,28.83347321,27.12338448,25.14650726,24.59808922,25.55601501,27.1709156,28.72245598,29.10001564
NW,WA86,Gundanin Headland,-16.419257,123.033795,7.849999825,2.349999947,27.9619991,1.975263313,29.69027328,29.69179916,29.95441818,29.98186302,28.82507515,27.12856674,25.15613937,24.59614182,25.55155945,27.17409134,28.71175766,29.082304
NW,WA87,One tree reef S,-16.39654,123.03509,6.919999845,2.339999948,27.96984116,1.928749252,29.62864494,29.64983749,29.91210175,29.97140694,28.90115738,27.23871231,25.25919533,24.6776619,25.58083916,27.13803482,28.65893936,29.02156258