Region,SiteCode,SiteLong,SiteLat,SiteLong_rd,SiteLat_rd,Mean_SST_cl,SD_SST_cl,npp_mean,npp_min,npp_max,npp_sd,npp_interann_sd,npp_flag,wave_mean,wave_sd,wave_interann_sd
GBR,AIMS1,151.75731,-23.53652,151.8,-23.5,23.90876214,2.417687389,1383.370092,1021.29452,1811.582319,197.7714786,116.9786178,2,5.627761348,1.95431213,0.687166065
GBR,AIMS10,151.908633,-23.175483,151.9,-23.2,24.20563014,2.156956684,1489.629526,1139.897184,1796.612061,157.9401115,95.20916708,1,9.155167068,3.184336594,1.166145531
GBR,AIMS12,151.915433,-23.1778,151.9,-23.2,24.20563014,2.156956684,1442.557631,1058.827003,1770.516502,158.2270321,80.28624978,1,10.13129841,3.553272092,1.313403104
GBR,AIMS2,151.74968,-23.5341,151.7,-23.5,23.89148887,2.448589891,1383.370092,1021.29452,1811.582319,197.7714786,116.9786178,2,5.627761348,1.95431213,0.687166065
GBR,AIMS4,151.7747,-23.49835,151.8,-23.5,23.9530522,2.375504193,1383.370092,1021.29452,1811.582319,197.7714786,116.9786178,2,5.755215074,1.998546082,0.695927589
GBR,AIMS5,151.7789,-23.49845,151.8,-23.5,23.9530522,2.375504193,1383.370092,1021.29452,1811.582319,197.7714786,116.9786178,2,5.755215074,1.998546082,0.695927589
GBR,AIMS7,151.94545,-23.25245,151.9,-23.3,24.14808655,2.173217798,1423.802515,1110.537947,1797.95742,141.9435558,92.53804574,1,9.34648758,3.261714864,1.219379205
GBR,AIMS8,151.94255,-23.249566,151.9,-23.2,24.177701,2.161012535,1423.802515,1110.537947,1797.95742,141.9435558,92.53804574,1,9.34648758,3.261714864,1.219379205
GBR,COR11,145.99349,-16.52825,146,-16.5,26.21037992,1.901527361,1146.820481,846.3830109,1961.781786,244.0072893,112.8810727,1,7.287946508,2.474228604,0.813097649
GBR,COR12,145.8291,-15.9758,145.8,-16,26.30518468,1.786393677,725.7276096,514.5587082,1122.831062,141.7590174,74.02228214,2,10.01210217,3.680892626,1.188493459
GBR,COR13,145.81968,-15.96846,145.8,-16,26.30518468,1.786393677,725.7276096,514.5587082,1122.831062,141.7590174,74.02228214,2,10.01210217,3.680892626,1.188493459
GBR,COR14,145.80432,-15.9609,145.8,-16,26.30518468,1.786393677,725.7276096,514.5587082,1122.831062,141.7590174,74.02228214,1,10.3795611,3.816975454,1.235120508
GBR,CS1,152.23517,-19.29696,152.2,-19.3,25.77992646,1.537101042,626.7656041,400.2669983,893.914502,127.8486918,26.43851386,0,17.50817396,5.296239166,2.101123289
GBR,CS10,149.182624,-16.947773,149.2,-16.9,26.42536688,1.462871408,503.7209253,359.6265622,733.3130219,97.49255487,32.09469917,1,14.06394452,4.186165418,1.780958511
GBR,CS101,151.07258,-17.41432,151.1,-17.4,26.23865366,1.414672343,503.0768146,367.502366,643.9198316,80.87535091,24.73255108,1,17.42269235,4.929171584,2.076740538
GBR,CS102,151.07128,-17.41703,151.1,-17.4,26.23865366,1.414672343,503.0768146,367.502366,643.9198316,80.87535091,24.73255108,1,17.42269235,4.929171584,2.076740538
GBR,CS103,151.07027,-17.43525,151.1,-17.4,26.23865366,1.414672343,500.9543946,347.7218412,663.9452173,89.35401316,28.04149541,1,17.3299589,4.903831778,2.068266856
GBR,CS104,151.07127,-17.4347,151.1,-17.4,26.23865366,1.414672343,500.9543946,347.7218412,663.9452173,89.35401316,28.04149541,1,17.3299589,4.903831778,2.068266856
GBR,CS11,149.19696,-16.93653,149.2,-16.9,26.42536688,1.462871408,503.7209253,359.6265622,733.3130219,97.49255487,32.09469917,1,14.06394452,4.186165418,1.780958511
GBR,CS110,150.736917,-17.71175,150.7,-17.7,26.14061848,1.476145749,624.8332729,398.8522479,854.028285,117.6033697,32.76107523,1,16.30952061,4.576272813,1.954560552
GBR,CS111,150.7345,-17.71298,150.7,-17.7,26.14061848,1.476145749,615.0497245,388.1119878,835.0361904,122.0373569,26.52414851,1,16.36676321,4.615623041,1.971767955
GBR,CS113,150.63277,-17.77473,150.6,-17.8,26.14958938,1.479726971,552.7842745,364.2501347,772.4613546,126.8763001,24.38051759,1,15.96490133,4.511619389,1.929567917
GBR,CS12,149.19332,-16.93007,149.2,-16.9,26.42536688,1.462871408,503.7209253,359.6265622,733.3130219,97.49255487,32.09469917,1,14.06394452,4.186165418,1.780958511
GBR,CS122,148.51165,-17.87718,148.5,-17.9,26.20198377,1.603674078,577.8762042,396.4691743,832.3818432,115.8807769,27.76292796,1,14.03704124,4.170109549,1.742841796
GBR,CS123,148.50514,-17.82899,148.5,-17.8,26.20020787,1.597087572,530.2951917,358.6515659,787.6234716,113.5821994,22.58502834,1,13.86234024,4.090312097,1.703357801
GBR,CS126,148.43873,-17.71666,148.4,-17.7,26.20633809,1.597768803,588.7585067,407.5020729,848.2492576,117.377998,28.78794285,1,14.19393088,4.191657542,1.736260304
GBR,CS127,148.4373,-17.71505,148.4,-17.7,26.20633809,1.597768803,588.7585067,407.5020729,848.2492576,117.377998,28.78794285,1,14.19393088,4.191657542,1.736260304
GBR,CS128,148.4606,-17.70575,148.5,-17.7,26.20277119,1.591672835,605.7617068,429.260045,869.5800264,118.1999942,30.91920304,1,13.44890871,3.928720448,1.612933769
GBR,CS129,148.46176,-17.70304,148.5,-17.7,26.20277119,1.591672835,605.7617068,429.260045,869.5800264,118.1999942,30.91920304,1,13.44890871,3.928720448,1.612933769
GBR,CS13,149.20228,-16.92822,149.2,-16.9,26.42659076,1.459770663,503.7209253,359.6265622,733.3130219,97.49255487,32.09469917,1,14.06394452,4.186165418,1.780958511
GBR,CS130,149.999,-16.93133,150,-16.9,26.40622075,1.406153409,563.8611307,349.089414,783.2212006,119.4499905,38.80415834,1,13.64472862,3.810286197,1.620590657
GBR,CS131,150.00203,-16.93012,150,-16.9,26.39959812,1.402978955,563.8611307,349.089414,783.2212006,119.4499905,38.80415834,1,13.64472862,3.810286197,1.620590657
GBR,CS132,149.99043,-16.93157,150,-16.9,26.40622075,1.406153409,558.2775282,353.4142454,808.386731,116.5084673,35.14621774,1,13.49075841,3.778195569,1.608327696
GBR,CS134,150.00092,-16.9366,150,-16.9,26.39959812,1.402978955,563.8611307,349.089414,783.2212006,119.4499905,38.80415834,1,13.64472862,3.810286197,1.620590657
GBR,CS139,150.26845,-16.53378,150.3,-16.5,26.51517487,1.365096306,1200.515811,392.822998,2248.48999,503.6206741,144.7562409,0,16.76206124,4.84263313,2.01333955
GBR,CS140,150.26973,-16.53091,150.3,-16.5,26.51517487,1.365096306,1200.515811,392.822998,2248.48999,503.6206741,144.7562409,0,16.76206124,4.84263313,2.01333955
GBR,CS141,150.27712,-16.52097,150.3,-16.5,26.51517487,1.365096306,1200.515811,392.822998,2248.48999,503.6206741,144.7562409,0,16.76206124,4.84263313,2.01333955
GBR,CS143,149.96294,-16.29907,150,-16.3,26.56409725,1.371325188,540.0744623,363.0786667,766.3354752,97.30376194,52.73269531,1,15.96832468,4.674292487,1.926310214
GBR,CS144,149.95958,-16.28601,150,-16.3,26.56409725,1.371325188,511.5097899,322.0633367,755.5010613,96.77442787,51.48437477,1,15.83975687,4.637909126,1.903332478
GBR,CS145,149.96138,-16.2927,150,-16.3,26.56409725,1.371325188,511.5097899,322.0633367,755.5010613,96.77442787,51.48437477,1,15.83975687,4.637909126,1.903332478
GBR,CS146,147.84345,-16.49974,147.8,-16.5,26.47688866,1.518971322,605.2635291,421.7403259,895.8731934,111.0568044,25.09567521,1,14.53334861,4.617828988,1.803856124
GBR,CS147,147.84033,-16.51274,147.8,-16.5,26.46475967,1.523042342,564.3459576,440.696991,750.7237915,88.19764398,18.908235,0,14.83343402,4.700932971,1.837590965
GBR,CS148,147.84016,-16.50813,147.8,-16.5,26.46475967,1.523042342,564.3459576,440.696991,750.7237915,88.19764398,18.908235,0,14.83343402,4.700932971,1.837590965
GBR,CS149,147.84137,-16.50487,147.8,-16.5,26.46475967,1.523042342,564.3459576,440.696991,750.7237915,88.19764398,18.908235,0,14.83343402,4.700932971,1.837590965
GBR,CS15,150.00647,-16.92247,150,-16.9,26.39959812,1.402978955,563.8611307,349.089414,783.2212006,119.4499905,38.80415834,1,13.64472862,3.810286197,1.620590657
GBR,CS150,147.84932,-16.49493,147.8,-16.5,26.47688866,1.518971322,605.2635291,421.7403259,895.8731934,111.0568044,25.09567521,1,14.53334861,4.617828988,1.803856124
GBR,CS151,147.86608,-16.47592,147.9,-16.5,26.47304583,1.517630873,605.2635291,421.7403259,895.8731934,111.0568044,25.09567521,1,14.53334861,4.617828988,1.803856124
GBR,CS152,147.86472,-16.46823,147.9,-16.5,26.47304583,1.517630873,605.2635291,421.7403259,895.8731934,111.0568044,25.09567521,1,14.53334861,4.617828988,1.803856124
GBR,CS153,146.62455,-13.85535,146.6,-13.9,26.80614869,1.456880782,553.6866416,369.4803314,741.2682543,102.7571296,34.18457596,1,16.68251706,6.885262262,1.95303071
GBR,CS154,146.6254,-13.854,146.6,-13.9,26.80614869,1.456880782,553.6866416,369.4803314,741.2682543,102.7571296,34.18457596,1,16.68251706,6.885262262,1.95303071
GBR,CS155,146.55312,-13.8914,146.6,-13.9,26.80084912,1.458508911,950.5023136,649.2591756,1325.231157,134.7042682,58.92591468,1,14.4147459,5.92323573,1.65742035
GBR,CS156,146.56243,-13.88295,146.6,-13.9,26.80084912,1.458508911,950.5023136,649.2591756,1325.231157,134.7042682,58.92591468,1,14.4147459,5.92323573,1.65742035
GBR,CS157,146.5576,-13.8954,146.6,-13.9,26.80084912,1.458508911,950.5023136,649.2591756,1325.231157,134.7042682,58.92591468,1,14.4147459,5.92323573,1.65742035
GBR,CS158,146.57765,-13.87003,146.6,-13.9,26.80084912,1.458508911,973.8210404,671.4751765,1359.145996,136.034556,60.52361042,1,14.60699073,6.094506447,1.686336869
GBR,CS16,150.01143,-16.92251,150,-16.9,26.39959812,1.402978955,563.8611307,349.089414,783.2212006,119.4499905,38.80415834,1,13.64472862,3.810286197,1.620590657
GBR,CS17,149.90476,-16.97162,149.9,-17,26.39262597,1.411032317,590.254984,437.9720735,810.87744,104.1445806,35.54754473,1,13.53335994,3.827995729,1.640892869
GBR,CS171,147.0903,-15.48855,147.1,-15.5,26.66940006,1.499745898,785.5857496,401.9490051,1493.795044,271.1358823,68.6656168,0,15.24320079,5.441856169,1.871494305
GBR,CS172,147.0993,-15.48253,147.1,-15.5,26.66940006,1.499745898,785.5857496,401.9490051,1493.795044,271.1358823,68.6656168,0,15.24320079,5.441856169,1.871494305
GBR,CS173,147.10716,-15.48885,147.1,-15.5,26.67396768,1.496951193,785.5857496,401.9490051,1493.795044,271.1358823,68.6656168,0,15.24320079,5.441856169,1.871494305
GBR,CS174,147.10759,-15.48433,147.1,-15.5,26.67396768,1.496951193,785.5857496,401.9490051,1493.795044,271.1358823,68.6656168,0,15.24320079,5.441856169,1.871494305
GBR,CS175,147.08723,-15.4908,147.1,-15.5,26.66940006,1.499745898,785.5857496,401.9490051,1493.795044,271.1358823,68.6656168,0,15.24320079,5.441856169,1.871494305
GBR,CS176,147.10453,-15.48135,147.1,-15.5,26.67396768,1.496951193,785.5857496,401.9490051,1493.795044,271.1358823,68.6656168,0,15.24320079,5.441856169,1.871494305
GBR,CS177,146.69139,-13.98559,146.7,-14,26.79841391,1.453904009,648.35591,383.2256673,1023.183218,146.7919281,40.66771536,1,15.82605355,6.463879901,1.873700419
GBR,CS178,146.69067,-13.99381,146.7,-14,26.79841391,1.453904009,648.35591,383.2256673,1023.183218,146.7919281,40.66771536,1,15.82605355,6.463879901,1.873700419
GBR,CS179,146.67549,-13.97563,146.7,-14,26.79841391,1.453904009,648.35591,383.2256673,1023.183218,146.7919281,40.66771536,1,15.82605355,6.463879901,1.873700419
GBR,CS18,149.90547,-16.96134,149.9,-17,26.39262597,1.411032317,561.8001804,411.4120646,752.7998907,102.6364834,36.62269529,1,13.59502539,3.850600004,1.644830705
GBR,CS180,146.66721,-13.96688,146.7,-14,26.79841391,1.453904009,648.35591,383.2256673,1023.183218,146.7919281,40.66771536,1,15.82605355,6.463879901,1.873700419
GBR,CS181,146.6806,-13.96617,146.7,-14,26.79841391,1.453904009,648.35591,383.2256673,1023.183218,146.7919281,40.66771536,1,15.82605355,6.463879901,1.873700419
GBR,CS182,146.57249,-13.89028,146.6,-13.9,26.80084912,1.458508911,950.5023136,649.2591756,1325.231157,134.7042682,58.92591468,1,14.4147459,5.92323573,1.65742035
GBR,CS183,146.56733,-13.88715,146.6,-13.9,26.80084912,1.458508911,950.5023136,649.2591756,1325.231157,134.7042682,58.92591468,1,14.4147459,5.92323573,1.65742035
GBR,CS184,146.54613,-13.80117,146.5,-13.8,26.80534379,1.457273647,818.7632354,578.105334,1146.654325,123.3897309,56.34619953,1,16.36112821,6.870949948,1.92306801
GBR,CS185,144.44918,-10.44533,144.4,-10.4,26.85025056,1.375671951,736.8107613,516.7382253,1043.439203,118.5968024,53.75864276,1,15.75321679,8.823806164,1.833137017
GBR,CS186,144.45243,-10.43422,144.5,-10.4,26.85519663,1.375965565,736.8107613,516.7382253,1043.439203,118.5968024,53.75864276,1,15.75321679,8.823806164,1.833137017
GBR,CS187,144.45293,-10.44136,144.5,-10.4,26.85519663,1.375965565,736.8107613,516.7382253,1043.439203,118.5968024,53.75864276,1,15.75321679,8.823806164,1.833137017
GBR,CS188,144.43016,-10.44121,144.4,-10.4,26.85025056,1.375671951,736.8107613,516.7382253,1043.439203,118.5968024,53.75864276,1,15.75321679,8.823806164,1.833137017
GBR,CS189,144.43347,-10.44697,144.4,-10.4,26.85025056,1.375671951,736.8107613,516.7382253,1043.439203,118.5968024,53.75864276,1,15.75321679,8.823806164,1.833137017
GBR,CS190,144.5215,-10.29918,144.5,-10.3,26.86154461,1.356393227,1028.625252,767.9559725,1330.171529,133.797753,79.1224106,1,15.51430597,8.674984008,1.780537596
GBR,CS191,144.53391,-10.37448,144.5,-10.4,26.85943858,1.370277924,843.6462141,625.8260252,1143.090224,125.6163351,66.3895071,1,15.61973585,8.721626527,1.796770133
GBR,CS193,144.69198,-10.03875,144.7,-10,26.93708738,1.339617736,835.2871103,578.3785807,1157.122084,138.4840361,64.60952632,1,15.18578941,8.448684852,1.707982056
GBR,CS195,144.5954,-10.21767,144.6,-10.2,26.87410704,1.352865153,975.90969,741.918335,1287.799967,133.5237695,69.90438162,0,15.34099598,8.540077697,1.739580406
GBR,CS197,144.58955,-10.22733,144.6,-10.2,26.87410704,1.352865153,975.90969,741.918335,1287.799967,133.5237695,69.90438162,0,15.34099598,8.540077697,1.739580406
GBR,CS198,144.58684,-10.23257,144.6,-10.2,26.87410704,1.352865153,975.90969,741.918335,1287.799967,133.5237695,69.90438162,0,15.34099598,8.540077697,1.739580406
GBR,CS2,152.21197,-19.28441,152.2,-19.3,25.77992646,1.537101042,564.1330742,383.1545773,802.5923262,117.7356309,20.4246317,1,17.36667143,5.19702676,2.06691991
GBR,CS20,155.53484,-23.24725,155.5,-23.2,24.52888711,1.707727245,633.5232389,369.0546207,1039.605032,198.2136269,40.3896047,1,22.53482329,6.439692416,2.37620727
GBR,CS200,144.45777,-10.11558,144.5,-10.1,26.87723176,1.335321796,1029.363297,713.3060574,1565.094981,180.4313539,65.22939267,1,14.95396657,8.455298553,1.708182833
GBR,CS204,144.68513,-10.10505,144.7,-10.1,26.91428947,1.350662576,761.5345349,509.3113302,1028.922134,126.8763047,61.64349575,1,15.24741357,8.459967034,1.713187242
GBR,CS207,144.69456,-9.96837,144.7,-10,26.94730139,1.335212772,920.2723548,656.7412482,1351.236654,162.5752017,82.18932815,1,15.14208194,8.436268714,1.703930494
GBR,CS208,144.6913,-9.98877,144.7,-10,26.94730139,1.335212772,920.2723548,656.7412482,1351.236654,162.5752017,82.18932815,1,15.14208194,8.436268714,1.703930494
GBR,CS209,144.694,-9.97456,144.7,-10,26.94730139,1.335212772,920.2723548,656.7412482,1351.236654,162.5752017,82.18932815,1,15.14208194,8.436268714,1.703930494
GBR,CS21,155.55157,-23.25288,155.6,-23.3,24.5015521,1.712073673,629.4140824,385.1713684,1030.933679,195.7355981,39.40935099,1,22.66322646,6.466156393,2.382823912
GBR,CS211,144.57626,-10.14414,144.6,-10.1,26.892989,1.340376779,1416.711859,1022.389669,2055.839966,255.5951049,76.54050298,0,15.05151838,8.431238382,1.703990223
GBR,CS212,144.57013,-10.14587,144.6,-10.1,26.892989,1.340376779,1416.711859,1022.389669,2055.839966,255.5951049,76.54050298,0,15.05151838,8.431238382,1.703990223
GBR,CS22,155.55458,-23.25491,155.6,-23.3,24.5015521,1.712073673,629.4140824,385.1713684,1030.933679,195.7355981,39.40935099,1,22.66322646,6.466156393,2.382823912
GBR,CS23,155.55701,-23.24037,155.6,-23.2,24.51579682,1.707610825,629.4140824,385.1713684,1030.933679,195.7355981,39.40935099,1,22.66322646,6.466156393,2.382823912
GBR,CS24,155.54233,-23.24474,155.5,-23.2,24.52888711,1.707727245,629.4140824,385.1713684,1030.933679,195.7355981,39.40935099,1,22.66322646,6.466156393,2.382823912
GBR,CS25,155.54893,-23.244,155.5,-23.2,24.52888711,1.707727245,629.4140824,385.1713684,1030.933679,195.7355981,39.40935099,1,22.66322646,6.466156393,2.382823912
GBR,CS3,152.22077,-19.28476,152.2,-19.3,25.77992646,1.537101042,564.1330742,383.1545773,802.5923262,117.7356309,20.4246317,1,17.36667143,5.19702676,2.06691991
GBR,CS31,155.47404,-22.17677,155.5,-22.2,24.90567207,1.595313461,580.9901406,334.729002,902.0167602,176.3548875,17.44008772,1,22.0038722,6.385676454,2.316460532
GBR,CS32,155.47695,-22.17306,155.5,-22.2,24.90567207,1.595313461,580.9901406,334.729002,902.0167602,176.3548875,17.44008772,1,22.0038722,6.385676454,2.316460532
GBR,CS33,155.45378,-22.16356,155.5,-22.2,24.90567207,1.595313461,575.9786387,360.5034889,895.6859398,170.0854943,26.92609039,1,21.94326306,6.378090366,2.308605539
GBR,CS34,155.45462,-22.17084,155.5,-22.2,24.90567207,1.595313461,575.9786387,360.5034889,895.6859398,170.0854943,26.92609039,1,21.94326306,6.378090366,2.308605539
GBR,CS35,155.45081,-22.16866,155.5,-22.2,24.90567207,1.595313461,575.9786387,360.5034889,895.6859398,170.0854943,26.92609039,1,21.94326306,6.378090366,2.308605539
GBR,CS36,155.36165,-22.1854,155.4,-22.2,24.92428811,1.591256706,585.1824367,351.5465851,899.9001634,172.7519948,24.20485219,1,21.94304046,6.388902312,2.307469963
GBR,CS38,155.35576,-22.18586,155.4,-22.2,24.92428811,1.591256706,585.1824367,351.5465851,899.9001634,172.7519948,24.20485219,1,21.94304046,6.388902312,2.307469963
GBR,CS39,155.35547,-22.18985,155.4,-22.2,24.92428811,1.591256706,585.1824367,351.5465851,899.9001634,172.7519948,24.20485219,1,21.94304046,6.388902312,2.307469963
GBR,CS4,152.32594,-19.23026,152.3,-19.2,25.77003495,1.532849689,601.6063006,397.0929989,840.4508621,129.7249809,28.31174749,1,17.35930026,5.12246704,2.037208689
GBR,CS41,155.29443,-22.1977,155.3,-22.2,24.95041847,1.590674542,595.0272515,356.2120828,893.1328624,165.5148377,27.2213933,1,21.91220764,6.386290613,2.303338394
GBR,CS42,155.17601,-22.18602,155.2,-22.2,24.98541991,1.594147576,582.5027663,363.6925018,913.1124626,168.4814121,29.20480387,1,21.79567544,6.370060722,2.288360089
GBR,CS44,155.16463,-22.17629,155.2,-22.2,24.98541991,1.594147576,582.5027663,363.6925018,913.1124626,168.4814121,29.20480387,1,21.79567544,6.370060722,2.288360089
GBR,CS45,155.17796,-22.17583,155.2,-22.2,24.98541991,1.594147576,582.5027663,363.6925018,913.1124626,168.4814121,29.20480387,1,21.79567544,6.370060722,2.288360089
GBR,CS47,153.5935,-21.89659,153.6,-21.9,25.49456914,1.617016724,659.4763874,446.5404426,940.2252853,130.637428,25.11292378,1,19.29334305,6.067741563,2.151188728
GBR,CS48,153.53757,-21.89729,153.5,-21.9,25.52852774,1.625742406,619.0797192,377.4737286,878.7678432,134.8041352,32.66116562,1,18.83254999,5.951163069,2.116132183
GBR,CS5,152.3482,-19.25323,152.3,-19.3,25.76926502,1.536686461,497.1939458,308.4470078,694.2101408,113.8081649,28.7044742,1,17.50257444,5.166046799,2.053379143
GBR,CS50,153.57968,-21.91736,153.6,-21.9,25.48824565,1.621326193,619.0797192,377.4737286,878.7678432,134.8041352,32.66116562,1,19.06294652,6.009452316,2.133660456
GBR,CS51,153.58669,-21.91631,153.6,-21.9,25.48824565,1.621326193,659.4763874,446.5404426,940.2252853,130.637428,25.11292378,1,19.29334305,6.067741563,2.151188728
GBR,CS52,155.7542,-21.25707,155.8,-21.3,25.03076506,1.582243496,549.2376035,369.686888,847.8947321,136.5718936,20.44153207,1,21.97354918,6.351308255,2.31549076
GBR,CS54,155.75466,-21.25459,155.8,-21.3,25.03076506,1.582243496,559.3527213,312.218945,880.0902264,153.5926513,25.2177871,1,21.95152798,6.344261334,2.315438026
GBR,CS55,155.76086,-21.2535,155.8,-21.3,25.03076506,1.582243496,559.3527213,312.218945,880.0902264,153.5926513,25.2177871,1,21.95152798,6.344261334,2.315438026
GBR,CS56,155.76361,-21.248,155.8,-21.2,25.03943125,1.581462563,559.3527213,312.218945,880.0902264,153.5926513,25.2177871,1,21.95152798,6.344261334,2.315438026
GBR,CS57,155.76497,-21.24541,155.8,-21.2,25.03943125,1.581462563,559.3527213,312.218945,880.0902264,153.5926513,25.2177871,1,21.95152798,6.344261334,2.315438026
GBR,CS58,155.76575,-21.19993,155.8,-21.2,25.05050675,1.580581868,562.3554008,316.587944,881.5443034,154.5310003,27.44752679,1,21.92950678,6.337214413,2.315385292
GBR,CS6,152.34184,-19.25796,152.3,-19.3,25.76926502,1.536686461,543.9433643,336.3803977,785.1695535,129.4340436,27.22138779,1,17.6391433,5.251421298,2.085823744
GBR,CS60,155.77281,-21.20282,155.8,-21.2,25.03943125,1.581462563,562.3554008,316.587944,881.5443034,154.5310003,27.44752679,1,21.92950678,6.337214413,2.315385292
GBR,CS61,155.76982,-21.20865,155.8,-21.2,25.03943125,1.581462563,562.3554008,316.587944,881.5443034,154.5310003,27.44752679,1,21.92950678,6.337214413,2.315385292
GBR,CS63,154.3944,-21.0003,154.4,-21,25.36478917,1.546801539,512.7824444,287.5369212,823.3739047,137.3078862,25.076317,2,20.53762075,6.164705018,2.208346104
GBR,CS64,154.39374,-20.99787,154.4,-21,25.36887153,1.545633988,512.7824444,287.5369212,823.3739047,137.3078862,25.076317,2,20.53762075,6.164705018,2.208346104
GBR,CS65,154.39197,-21.0065,154.4,-21,25.36478917,1.546801539,506.6214119,316.1907298,840.5754249,140.0237396,20.04869422,1,20.58563973,6.183886427,2.211268702
GBR,CS7,152.38809,-19.1254,152.4,-19.1,25.78950675,1.523375113,544.8909978,391.5698946,754.2460645,101.6853304,27.5260701,1,17.83585007,5.219218523,2.084442024
GBR,CS71,154.3699,-21.020283,154.4,-21,25.36478917,1.546801539,730.7869372,460.9526638,1197.38058,178.2242804,38.62584428,1,20.44076454,6.152621484,2.199398842
GBR,CS72,154.37269,-21.02036,154.4,-21,25.36478917,1.546801539,506.6214119,316.1907298,840.5754249,140.0237396,20.04869422,1,20.58563973,6.183886427,2.211268702
GBR,CS73,154.39572,-20.93697,154.4,-20.9,25.37470881,1.544985853,502.9934443,237.0614685,808.7224538,136.8603613,27.5608559,1,20.53066513,6.157276731,2.210208849
GBR,CS74,154.39723,-20.93624,154.4,-20.9,25.37470881,1.544985853,502.9934443,237.0614685,808.7224538,136.8603613,27.5608559,1,20.53066513,6.157276731,2.210208849
GBR,CS8,152.38714,-19.09532,152.4,-19.1,25.80238469,1.517524818,544.8909978,391.5698946,754.2460645,101.6853304,27.5260701,1,17.83585007,5.219218523,2.084442024
GBR,CS9,149.200022,-16.921938,149.2,-16.9,26.42659076,1.459770663,503.7209253,359.6265622,733.3130219,97.49255487,32.09469917,1,14.06394452,4.186165418,1.780958511
GBR,GBR16,151.77309,-23.24659,151.8,-23.2,24.13349517,2.238593271,1483.391256,1195.818748,1813.997839,160.7532716,91.78767195,1,6.548396417,2.217205118,0.791960691
GBR,GBR17,151.77568,-23.24371,151.8,-23.2,24.13349517,2.238593271,1483.391256,1195.818748,1813.997839,160.7532716,91.78767195,1,6.548396417,2.217205118,0.791960691
GBR,GBR2,152.41618,-23.89878,152.4,-23.9,24.22214492,2.086426047,1061.691024,815.650457,1388.248085,164.6085917,68.95200434,1,9.064255266,3.247001283,1.207305092
GBR,GBR24,149.13292,-19.81261,149.1,-19.8,25.44409704,2.163958175,1371.962219,950.4266534,2014.781647,270.9911585,66.4639479,1,5.890755444,1.526727446,0.624940703
GBR,GBR25,149.13617,-19.81349,149.1,-19.8,25.44409704,2.163958175,1371.962219,950.4266534,2014.781647,270.9911585,66.4639479,1,5.890755444,1.526727446,0.624940703
GBR,GBR3,152.39361,-23.89929,152.4,-23.9,24.16806157,2.117604359,1168.046046,929.56476,1546.962277,151.0537083,89.88830306,1,8.270347534,2.94029222,1.086394459
GBR,GBR39,145.6632,-14.66452,145.7,-14.7,26.42423932,1.646465214,621.1385801,432.5736686,1102.6645,121.1802942,59.69186236,1,14.9586139,6.20507865,1.81607126
GBR,GBR41,144.50067,-13.97733,144.5,-14,26.38615449,1.73413239,983.4951826,687.6035708,1633.538531,227.2777664,72.06089437,1,7.279167424,3.516434896,0.836421623
GBR,GBR42,144.50024,-13.98066,144.5,-14,26.38615449,1.73413239,983.4951826,687.6035708,1633.538531,227.2777664,72.06089437,1,7.279167424,3.516434896,0.836421623
GBR,GBR45,143.40371,-12.28595,143.4,-12.3,26.68538857,1.781573286,963.9761394,692.3484361,1512.124595,173.0631115,91.4182336,2,0.149638897,0.039039799,0.010634866
GBR,GBR46,143.41092,-12.28241,143.4,-12.3,26.68538857,1.781573286,963.9761394,692.3484361,1512.124595,173.0631115,91.4182336,2,0.149638897,0.039039799,0.010634866
GBR,GBR47,143.40709,-12.28121,143.4,-12.3,26.68538857,1.781573286,963.9761394,692.3484361,1512.124595,173.0631115,91.4182336,2,0.149638897,0.039039799,0.010634866
GBR,GBR48,143.40302,-12.28091,143.4,-12.3,26.68538857,1.781573286,963.9761394,692.3484361,1512.124595,173.0631115,91.4182336,2,0.149638897,0.039039799,0.010634866
GBR,GBR49,143.40232,-12.29055,143.4,-12.3,26.68538857,1.781573286,963.9761394,692.3484361,1512.124595,173.0631115,91.4182336,2,0.149638897,0.039039799,0.010634866
GBR,GBR51,143.71759,-10.28793,143.7,-10.3,26.87313843,1.42997597,1650.354247,1346.898278,2210.425588,188.8549628,108.5216019,2,2.459077728,1.249246956,0.240837245
GBR,GBR52,143.70978,-10.2875,143.7,-10.3,26.87313843,1.42997597,1650.354247,1346.898278,2210.425588,188.8549628,108.5216019,2,2.459077728,1.249246956,0.240837245
GBR,GBR53,143.65005,-11.76571,143.7,-11.8,26.71697537,1.619046425,1392.061777,959.2843933,2083.891164,247.6200613,123.2163842,1,0.947330082,0.400768055,0.077537033
GBR,GBR54,143.64859,-12.16237,143.6,-12.2,26.6426096,1.654439331,1080.894717,798.1489529,1751.180495,202.8869318,99.31082935,2,2.04943663,0.861649904,0.164976223
GBR,GBR55,143.76197,-12.38375,143.8,-12.4,26.56212425,1.560544339,854.4770991,627.8626489,1296.682856,138.2364692,65.89515527,1,13.41873034,7.326383036,1.602979606
GBR,GBR56,143.75672,-12.38175,143.8,-12.4,26.56212425,1.560544339,854.4770991,627.8626489,1296.682856,138.2364692,65.89515527,1,13.41873034,7.326383036,1.602979606
GBR,GBR57,143.772,-12.38391,143.8,-12.4,26.56212425,1.560544339,854.4770991,627.8626489,1296.682856,138.2364692,65.89515527,1,13.41873034,7.326383036,1.602979606
GBR,GBR58,143.58327,-12.62531,143.6,-12.6,26.58988333,1.727382966,1038.27108,660.0503225,1612.503663,188.1324471,94.14607299,1,1.726857855,0.712363344,0.130896382
GBR,GBR59,143.8151,-12.87385,143.8,-12.9,26.5309329,1.610975137,799.1032001,584.7033139,1118.041114,129.0465694,56.77538719,1,12.74590554,6.900619929,1.567083706
GBR,GBR60,143.82034,-12.87695,143.8,-12.9,26.5309329,1.610975137,799.1032001,584.7033139,1118.041114,129.0465694,56.77538719,1,12.74590554,6.900619929,1.567083706
GBR,GBR62,144.28213,-13.8185,144.3,-13.8,26.37396208,1.69500574,1125.213332,792.3369637,1734.570518,219.3020591,87.46185331,1,6.95891912,3.596398081,0.798181632
GBR,GBR63,144.68397,-13.99527,144.7,-14,26.40330505,1.696710194,835.5578255,623.4988427,1286.021001,150.6397696,72.46408686,1,9.079609766,4.375225595,1.072073799
GBR,GBR64,144.67643,-13.98947,144.7,-14,26.40330505,1.696710194,835.5578255,623.4988427,1286.021001,150.6397696,72.46408686,1,9.079609766,4.375225595,1.072073799
GBR,GBR65,144.71335,-14.0108,144.7,-14,26.37069448,1.734666723,882.5678351,639.835781,1456.170171,179.5823719,77.75383526,1,8.961404374,4.352226014,1.072205407
GBR,GBR67,145.5309,-14.51742,145.5,-14.5,26.38678122,1.683552475,626.1143986,445.5637538,849.9077633,91.02726456,53.16253735,1,12.03014606,5.048202534,1.382962126
GBR,GBR70,145.571,-16.3835,145.6,-16.4,26.09323486,2.14414049,1141.885656,831.6524545,1887.853474,235.7670772,126.6577894,2,3.324721517,1.164723768,0.361603144
GBR,NQ3,143.37201,-12.40092,143.4,-12.4,26.67141199,1.804604107,854.4770991,627.8626489,1296.682856,138.2364692,65.89515527,2,0.153392469,0.040103084,0.007730925
GBR,QLD100,144.15061,-9.95826,144.2,-10,26.82760763,1.304004888,1096.461325,743.2352051,1868.232754,226.2191183,107.6537269,1,13.0998222,7.593330143,1.532805346
GBR,QLD103,144.03178,-9.9513,144,-10,26.8595171,1.315718508,1360.241515,1034.90059,2254.14445,227.6850194,105.8251688,1,8.535044957,4.802760892,0.95203547
GBR,QLD105,143.86969,-10.06687,143.9,-10.1,26.88307524,1.359701624,2200.126196,1574.178324,3091.651988,384.8966701,161.0869278,2,3.523432032,1.858852444,0.361853267
GBR,QLD106,143.87544,-10.0696,143.9,-10.1,26.88307524,1.359701624,1647.563751,1276.816678,2297.987941,228.5212195,104.7579479,2,6.045950625,3.354243698,0.669865389
GBR,QLD110,143.883,-10.0599,143.9,-10.1,26.88307524,1.359701624,1647.563751,1276.816678,2297.987941,228.5212195,104.7579479,2,6.045950625,3.354243698,0.669865389
GBR,QLD112,143.09259,-10.52274,143.1,-10.5,27.08455435,1.643922755,1726.74703,1255.676676,2460.375,266.7601878,188.046269,2,0.484299906,0.19388033,0.04212654
GBR,QLD15,150.98134,-23.18711,151,-23.2,23.76867263,2.910898252,1382.8146,909.2446476,1864.969075,259.1773963,121.6991388,2,0.25105014,0.1098896,0.036644621
GBR,QLD18,148.92328,-20.06494,148.9,-20.1,25.2347037,2.3651324,1413.434998,912.930976,1964.6373,267.2115931,113.0245736,1,0.075603509,0.067233925,0.019288499
GBR,QLD20,148.88061,-20.04033,148.9,-20,25.28425392,2.355808973,1369.205283,953.2286321,1863.658591,275.8206406,94.22206008,1,2.473167693,0.515869816,0.221197866
GBR,QLD46,145.46565,-14.68717,145.5,-14.7,26.27208328,1.813280697,645.2723484,432.8566681,1041.70815,116.3491606,56.53800158,1,6.122168777,2.385592704,0.661106744
GBR,QLD47,145.44327,-14.68708,145.4,-14.7,26.24372784,1.859604363,670.4153853,474.4429184,1024.545812,106.5770055,58.88730144,2,3.739888869,1.382689119,0.380610977
GBR,QLD50,145.44227,-14.66541,145.4,-14.7,26.24372784,1.859604363,661.1197517,471.1867538,893.8597626,93.50102023,57.86644146,1,5.481833163,2.169664643,0.599099561
GBR,QLD51,145.45076,-14.65706,145.5,-14.7,26.27208328,1.813280697,661.1197517,471.1867538,893.8597626,93.50102023,57.86644146,1,5.481833163,2.169664643,0.599099561
GBR,QLD52,145.45049,-14.65528,145.5,-14.7,26.27208328,1.813280697,661.1197517,471.1867538,893.8597626,93.50102023,57.86644146,1,5.481833163,2.169664643,0.599099561
GBR,QLD54,145.44851,-14.65101,145.4,-14.7,26.24372784,1.859604363,661.1197517,471.1867538,893.8597626,93.50102023,57.86644146,1,5.481833163,2.169664643,0.599099561
GBR,QLD55,145.45386,-14.6461,145.5,-14.6,26.29618645,1.784165584,661.1197517,471.1867538,893.8597626,93.50102023,57.86644146,1,5.481833163,2.169664643,0.599099561
GBR,QLD57,145.45471,-14.64524,145.5,-14.6,26.29618645,1.784165584,670.4153853,474.4429184,1024.545812,106.5770055,58.88730144,1,7.687052472,3.091548039,0.857789098
GBR,QLD60,147.70284,-18.66084,147.7,-18.7,25.95919832,1.872189048,937.0340817,778.6185465,1163.441906,90.46000545,65.78248483,1,8.697324289,2.367662146,0.981011122
GBR,QLD61,147.723103,-18.661726,147.7,-18.7,25.95919832,1.872189048,937.4722368,745.1768809,1157.652565,92.50937122,66.22992488,1,8.813444076,2.397002794,0.994053747
GBR,QLD62,147.70988,-18.65153,147.7,-18.7,25.95919832,1.872189048,937.4722368,745.1768809,1157.652565,92.50937122,66.22992488,1,8.813444076,2.397002794,0.994053747
GBR,QLD7,150.937484,-23.1957,150.9,-23.2,23.76151212,2.943617305,1382.8146,909.2446476,1864.969075,259.1773963,121.6991388,2,0.175284076,0.05253697,0.017300493
GBR,QLD72,152.5349,-22.38397,152.5,-22.4,24.79526997,2.107134633,1088.353822,707.7461563,1629.115523,274.4944718,81.84006816,1,12.50381595,4.535609157,1.651203575
Ningaloo,NMP-BF1,114.17564,-21.83921,114.2,-21.8,24.91309786,2.051094123,1639.413242,1213.355771,2194.268042,227.3590762,217.108391,2,0.549803418,0.181251605,0.071595797
Ningaloo,NMP-BF2,114.16954,-21.85245,114.2,-21.9,24.83429273,2.1197862,1639.413242,1213.355771,2194.268042,227.3590762,217.108391,2,0.549803418,0.181251605,0.071595797
Ningaloo,NMP-BF3,114.15926,-21.86648,114.2,-21.9,24.83429273,2.1197862,1639.413242,1213.355771,2194.268042,227.3590762,217.108391,2,0.549803418,0.181251605,0.071595797
Ningaloo,NMP-BF4,114.17777,-21.83633,114.2,-21.8,24.91309786,2.051094123,1639.413242,1213.355771,2194.268042,227.3590762,217.108391,2,0.804462389,0.305145492,0.103264611
Ningaloo,NMP-C1,113.75987,-23.17701,113.8,-23.2,24.07359584,1.840379556,1635.58225,1064.09797,2033.823027,175.0452385,279.3650549,1,17.9032839,5.325835733,1.870009558
Ningaloo,NMP-C3,113.75364,-23.14152,113.8,-23.1,24.11945502,1.847096814,1724.519245,1199.581372,2198.89237,193.665246,280.8758984,2,17.96217474,5.52659537,1.913034493
Ningaloo,NMP-C4,113.76354,-23.19995,113.8,-23.2,24.07359584,1.840379556,1635.58225,1064.09797,2033.823027,175.0452385,279.3650549,1,17.9032839,5.325835733,1.870009558
Ningaloo,NMP-P2,113.7807,-23.31925,113.8,-23.3,23.94850858,1.823494628,1711.116547,1212.200864,2576.997496,231.2366093,316.7644493,1,16.02867827,4.674424585,1.637895608
Ningaloo,NMP-S1,113.76443,-22.86905,113.8,-22.9,24.31357638,1.869252865,1744.209299,1408.798085,2374.132587,192.1105516,294.0176917,2,22.4846671,6.532849348,2.346265582
Ningaloo,NMP-S2,113.77937,-22.92875,113.8,-22.9,24.27280601,1.865365132,1724.09317,1352.451004,2370.679106,194.7908017,294.114515,1,16.79975145,4.833620731,1.711435191
Ningaloo,NMP-S3,113.75232,-23.12872,113.8,-23.1,24.11945502,1.847096814,1876.691976,1430.183333,2519.914164,241.520576,301.8657144,2,14.40990746,4.738977451,1.558434388
Ningaloo,NMP-S4,113.77923,-23.33246,113.8,-23.3,23.94850858,1.823494628,1711.116547,1212.200864,2576.997496,231.2366093,316.7644493,1,16.02867827,4.674424585,1.637895608
Ningaloo,NMP1,113.75042,-23.11234,113.8,-23.1,24.11945502,1.847096814,1876.691976,1430.183333,2519.914164,241.520576,301.8657144,2,14.40990746,4.738977451,1.558434388
Ningaloo,NMP10,113.76296,-23.21313,113.8,-23.2,24.02985859,1.833654975,1635.58225,1064.09797,2033.823027,175.0452385,279.3650549,1,17.9032839,5.325835733,1.870009558
Ningaloo,NMP11,113.76328,-23.20838,113.8,-23.2,24.02985859,1.833654975,1635.58225,1064.09797,2033.823027,175.0452385,279.3650549,1,17.9032839,5.325835733,1.870009558
Ningaloo,NMP13,113.76169,-23.17989,113.8,-23.2,24.07359584,1.840379556,1635.58225,1064.09797,2033.823027,175.0452385,279.3650549,1,17.9032839,5.325835733,1.870009558
Ningaloo,NMP14,113.76397,-23.17758,113.8,-23.2,24.07359584,1.840379556,1635.58225,1064.09797,2033.823027,175.0452385,279.3650549,1,17.9032839,5.325835733,1.870009558
Ningaloo,NMP19,113.73966,-23.09197,113.7,-23.1,24.16486963,1.85286907,1876.691976,1430.183333,2519.914164,241.520576,301.8657144,1,20.81206667,6.493122382,2.225789778
Ningaloo,NMP2,113.75562,-23.12142,113.8,-23.1,24.11945502,1.847096814,1876.691976,1430.183333,2519.914164,241.520576,301.8657144,2,14.40990746,4.738977451,1.558434388
Ningaloo,NMP20,113.81843,-23.04473,113.8,-23,24.1922423,1.857031189,1826.624448,1423.048644,2526.089445,245.5188361,321.8151372,2,9.779514764,3.27056791,1.044118287
Ningaloo,NMP21,113.76709,-23.14221,113.8,-23.1,24.11945502,1.847096814,1724.519245,1199.581372,2198.89237,193.665246,280.8758984,2,17.96217474,5.52659537,1.913034493
Ningaloo,NMP24,113.76248,-23.20194,113.8,-23.2,24.02985859,1.833654975,1635.58225,1064.09797,2033.823027,175.0452385,279.3650549,1,17.9032839,5.325835733,1.870009558
Ningaloo,NMP25,113.75209,-23.19459,113.8,-23.2,24.07359584,1.840379556,1635.58225,1064.09797,2033.823027,175.0452385,279.3650549,1,17.9032839,5.325835733,1.870009558
Ningaloo,NMP26,113.75466,-23.2175,113.8,-23.2,24.02985859,1.833654975,1662.723521,1066.82183,2355.096157,214.7871659,297.2614744,1,17.62422607,5.035144488,1.791898753
Ningaloo,NMP27,113.7404,-23.13496,113.7,-23.1,24.1245664,1.847199419,1724.519245,1199.581372,2198.89237,193.665246,280.8758984,1,19.41615127,5.882270419,2.048886153
Ningaloo,NMP28,113.79429,-23.098,113.8,-23.1,24.15865453,1.852224483,1876.691976,1430.183333,2519.914164,241.520576,301.8657144,2,24.90514825,6.673653782,2.43519197
Ningaloo,NMP29,113.75708,-23.16925,113.8,-23.2,24.07359584,1.840379556,1724.519245,1199.581372,2198.89237,193.665246,280.8758984,2,17.96217474,5.52659537,1.913034493
Ningaloo,NMP30,113.81886,-23.04801,113.8,-23,24.1922423,1.857031189,1918.532258,1551.303923,2719.186505,262.2721701,327.6574619,2,0.188424329,0.108752987,0.017426922
Ningaloo,NMP31,113.760286,-23.206149,113.8,-23.2,24.02985859,1.833654975,1635.58225,1064.09797,2033.823027,175.0452385,279.3650549,1,17.9032839,5.325835733,1.870009558
Ningaloo,NMP32,113.75582,-23.16465,113.8,-23.2,24.07359584,1.840379556,1724.519245,1199.581372,2198.89237,193.665246,280.8758984,2,17.96217474,5.52659537,1.913034493
Ningaloo,NMP6,113.75875,-23.16108,113.8,-23.2,24.07359584,1.840379556,1724.519245,1199.581372,2198.89237,193.665246,280.8758984,2,17.96217474,5.52659537,1.913034493
Ningaloo,NMP8,113.76097,-23.17642,113.8,-23.2,24.07359584,1.840379556,1635.58225,1064.09797,2033.823027,175.0452385,279.3650549,1,17.9032839,5.325835733,1.870009558
Ningaloo,NMP9,113.76158,-23.12627,113.8,-23.1,24.11945502,1.847096814,1876.691976,1430.183333,2519.914164,241.520576,301.8657144,2,14.40990746,4.738977451,1.558434388
NW,NWS1,124.2757,-12.8034,124.3,-12.8,28.48369884,1.17134283,825.8374125,469.358334,1474.143669,313.4967853,99.69079923,1,10.12885448,4.19133431,1.133407934
NW,NWS10,123.32136,-11.97452,123.3,-12,28.40088781,1.114160786,1737.319492,749.5750122,2604.242833,386.6340021,158.8618354,0,13.95294191,5.866758529,1.42177353
NW,NWS100,119.37575,-17.29965,119.4,-17.3,27.69127162,1.629373344,723.8672212,502.4603922,1224.85097,209.4464348,58.46504853,1,8.911812465,2.960841865,1.059117527
NW,NWS101,119.38393,-17.35516,119.4,-17.4,27.66717466,1.644299541,728.9065276,503.1177272,1243.777271,210.837449,58.46168422,1,8.717504138,2.898027243,1.03818331
NW,NWS102,119.37816,-17.3139,119.4,-17.3,27.67829307,1.636776196,723.8672212,502.4603922,1224.85097,209.4464348,58.46504853,1,8.911812465,2.960841865,1.059117527
NW,NWS11,123.33523,-11.98059,123.3,-12,28.40088781,1.114160786,1141.741996,628.4476708,1756.922081,272.48673,97.98739987,1,13.67891054,5.783206694,1.401453677
NW,NWS12,123.33757,-11.97626,123.3,-12,28.40088781,1.114160786,1141.741996,628.4476708,1756.922081,272.48673,97.98739987,1,13.67891054,5.783206694,1.401453677
NW,NWS13,123.3271,-11.9834,123.3,-12,28.40088781,1.114160786,1141.741996,628.4476708,1756.922081,272.48673,97.98739987,1,13.67891054,5.783206694,1.401453677
NW,NWS14,123.00392,-12.217,123,-12.2,28.39436054,1.138449574,1002.576945,734.5563558,1379.798741,172.8525319,68.84402209,2,14.84333247,5.983479727,1.537292248
NW,NWS15,123.00575,-12.2159,123,-12.2,28.39436054,1.138449574,1002.576945,734.5563558,1379.798741,172.8525319,68.84402209,2,14.84333247,5.983479727,1.537292248
NW,NWS16,122.98389,-12.23963,123,-12.2,28.40063477,1.139673876,988.45822,705.4917908,1339.863554,165.8899613,70.54717867,1,15.26410838,6.137437282,1.582676164
NW,NWS163,124.99591,-14.49741,125,-14.5,28.32631334,1.319570911,1707.453185,1275.994303,2293.378866,215.492794,106.5505092,2,0.083753029,0.05031253,0.011562209
NW,NWS164,124.33321,-15.0667,124.3,-15.1,28.4021012,1.37929087,1385.854821,984.8929616,1747.61305,197.2841968,49.82723242,2,1.587851,1.518416164,0.38968701
NW,NWS165,123.04739,-15.92443,123,-15.9,28.04376745,1.642467946,2213.587443,1392.786126,3333.31665,435.2035581,242.5901482,1,2.594841397,1.601908867,0.414466647
NW,NWS166,123.04187,-15.92278,123,-15.9,28.04376745,1.642467946,2213.587443,1392.786126,3333.31665,435.2035581,242.5901482,1,2.594841397,1.601908867,0.414466647
NW,NWS167,123.35675,-15.7837,123.4,-15.8,28.17465226,1.574453511,1750.360224,1346.78835,2258.341739,195.601275,115.0933447,2,1.342306345,0.734327089,0.182177841
NW,NWS168,123.23433,-15.51735,123.2,-15.5,28.10575644,1.342575379,2132.058597,1643.916708,3458.590007,344.5165284,197.3878489,1,1.475420013,0.686905657,0.20321157
NW,NWS169,123.26715,-15.51897,123.3,-15.5,28.11715794,1.354526933,2123.638088,1515.23999,3032.475016,351.1982103,199.2413301,1,1.641051426,0.818912346,0.244049922
NW,NWS17,122.99063,-12.24179,123,-12.2,28.40063477,1.139673876,988.45822,705.4917908,1339.863554,165.8899613,70.54717867,1,15.26410838,6.137437282,1.582676164
NW,NWS170,123.24475,-15.45017,123.2,-15.5,28.10443989,1.307443983,1995.699969,1491.142771,2954.530029,323.4966235,180.6051915,2,2.066022931,1.218680198,0.354254741
NW,NWS171,123.25202,-15.44617,123.3,-15.4,28.11302662,1.285623299,1995.699969,1491.142771,2954.530029,323.4966235,180.6051915,2,2.066022931,1.218680198,0.354254741
NW,NWS172,121.97364,-14.07044,122,-14.1,28.40703996,1.224907961,726.301405,546.5467576,1141.820709,163.5952461,69.97916394,1,13.20894681,4.823921054,1.52886198
NW,NWS173,121.96976,-14.12994,122,-14.1,28.40707811,1.225914721,694.6713636,504.2534756,1233.156698,171.3677223,61.18635806,1,12.77170622,4.684096069,1.498730488
NW,NWS174,121.90265,-13.92629,121.9,-13.9,28.41214879,1.224614324,737.1339093,516.3055929,1051.314943,154.7285016,62.88805928,2,13.01005365,4.756846411,1.486394827
NW,NWS175,121.91215,-13.91925,121.9,-13.9,28.41214879,1.224614324,705.7642043,474.0557638,1022.281382,153.5579599,66.83113938,1,13.04502745,4.799405094,1.490655057
NW,NWS176,122.00576,-13.62454,122,-13.6,28.44075871,1.212630145,626.3612314,417.9203356,980.4480828,163.766329,63.94409308,1,13.13228702,4.939202992,1.481038294
NW,NWS177,122.02215,-13.6323,122,-13.6,28.44075871,1.212630145,1307.594341,523.8358256,1979.085256,364.6175467,172.5822899,2,12.46933599,4.703395942,1.419652889
NW,NWS178,123.04095,-12.19673,123,-12.2,28.39191453,1.133397002,879.2816714,666.9969279,1246.20414,170.3444633,59.07195981,1,14.66506499,5.983426834,1.513440818
NW,NWS179,123.04288,-12.20716,123,-12.2,28.39436054,1.138449574,879.2816714,666.9969279,1246.20414,170.3444633,59.07195981,1,14.66506499,5.983426834,1.513440818
NW,NWS18,122.984927,-12.241222,123,-12.2,28.40063477,1.139673876,988.45822,705.4917908,1339.863554,165.8899613,70.54717867,1,15.26410838,6.137437282,1.582676164
NW,NWS180,123.05053,-12.21192,123.1,-12.2,28.38914744,1.138157811,918.224151,696.4176839,1307.643065,176.8802155,62.30159677,2,14.36908485,5.837855933,1.49056119
NW,NWS181,123.07672,-12.18941,123.1,-12.2,28.38693317,1.132923484,879.2816714,666.9969279,1246.20414,170.3444633,59.07195981,1,14.66506499,5.983426834,1.513440818
NW,NWS182,123.05939,-12.17455,123.1,-12.2,28.38693317,1.132923484,879.2816714,666.9969279,1246.20414,170.3444633,59.07195981,1,14.66506499,5.983426834,1.513440818
NW,NWS183,123.06644,-12.17552,123.1,-12.2,28.38693317,1.132923484,879.2816714,666.9969279,1246.20414,170.3444633,59.07195981,1,14.66506499,5.983426834,1.513440818
NW,NWS184,123.07097,-12.17905,123.1,-12.2,28.38693317,1.132923484,879.2816714,666.9969279,1246.20414,170.3444633,59.07195981,1,14.66506499,5.983426834,1.513440818
NW,NWS185,123.11123,-12.18477,123.1,-12.2,28.38334099,1.132649828,872.3610848,628.9766642,1279.211079,187.7834116,55.38705551,2,14.23121867,5.841723421,1.472845306
NW,NWS186,123.57526,-12.52576,123.6,-12.5,28.43774541,1.171006983,875.6043497,509.7344988,1564.789702,316.1653571,77.1658957,1,10.59507235,4.385235038,1.156291005
NW,NWS187,123.57985,-12.53478,123.6,-12.5,28.43774541,1.171006983,834.4351301,487.2977498,1479.691819,282.5584738,76.75579572,1,10.54995969,4.364396931,1.150989846
NW,NWS188,123.57827,-12.52658,123.6,-12.5,28.43774541,1.171006983,834.4351301,487.2977498,1479.691819,282.5584738,76.75579572,1,10.54995969,4.364396931,1.150989846
NW,NWS189,123.57215,-12.52527,123.6,-12.5,28.43774541,1.171006983,875.6043497,509.7344988,1564.789702,316.1653571,77.1658957,1,10.59507235,4.385235038,1.156291005
NW,NWS19,122.983286,-12.240542,123,-12.2,28.40063477,1.139673876,988.45822,705.4917908,1339.863554,165.8899613,70.54717867,1,15.26410838,6.137437282,1.582676164
NW,NWS190,123.56892,-12.52495,123.6,-12.5,28.43774541,1.171006983,875.6043497,509.7344988,1564.789702,316.1653571,77.1658957,1,10.59507235,4.385235038,1.156291005
NW,NWS191,123.56482,-12.5245,123.6,-12.5,28.43774541,1.171006983,875.6043497,509.7344988,1564.789702,316.1653571,77.1658957,1,10.59507235,4.385235038,1.156291005
NW,NWS192,123.58274,-12.52689,123.6,-12.5,28.43774541,1.171006983,834.4351301,487.2977498,1479.691819,282.5584738,76.75579572,1,10.54995969,4.364396931,1.150989846
NW,NWS193,123.56101,-12.52436,123.6,-12.5,28.43774541,1.171006983,875.6043497,509.7344988,1564.789702,316.1653571,77.1658957,1,10.59507235,4.385235038,1.156291005
NW,NWS194,123.5508,-14.10193,123.6,-14.1,28.36996492,1.15081703,819.4791401,509.5505416,1402.088875,228.2189701,72.37164163,1,5.400217354,2.817399646,0.917891011
NW,NWS195,123.55655,-14.10958,123.6,-14.1,28.36996492,1.15081703,819.4791401,509.5505416,1402.088875,228.2189701,72.37164163,1,5.400217354,2.817399646,0.917891011
NW,NWS196,123.55491,-14.1045,123.6,-14.1,28.36996492,1.15081703,819.4791401,509.5505416,1402.088875,228.2189701,72.37164163,1,5.400217354,2.817399646,0.917891011
NW,NWS197,125.35585,-14.05661,125.4,-14.1,28.2899464,1.399659649,1661.752606,1299.890015,2108.827131,206.9525243,79.39350763,0,2.224005418,2.243236482,0.55373349
NW,NWS198,125.3604,-14.05545,125.4,-14.1,28.2899464,1.399659649,1661.752606,1299.890015,2108.827131,206.9525243,79.39350763,0,2.224005418,2.243236482,0.55373349
NW,NWS199,125.64153,-13.94304,125.6,-13.9,28.26921908,1.475594303,1582.020204,1167.245876,2162.602954,263.846461,125.4494543,2,1.694330886,1.505683149,0.359060165
NW,NWS2,124.0382,-12.5583,124,-12.6,28.4619058,1.163348306,794.8466819,511.4020081,1394.024915,286.7236085,77.41407319,0,10.2535518,4.230309665,1.11876545
NW,NWS20,123.00182,-12.24414,123,-12.2,28.39436054,1.138449574,1002.576945,734.5563558,1379.798741,172.8525319,68.84402209,2,14.84333247,5.983479727,1.537292248
NW,NWS200,125.63595,-13.94105,125.6,-13.9,28.26921908,1.475594303,1582.020204,1167.245876,2162.602954,263.846461,125.4494543,2,1.694330886,1.505683149,0.359060165
NW,NWS201,127.2726,-13.82453,127.3,-13.8,28.13987398,1.609745899,3083.231669,1889.662222,4301.293996,645.018194,254.7709391,1,0.827070637,0.460743056,0.119909597
NW,NWS21,122.99881,-12.24405,123,-12.2,28.40063477,1.139673876,1002.576945,734.5563558,1379.798741,172.8525319,68.84402209,2,14.84333247,5.983479727,1.537292248
NW,NWS22,122.986398,-12.241092,123,-12.2,28.40063477,1.139673876,988.45822,705.4917908,1339.863554,165.8899613,70.54717867,1,15.26410838,6.137437282,1.582676164
NW,NWS23,122.99001,-12.23384,123,-12.2,28.40063477,1.139673876,988.45822,705.4917908,1339.863554,165.8899613,70.54717867,1,15.26410838,6.137437282,1.582676164
NW,NWS24,122.985307,-12.242641,123,-12.2,28.40063477,1.139673876,988.45822,705.4917908,1339.863554,165.8899613,70.54717867,1,15.26410838,6.137437282,1.582676164
NW,NWS25,122.986433,-12.239894,123,-12.2,28.40063477,1.139673876,988.45822,705.4917908,1339.863554,165.8899613,70.54717867,1,15.26410838,6.137437282,1.582676164
NW,NWS26,121.99474,-13.62389,122,-13.6,28.44104274,1.214204089,626.3612314,417.9203356,980.4480828,163.766329,63.94409308,1,13.13228702,4.939202992,1.481038294
NW,NWS27,121.961272,-14.070388,122,-14.1,28.40703996,1.224907961,726.301405,546.5467576,1141.820709,163.5952461,69.97916394,1,13.20894681,4.823921054,1.52886198
NW,NWS28,121.94218,-14.1327,121.9,-14.1,28.40611617,1.227207487,696.3135621,507.8291999,1145.117747,163.0823064,59.88572132,1,12.84527601,4.705653492,1.501379536
NW,NWS29,121.94546,-14.12668,121.9,-14.1,28.40611617,1.227207487,733.8958265,548.3968111,1217.152517,171.3683331,69.05224247,2,12.96189967,4.737887816,1.506020503
NW,NWS3,123.3878,-11.9719,123.4,-12,28.40379763,1.116002315,831.934116,537.7386661,1350.764201,225.9459604,70.06458781,1,13.39961781,5.686341651,1.377128396
NW,NWS30,121.9589,-14.14184,122,-14.1,28.40707811,1.225914721,694.6713636,504.2534756,1233.156698,171.3677223,61.18635806,1,12.77170622,4.684096069,1.498730488
NW,NWS31,121.95693,-14.14383,122,-14.1,28.40707811,1.225914721,694.6713636,504.2534756,1233.156698,171.3677223,61.18635806,1,12.77170622,4.684096069,1.498730488
NW,NWS32,121.96473,-14.10934,122,-14.1,28.40707811,1.225914721,733.8958265,548.3968111,1217.152517,171.3683331,69.05224247,1,12.99032652,4.754008562,1.513796234
NW,NWS33,121.95847,-14.05597,122,-14.1,28.40703996,1.224907961,726.301405,546.5467576,1141.820709,163.5952461,69.97916394,1,13.20894681,4.823921054,1.52886198
NW,NWS34,121.9653,-14.06257,122,-14.1,28.40703996,1.224907961,726.301405,546.5467576,1141.820709,163.5952461,69.97916394,1,13.20894681,4.823921054,1.52886198
NW,NWS35,121.95083,-14.0717,122,-14.1,28.40703996,1.224907961,726.301405,546.5467576,1141.820709,163.5952461,69.97916394,2,13.07852333,4.770122141,1.51066147
NW,NWS36,121.78767,-14.0747,121.8,-14.1,28.41229884,1.229314651,744.3641214,499.2432743,1096.230722,149.0994289,62.34467081,1,13.01607329,4.71539365,1.493219216
NW,NWS37,121.78072,-14.0453,121.8,-14,28.41332006,1.228839149,754.3366933,521.0151655,1035.587286,142.8327493,64.44946636,1,13.38267717,4.822828762,1.531186685
NW,NWS38,121.77651,-14.06866,121.8,-14.1,28.41229884,1.229314651,754.3366933,521.0151655,1035.587286,142.8327493,64.44946636,1,13.38267717,4.822828762,1.531186685
NW,NWS39,121.74816,-14.0828,121.7,-14.1,28.41577911,1.230057578,754.3366933,521.0151655,1035.587286,142.8327493,64.44946636,1,13.38267717,4.822828762,1.531186685
NW,NWS4,123.3794,-11.969,123.4,-12,28.40379763,1.116002315,831.934116,537.7386661,1350.764201,225.9459604,70.06458781,1,13.39961781,5.686341651,1.377128396
NW,NWS40,121.742,-14.0785,121.7,-14.1,28.41577911,1.230057578,765.4158053,526.5024797,1071.635212,147.7658211,67.44436489,1,13.74928106,4.930263874,1.569154153
NW,NWS41,121.72068,-14.10823,121.7,-14.1,28.41530085,1.230430202,721.715712,504.6332732,1050.939714,146.4347713,66.29284045,1,13.70253664,4.928473381,1.56997441
NW,NWS5,123.38074,-11.97961,123.4,-12,28.40379763,1.116002315,831.934116,537.7386661,1350.764201,225.9459604,70.06458781,1,13.39961781,5.686341651,1.377128396
NW,NWS50,118.97,-17.6101,119,-17.6,27.5418884,1.657827763,754.944784,489.4533705,1255.691256,225.2495194,53.09896458,1,9.316337943,3.074884907,1.065180082
NW,NWS51,118.96364,-17.6089,119,-17.6,27.5418884,1.657827763,754.944784,489.4533705,1255.691256,225.2495194,53.09896458,1,9.316337943,3.074884907,1.065180082
NW,NWS52,118.96364,-17.6089,119,-17.6,27.5418884,1.657827763,754.944784,489.4533705,1255.691256,225.2495194,53.09896458,1,9.316337943,3.074884907,1.065180082
NW,NWS53,118.96872,-17.579,119,-17.6,27.55122979,1.6494546,769.575218,499.6966388,1231.723822,214.3483936,53.59305375,1,9.545121765,3.156357495,1.092816345
NW,NWS54,118.9369,-17.5804,118.9,-17.6,27.549215,1.648324549,790.686024,519.6924274,1237.512411,214.7264227,58.48175713,1,9.761251721,3.229638167,1.112998032
NW,NWS55,118.97193,-17.56991,119,-17.6,27.55122979,1.6494546,769.575218,499.6966388,1231.723822,214.3483936,53.59305375,1,9.545121765,3.156357495,1.092816345
NW,NWS56,118.9747,-17.6102,119,-17.6,27.5418884,1.657827763,754.944784,489.4533705,1255.691256,225.2495194,53.09896458,1,9.316337943,3.074884907,1.065180082
NW,NWS57,118.9737,-17.548,119,-17.5,27.56295745,1.641871558,769.575218,499.6966388,1231.723822,214.3483936,53.59305375,1,9.545121765,3.156357495,1.092816345
NW,NWS58,118.9738,-17.5531,119,-17.6,27.55122979,1.6494546,769.575218,499.6966388,1231.723822,214.3483936,53.59305375,1,9.545121765,3.156357495,1.092816345
NW,NWS59,118.9668,-17.54732,119,-17.5,27.56295745,1.641871558,769.575218,499.6966388,1231.723822,214.3483936,53.59305375,1,9.545121765,3.156357495,1.092816345
NW,NWS6,123.38116,-11.97448,123.4,-12,28.40379763,1.116002315,831.934116,537.7386661,1350.764201,225.9459604,70.06458781,1,13.39961781,5.686341651,1.377128396
NW,NWS60,118.96884,-17.54749,119,-17.5,27.56295745,1.641871558,769.575218,499.6966388,1231.723822,214.3483936,53.59305375,1,9.545121765,3.156357495,1.092816345
NW,NWS61,118.9724,-17.5582,119,-17.6,27.55122979,1.6494546,769.575218,499.6966388,1231.723822,214.3483936,53.59305375,1,9.545121765,3.156357495,1.092816345
NW,NWS62,118.96635,-17.50713,119,-17.5,27.56295745,1.641871558,762.6808138,506.3384003,1206.171079,207.3773779,53.60743457,1,9.773905588,3.237830082,1.120452608
NW,NWS63,118.96276,-17.50218,119,-17.5,27.56295745,1.641871558,758.6835872,523.2802778,1189.312754,199.8333659,53.88886034,0,10.01854769,3.329221436,1.14958506
NW,NWS64,118.94214,-17.56045,118.9,-17.6,27.549215,1.648324549,790.686024,519.6924274,1237.512411,214.7264227,58.48175713,1,9.761251721,3.229638167,1.112998032
NW,NWS65,119.6277,-17.1641,119.6,-17.2,27.77010806,1.627083391,857.7856391,556.4559093,1339.573627,215.785391,81.11351859,1,8.798316723,2.932212345,1.069263485
NW,NWS66,119.6539,-17.0764,119.7,-17.1,27.81275129,1.612100458,782.6216491,541.5230078,1174.389569,188.8632777,58.35774171,1,9.242437383,3.07485834,1.12101661
NW,NWS67,119.6455,-17.07374,119.6,-17.1,27.8013471,1.609731619,782.6216491,541.5230078,1174.389569,188.8632777,58.35774171,1,9.242437383,3.07485834,1.12101661
NW,NWS68,119.64696,-17.06263,119.6,-17.1,27.8013471,1.609731619,782.6216491,541.5230078,1174.389569,188.8632777,58.35774171,1,9.242437383,3.07485834,1.12101661
NW,NWS69,119.6494,-17.0658,119.6,-17.1,27.8013471,1.609731619,782.6216491,541.5230078,1174.389569,188.8632777,58.35774171,1,9.242437383,3.07485834,1.12101661
NW,NWS7,123.3586,-11.9671,123.4,-12,28.40379763,1.116002315,1141.741996,628.4476708,1756.922081,272.48673,97.98739987,1,13.67891054,5.783206694,1.401453677
NW,NWS70,119.6339,-17.13371,119.6,-17.1,27.78543727,1.618182504,857.7856391,556.4559093,1339.573627,215.785391,81.11351859,1,8.798316723,2.932212345,1.069263485
NW,NWS71,119.6311,-17.15365,119.6,-17.2,27.77010806,1.627083391,857.7856391,556.4559093,1339.573627,215.785391,81.11351859,1,8.798316723,2.932212345,1.069263485
NW,NWS72,119.64617,-17.0754,119.6,-17.1,27.8013471,1.609731619,782.6216491,541.5230078,1174.389569,188.8632777,58.35774171,1,9.242437383,3.07485834,1.12101661
NW,NWS73,119.64167,-17.06644,119.6,-17.1,27.8013471,1.609731619,782.6216491,541.5230078,1174.389569,188.8632777,58.35774171,1,9.242437383,3.07485834,1.12101661
NW,NWS74,119.643667,-17.06983,119.6,-17.1,27.8013471,1.609731619,782.6216491,541.5230078,1174.389569,188.8632777,58.35774171,1,9.242437383,3.07485834,1.12101661
NW,NWS75,119.6148,-17.08687,119.6,-17.1,27.8013471,1.609731619,714.7789271,487.5781383,1136.316134,193.3283437,57.54107263,1,9.431106443,3.141714455,1.139181622
NW,NWS76,119.63474,-17.11469,119.6,-17.1,27.78543727,1.618182504,883.1272295,598.6444996,1305.704586,194.0943641,76.1409837,1,9.020377053,3.003535343,1.095140048
NW,NWS77,119.64815,-17.06202,119.6,-17.1,27.8013471,1.609731619,782.6216491,541.5230078,1174.389569,188.8632777,58.35774171,1,9.242437383,3.07485834,1.12101661
NW,NWS78,119.64027,-17.0666,119.6,-17.1,27.8013471,1.609731619,782.6216491,541.5230078,1174.389569,188.8632777,58.35774171,1,9.242437383,3.07485834,1.12101661
NW,NWS79,119.6533,-17.0721,119.7,-17.1,27.81275129,1.612100458,782.6216491,541.5230078,1174.389569,188.8632777,58.35774171,1,9.242437383,3.07485834,1.12101661
NW,NWS8,123.36079,-11.97908,123.4,-12,28.40379763,1.116002315,1141.741996,628.4476708,1756.922081,272.48673,97.98739987,1,13.67891054,5.783206694,1.401453677
NW,NWS80,119.65518,-17.08181,119.7,-17.1,27.81275129,1.612100458,782.6216491,541.5230078,1174.389569,188.8632777,58.35774171,1,9.242437383,3.07485834,1.12101661
NW,NWS81,119.61792,-17.02767,119.6,-17,27.81783597,1.60163414,784.420216,490.8931236,1213.944331,212.8160163,70.37681959,0,9.659595716,3.217297673,1.165684923
NW,NWS82,119.5962,-17.0762,119.6,-17.1,27.7917366,1.607250576,714.7789271,487.5781383,1136.316134,193.3283437,57.54107263,1,9.431106443,3.141714455,1.139181622
NW,NWS83,119.35201,-17.24607,119.4,-17.2,27.70641931,1.622233168,696.7524028,452.7531148,1182.118162,203.6871141,57.01844201,1,9.57255786,3.189231655,1.131364166
NW,NWS84,119.34713,-17.24612,119.3,-17.2,27.70120049,1.620297508,696.7524028,452.7531148,1182.118162,203.6871141,57.01844201,1,9.57255786,3.189231655,1.131364166
NW,NWS85,119.35201,-17.24607,119.4,-17.2,27.70641931,1.622233168,696.7524028,452.7531148,1182.118162,203.6871141,57.01844201,1,9.57255786,3.189231655,1.131364166
NW,NWS86,119.3781,-17.2927,119.4,-17.3,27.69127162,1.629373344,715.6625445,498.0946801,1200.993112,206.998631,56.94927474,1,9.1558746,3.046846267,1.08780711
NW,NWS87,119.3769,-17.2843,119.4,-17.3,27.69127162,1.629373344,715.6625445,498.0946801,1200.993112,206.998631,56.94927474,1,9.1558746,3.046846267,1.08780711
NW,NWS88,119.3775,-17.288,119.4,-17.3,27.69127162,1.629373344,715.6625445,498.0946801,1200.993112,206.998631,56.94927474,1,9.1558746,3.046846267,1.08780711
NW,NWS89,119.36037,-17.25302,119.4,-17.3,27.69127162,1.629373344,696.7524028,452.7531148,1182.118162,203.6871141,57.01844201,1,9.57255786,3.189231655,1.131364166
NW,NWS9,123.33694,-11.9706,123.3,-12,28.40088781,1.114160786,1141.741996,628.4476708,1756.922081,272.48673,97.98739987,1,13.67891054,5.783206694,1.401453677
NW,NWS90,119.3724,-17.28632,119.4,-17.3,27.69127162,1.629373344,715.6625445,498.0946801,1200.993112,206.998631,56.94927474,1,9.1558746,3.046846267,1.08780711
NW,NWS91,119.37301,-17.28312,119.4,-17.3,27.69127162,1.629373344,715.6625445,498.0946801,1200.993112,206.998631,56.94927474,1,9.1558746,3.046846267,1.08780711
NW,NWS92,119.37053,-17.28321,119.4,-17.3,27.69127162,1.629373344,715.6625445,498.0946801,1200.993112,206.998631,56.94927474,1,9.1558746,3.046846267,1.08780711
NW,NWS93,119.3423,-17.29772,119.3,-17.3,27.68549426,1.626992432,776.5684611,507.7714786,1304.367217,239.1575664,80.63738521,2,9.064157296,3.004230407,1.070083436
NW,NWS94,119.33673,-17.30364,119.3,-17.3,27.67173529,1.633578339,776.5684611,507.7714786,1304.367217,239.1575664,80.63738521,2,9.064157296,3.004230407,1.070083436
NW,NWS95,119.3675,-17.31065,119.4,-17.3,27.67829307,1.636776196,776.5684611,507.7714786,1304.367217,239.1575664,80.63738521,2,9.064157296,3.004230407,1.070083436
NW,NWS96,119.3605,-17.31882,119.4,-17.3,27.67829307,1.636776196,776.5684611,507.7714786,1304.367217,239.1575664,80.63738521,2,9.064157296,3.004230407,1.070083436
NW,NWS97,119.3675,-17.3155,119.4,-17.3,27.67829307,1.636776196,776.5684611,507.7714786,1304.367217,239.1575664,80.63738521,2,9.064157296,3.004230407,1.070083436
NW,NWS98,119.37064,-17.30694,119.4,-17.3,27.67829307,1.636776196,723.8672212,502.4603922,1224.85097,209.4464348,58.46504853,1,8.911812465,2.960841865,1.059117527
NW,NWS99,119.35929,-17.2909,119.4,-17.3,27.69127162,1.629373344,735.06261,487.2361518,1216.322032,207.1345137,61.52807904,1,9.318357578,3.096731031,1.100723801
NW,WA83,123.05123,-16.43598,123.1,-16.4,27.96941169,1.982886796,2573.406706,1780.55898,3631.919498,437.713128,263.2308941,2,0.049821989,0.019058099,0.005088411
NW,WA84,123.08899,-16.43131,123.1,-16.4,27.96941169,1.982886796,2825.647598,1904.162292,3900.440277,482.8937757,259.3715284,2,0.163947511,0.172616107,0.03300152
NW,WA85,123.068522,-16.430728,123.1,-16.4,27.96941169,1.982886796,2573.406706,1780.55898,3631.919498,437.713128,263.2308941,2,0.049821989,0.019058099,0.005088411
NW,WA86,123.033795,-16.419257,123,-16.4,27.9619991,1.975263313,2573.406706,1780.55898,3631.919498,437.713128,263.2308941,2,0.88090144,0.682099503,0.160882721
NW,WA87,123.03509,-16.39654,123,-16.4,27.96984116,1.928749252,2573.406706,1780.55898,3631.919498,437.713128,263.2308941,2,0.023973716,0.025636392,0.005285348