"site_code","site_name","latitude","longitude","SiteLong_rd","SiteLat_rd","Mean_SST_cl","SD_SST_cl","npp_mean","npp_min","npp_max","npp_sd","npp_interann_sd","npp_flag","wave_mean","wave_sd","wave_interann_sd","land_area_20km","reef_area_20km","pop2015_20km","depth","MMM","maxDHW","maxSSTA","Year_Pre","Year_Post","interval"
"CS1","Long Reef West",-19.29696,152.23517,152.2,-19.3,25.77992646,1.537101042,626.7656041,400.2669983,893.914502,127.8486918,26.43851386,0,17.50817396,5.296239166,2.101123289,0,45.25,0,9.75,27.81085968,0,0,2012,2016.8,4.8
"CS10","NE Herald Cay SW",-16.94777,149.18262,149.2,-16.9,26.425856432,1.46163111,503.7209253,359.6265622,733.3130219,97.49255487,32.09469917,1,14.06394452,4.186165418,1.780958511,0,26.75,0,6,28.340346144,0,0,2012,2017,5
"CS101","Diamond Cay Islet",-17.41432,151.07258,151.1,-17.4,26.23865366,1.414672343,503.0768146,367.502366,643.9198316,80.87535091,24.73255108,1,17.42269235,4.929171584,2.076740538,0,40.75,0,12.5,28.06956863,0,0,2013,2016,3
"CS102","East Diamond Islet NW",-17.41703,151.07128,151.1,-17.4,26.23865366,1.414672343,503.0768146,367.502366,643.9198316,80.87535091,24.73255108,1,17.42269235,4.929171584,2.076740538,0,40.75,0,7,28.06956863,0,0,2013,2016,3
"CS103","East Diamond Islet lagoon",-17.43525,151.07027,151.1,-17.4,26.23865366,1.414672343,500.9543946,347.7218412,663.9452173,89.35401316,28.04149541,1,17.3299589,4.903831778,2.068266856,0,40.75,0,6,28.06956863,0,0,2013,2016,3
"CS104","East Diamond Islet Tower",-17.4347,151.07127,151.1,-17.4,26.23865366,1.414672343,500.9543946,347.7218412,663.9452173,89.35401316,28.04149541,1,17.3299589,4.903831778,2.068266856,0,40.75,0,3,28.06956863,0,0,2013,2016,3
"CS11","NE Herald Cay Central",-16.93653,149.19696,149.2,-16.9,26.42536688,1.462871408,503.7209253,359.6265622,733.3130219,97.49255487,32.09469917,1,14.06394452,4.186165418,1.780958511,0,26.75,0,8.5,28.34103584,0,0,2012,2017,5
"CS110","Tregrosse Outlier Reef Down",-17.71175,150.73692,150.7,-17.7,26.14061848,1.476145749,619.9414987,393.48211785,844.5322377,119.8203633,29.64261187,1,16.33814191,4.595947927,1.9631642535,0,45,0,7.5,28.07126617,0,0,2013,2016,3
"CS111","Tregrosse Outlier Reef",-17.71298,150.7345,150.7,-17.7,26.14061848,1.476145749,615.0497245,388.1119878,835.0361904,122.0373569,26.52414851,1,16.36676321,4.615623041,1.971767955,0,45,0,9.5,28.07126617,0,0,2013,2016,3
"CS113","Tregosse Reef",-17.77473,150.63277,150.6,-17.8,26.14958938,1.479726971,552.7842745,364.2501347,772.4613546,126.8763001,24.38051759,1,15.96490133,4.511619389,1.929567917,0,25,0,8,28.10355377,0,0,2013,2016,3
"CS12","NE Herald Bommie",-16.93007,149.19332,149.2,-16.9,26.42536688,1.462871408,503.7209253,359.6265622,733.3130219,97.49255487,32.09469917,1,14.06394452,4.186165418,1.780958511,0,26.75,0,13,28.34103584,0,0,2012,2017,5
"CS123","South Flinders Horseshoe NW",-17.82899,148.50514,148.5,-17.8,26.20020787,1.597087572,530.2951917,358.6515659,787.6234716,113.5821994,22.58502834,1,13.86234024,4.090312097,1.703357801,0.407211802,89.5,0,10.5,28.31949234,0,0,2013,2017,4
"CS126","Flinders Ribbon Reef South Cay",-17.71666,148.43873,148.4,-17.7,26.20633809,1.597768803,588.7585067,407.5020729,848.2492576,117.377998,28.78794285,1,14.19393088,4.191657542,1.736260304,0.203681509,82.25,0,10,28.32816696,0,0,2013,2017,4
"CS127","Flinders Ribbon Reef South Cay SW",-17.71505,148.4373,148.4,-17.7,26.20633809,1.597768803,588.7585067,407.5020729,848.2492576,117.377998,28.78794285,1,14.19393088,4.191657542,1.736260304,0.203681509,82.25,0,8,28.32816696,0,0,2013,2017,4
"CS128","Flinders Cay Storm Bommie",-17.70575,148.4606,148.5,-17.7,26.20277119,1.591672835,605.7617068,429.260045,869.5800264,118.1999942,30.91920304,1,13.44890871,3.928720448,1.612933769,0.407211802,112.25,0,6.6,28.31719589,0,0,2013,2017,4
"CS129","Flinders Ribbon Reef South Cay E bommie",-17.70304,148.46176,148.5,-17.7,26.20277119,1.591672835,605.7617068,429.260045,869.5800264,118.1999942,30.91920304,1,13.44890871,3.928720448,1.612933769,0.407211802,112.25,0,8.5,28.31719589,0,0,2013,2017,4
"CS13","NE Herald Back Reef",-16.92822,149.20228,149.2,-16.9,26.42659076,1.459770663,503.7209253,359.6265622,733.3130219,97.49255487,32.09469917,1,14.06394452,4.186165418,1.780958511,0,26.75,0,6.5,28.3393116,0,0,2012,2017,5
"CS130","Chilcott Islet bommie",-16.93133,149.999,150,-16.9,26.40622075,1.406153409,563.8611307,349.089414,783.2212006,119.4499905,38.80415834,1,13.64472862,3.810286197,1.620590657,0.204556699,17.25,0,8.5,28.28011703,0,0,2013,2017,4
"CS131","Chilcott Islet Haven",-16.93012,150.00203,150,-16.9,26.39959812,1.402978955,563.8611307,349.089414,783.2212006,119.4499905,38.80415834,1,13.64472862,3.810286197,1.620590657,0.204556699,17.25,0,8.3,28.26583862,0,0,2013,2017,4
"CS132","Chilcott Islet SW inner reef",-16.93157,149.99043,150,-16.9,26.40622075,1.406153409,558.2775282,353.4142454,808.386731,116.5084673,35.14621774,1,13.49075841,3.778195569,1.608327696,0.204556699,17.25,0,9,28.28011703,0,0,2013,2017,4
"CS139","Magdelaine Cay SW",-16.53378,150.26845,150.3,-16.5,26.51517487,1.365096306,1200.515811,392.822998,2248.48999,503.6206741,144.7562409,0,16.76206124,4.84263313,2.01333955,0,60.75,0,12,28.31077766,0,0,2013,2016,3
"CS140","Magdelaine Cay gulch",-16.53091,150.26973,150.3,-16.5,26.51517487,1.365096306,1200.515811,392.822998,2248.48999,503.6206741,144.7562409,0,16.76206124,4.84263313,2.01333955,0,60.75,0,9.5,28.31077766,0,0,2013,2016,3
"CS141","Magdelaine Reef Cruise Ship",-16.52097,150.27712,150.3,-16.5,26.51517487,1.365096306,1200.515811,392.822998,2248.48999,503.6206741,144.7562409,0,16.76206124,4.84263313,2.01333955,0,60.75,0,7.15,28.31077766,0,0,2013,2016,3
"CS143","South Willis islet south",-16.29907,149.96294,150,-16.3,26.56409725,1.371325188,540.0744623,363.0786667,766.3354752,97.30376194,52.73269531,1,15.96832468,4.674292487,1.926310214,0.616217652,99,0,6.5,28.36961555,0,0,2013,2016,3
"CS144","Willis Islet Dark Wall",-16.28601,149.95958,150,-16.3,26.56409725,1.371325188,511.5097899,322.0633367,755.5010613,96.77442787,51.48437477,1,15.83975687,4.637909126,1.903332478,0.616217652,99,0,8.1,28.36961555,0,0,2013,2016,3
"CS145","South Willis islet anchorage bommie",-16.2927,149.96138,150,-16.3,26.56409725,1.371325188,511.5097899,322.0633367,755.5010613,96.77442787,51.48437477,1,15.83975687,4.637909126,1.903332478,0.616217652,99,0,9,28.36961555,0,0,2013,2016,3
"CS146","Holmes South Cay Inner Reef",-16.49974,147.84345,147.8,-16.5,26.47688866,1.518971322,605.2635291,421.7403259,895.8731934,111.0568044,25.09567521,1,14.53334861,4.617828988,1.803856124,0.205050005,58,0,7,28.48912048,0,0,2013,2016,3
"CS147","Holmes Reef Cay Buoy Wall",-16.51274,147.84033,147.8,-16.5,26.46475967,1.523042342,564.3459576,440.696991,750.7237915,88.19764398,18.908235,0,14.83343402,4.700932971,1.837590965,0.205050005,58,0,8.35,28.48080635,0,0,2013,2016,3
"CS148","Holmes South Cay South Reef",-16.50813,147.84016,147.8,-16.5,26.46475967,1.523042342,564.3459576,440.696991,750.7237915,88.19764398,18.908235,0,14.83343402,4.700932971,1.837590965,0.205050005,58,0,11,28.48080635,0,0,2013,2016,3
"CS149","Holmes South Cay South Inner Reef",-16.50487,147.84137,147.8,-16.5,26.46475967,1.523042342,564.3459576,440.696991,750.7237915,88.19764398,18.908235,0,14.83343402,4.700932971,1.837590965,0.205050005,58,0,8,28.48080635,0,0,2013,2016,3
"CS15","Chilcott Bommie",-16.92247,150.00647,150,-16.9,26.39959812,1.402978955,563.8611307,349.089414,783.2212006,119.4499905,38.80415834,1,13.64472862,3.810286197,1.620590657,0.204556699,17.25,0,14,28.26583862,0,0,2012,2017,5
"CS150","Holmes Reef South Cay Swim through",-16.49493,147.84932,147.8,-16.5,26.47688866,1.518971322,605.2635291,421.7403259,895.8731934,111.0568044,25.09567521,1,14.53334861,4.617828988,1.803856124,0.205050005,58,0,4.55,28.48912048,0,0,2013,2016,3
"CS151","Holmes N Cay anchorage",-16.47592,147.86608,147.9,-16.5,26.47304583,1.517630873,605.2635291,421.7403259,895.8731934,111.0568044,25.09567521,1,14.53334861,4.617828988,1.803856124,0.205050005,102.5,0,7.5,28.48744774,0,0,2013,2016,3
"CS153","Inner Osprey East",-13.85535,146.62455,146.6,-13.9,26.80614869,1.456880782,553.6866416,369.4803314,741.2682543,102.7571296,34.18457596,1,16.68251706,6.885262262,1.95303071,0,78.75,0,7.25,28.6871376,0,0,2013,2016,3
"CS154","Inside Osprey NE",-13.854,146.6254,146.6,-13.9,26.80614869,1.456880782,553.6866416,369.4803314,741.2682543,102.7571296,34.18457596,1,16.68251706,6.885262262,1.95303071,0,78.75,0,7.25,28.6871376,0,0,2013,NA,NA
"CS155","Osprey Pass South",-13.8914,146.55312,146.6,-13.9,26.80084912,1.458508911,950.5023136,649.2591756,1325.231157,134.7042682,58.92591468,1,14.4147459,5.92323573,1.65742035,0,78.75,0,8.25,28.68905067,0,0,2013,2016,3
"CS156","Osprey Pass",-13.88295,146.56243,146.6,-13.9,26.80084912,1.458508911,950.5023136,649.2591756,1325.231157,134.7042682,58.92591468,1,14.4147459,5.92323573,1.65742035,0,78.75,0,4.5,28.68905067,0,0,2013,2016,3
"CS157","Osprey Pass Channel",-13.8954,146.5576,146.6,-13.9,26.80084912,1.458508911,950.5023136,649.2591756,1325.231157,134.7042682,58.92591468,1,14.4147459,5.92323573,1.65742035,0,78.75,0,9,28.68905067,0,0,2013,2016,3
"CS158","Osprey Castle",-13.87003,146.57765,146.6,-13.9,26.80084912,1.458508911,973.8210404,671.4751765,1359.145996,136.034556,60.52361042,1,14.60699073,6.094506447,1.686336869,0,78.75,0,7.5,28.68905067,0,0,2013,2016,3
"CS16","Chilcott NE",-16.92251,150.01143,150,-16.9,26.39959812,1.402978955,563.8611307,349.089414,783.2212006,119.4499905,38.80415834,1,13.64472862,3.810286197,1.620590657,0.204556699,17.25,0,6.5,28.26583862,0,0,2012,2017,5
"CS17","SW South West Islet",-16.97162,149.90476,149.9,-17,26.39262597,1.411032317,590.254984,437.9720735,810.87744,104.1445806,35.54754473,1,13.53335994,3.827995729,1.640892869,0.204556699,31.25,0,6.5,28.27536774,0,0,2012,2017,5
"CS171","Bougainville Reef southwest",-15.48855,147.0903,147.1,-15.5,26.66940006,1.499745898,785.5857496,401.9490051,1493.795044,271.1358823,68.6656168,0,15.24320079,5.441856169,1.871494305,0,12.75,0,10,28.58748436,0,0,2015,2016,1
"CS172","Bougainville Reef W central",-15.48253,147.0993,147.1,-15.5,26.66940006,1.499745898,785.5857496,401.9490051,1493.795044,271.1358823,68.6656168,0,15.24320079,5.441856169,1.871494305,0,12.75,0,9.5,28.58748436,0,0,2015,2016,1
"CS173","Bougainville Reef lagoon",-15.48885,147.10716,147.1,-15.5,26.67396768,1.496951193,785.5857496,401.9490051,1493.795044,271.1358823,68.6656168,0,15.24320079,5.441856169,1.871494305,0,12.75,0,2.1,28.58984184,0,0,2015,2016,1
"CS174","Bougainville Reef Lagoon East",-15.48433,147.10759,147.1,-15.5,26.67396768,1.496951193,785.5857496,401.9490051,1493.795044,271.1358823,68.6656168,0,15.24320079,5.441856169,1.871494305,0,12.75,0,2,28.58984184,0,0,2015,2016,1
"CS175","Bougainville Reef point",-15.4908,147.08723,147.1,-15.5,26.66940006,1.499745898,785.5857496,401.9490051,1493.795044,271.1358823,68.6656168,0,15.24320079,5.441856169,1.871494305,0,12.75,0,10,28.58748436,0,0,2015,2016,1
"CS176","Bougainville Reef inlet",-15.48135,147.10453,147.1,-15.5,26.67396768,1.496951193,785.5857496,401.9490051,1493.795044,271.1358823,68.6656168,0,15.24320079,5.441856169,1.871494305,0,12.75,0,8.5,28.58984184,0,0,2015,2016,1
"CS177","Osprey Reef Lagoon South",-13.98559,146.69139,146.7,-14,26.79841391,1.453904009,648.35591,383.2256673,1023.183218,146.7919281,40.66771536,1,15.82605355,6.463879901,1.873700419,0,58.5,0,13.75,28.67809486,0,0,2015,2016,1
"CS178","Osprey South reef flat",-13.99381,146.69067,146.7,-14,26.79841391,1.453904009,648.35591,383.2256673,1023.183218,146.7919281,40.66771536,1,15.82605355,6.463879901,1.873700419,0,58.5,0,1.5,28.67809486,0,0,2015,2016,1
"CS179","Osprey south bommie",-13.97563,146.67549,146.7,-14,26.79841391,1.453904009,648.35591,383.2256673,1023.183218,146.7919281,40.66771536,1,15.82605355,6.463879901,1.873700419,0,58.5,0,9.5,28.67809486,0,0,2015,2016,1
"CS18","South West Islet Bommie",-16.96134,149.90547,149.9,-17,26.39262597,1.411032317,561.8001804,411.4120646,752.7998907,102.6364834,36.62269529,1,13.59502539,3.850600004,1.644830705,0.204556699,31.25,0,10,28.27536774,0,0,2012,2017,5
"CS180","Osprey S W Bommie",-13.96688,146.66721,146.7,-14,26.79841391,1.453904009,648.35591,383.2256673,1023.183218,146.7919281,40.66771536,1,15.82605355,6.463879901,1.873700419,0,58.5,0,9.5,28.67809486,0,0,2015,2016,1
"CS181","Osprey S E Lagoon",-13.96617,146.6806,146.7,-14,26.79841391,1.453904009,648.35591,383.2256673,1023.183218,146.7919281,40.66771536,1,15.82605355,6.463879901,1.873700419,0,58.5,0,4.75,28.67809486,0,0,2015,2016,1
"CS182","Osprey Lagoon entrance bommie",-13.89028,146.57249,146.6,-13.9,26.80084912,1.458508911,950.5023136,649.2591756,1325.231157,134.7042682,58.92591468,1,14.4147459,5.92323573,1.65742035,0,78.75,0,8.5,28.68905067,0,0,2015,2016,1
"CS183","Osprey Lagoon Entrance NW Bommie",-13.88715,146.56733,146.6,-13.9,26.80084912,1.458508911,950.5023136,649.2591756,1325.231157,134.7042682,58.92591468,1,14.4147459,5.92323573,1.65742035,0,78.75,0,7.75,28.68905067,0,0,2015,2016,1
"CS184","Osprey Reef North Horn",-13.80117,146.54613,146.5,-13.8,26.80534379,1.457273647,818.7632354,578.105334,1146.654325,123.3897309,56.34619953,1,16.36112821,6.870949948,1.92306801,0,40,0,10,28.69410324,0,0,2015,2016,1
"CS185","Ashmore reef lagoon South",-10.44533,144.44918,144.4,-10.4,26.85025056,1.375671951,736.8107613,516.7382253,1043.439203,118.5968024,53.75864276,1,15.75321679,8.823806164,1.833137017,0,334.75,0,2.25,28.47545433,0,0,2015,2016,1
"CS186","Ashmore South bommie",-10.43422,144.45243,144.5,-10.4,26.85519663,1.375965565,736.8107613,516.7382253,1043.439203,118.5968024,53.75864276,1,15.75321679,8.823806164,1.833137017,0,374,0,8.5,28.48368073,0,0,2015,2016,1
"CS187","Ashmore South lagoon shore",-10.44136,144.45293,144.5,-10.4,26.85519663,1.375965565,736.8107613,516.7382253,1043.439203,118.5968024,53.75864276,1,15.75321679,8.823806164,1.833137017,0,374,0,3.05,28.48368073,0,0,2015,2016,1
"CS188","Ashmore Rf Lagoon Bommie SW",-10.44121,144.43016,144.4,-10.4,26.85025056,1.375671951,736.8107613,516.7382253,1043.439203,118.5968024,53.75864276,1,15.75321679,8.823806164,1.833137017,0,334.75,0,8,28.47545433,0,0,2015,2016,1
"CS189","Ashmore Rf Lagoon SW",-10.44697,144.43347,144.4,-10.4,26.85025056,1.375671951,736.8107613,516.7382253,1043.439203,118.5968024,53.75864276,1,15.75321679,8.823806164,1.833137017,0,334.75,0,3.25,28.47545433,0,0,2015,2016,1
"CS190","Ashmore Reef lagoon east entrance",-10.29918,144.5215,144.5,-10.3,26.86154461,1.356393227,1028.625252,767.9559725,1330.171529,133.797753,79.1224106,1,15.51430597,8.674984008,1.780537596,0,587.25,0,7,28.45208168,0,0,2015,2016,1
"CS191","Ashmore Rf Lagoon East Bommie",-10.37448,144.53391,144.5,-10.4,26.85943858,1.370277924,843.6462141,625.8260252,1143.090224,125.6163351,66.3895071,1,15.61973585,8.721626527,1.796770133,0,374,0,7,28.47990417,0,0,2015,2016,1
"CS193","Boot Rf Wall",-10.03875,144.69198,144.7,-10,26.93708738,1.339617736,835.2871103,578.3785807,1157.122084,138.4840361,64.60952632,1,15.18578941,8.448684852,1.707982056,0,32.75,0,9,28.46976852,0,0,2015,2016,1
"CS195","Ashmore North East Entrance",-10.21767,144.5954,144.6,-10.2,26.87410704,1.352865153,975.90969,741.918335,1287.799967,133.5237695,69.90438162,0,15.34099598,8.540077697,1.739580406,0,443.25,0,9,28.45299721,0,0,2015,2016,1
"CS197","Ashmore NE Bommie",-10.22733,144.58955,144.6,-10.2,26.87410704,1.352865153,975.90969,741.918335,1287.799967,133.5237695,69.90438162,0,15.34099598,8.540077697,1.739580406,0,443.25,0,9,28.45299721,0,0,2015,2016,1
"CS198","Ashmore NE Lagoon",-10.23257,144.58684,144.6,-10.2,26.87410704,1.352865153,975.90969,741.918335,1287.799967,133.5237695,69.90438162,0,15.34099598,8.540077697,1.739580406,0,443.25,0,5.5,28.45299721,0,0,2015,2016,1
"CS2","Brodie Cay NW",-19.28441,152.21197,152.2,-19.3,25.77992646,1.537101042,564.1330742,383.1545773,802.5923262,117.7356309,20.4246317,1,17.36667143,5.19702676,2.06691991,0,45.25,0,6.05,27.81085968,0,0,2012,2016.4,4.4
"CS20","Cato Bommies",-23.24725,155.53484,155.5,-23.2,24.52888711,1.707727245,633.5232389,369.0546207,1039.605032,198.2136269,40.3896047,1,22.53482329,6.439692416,2.37620727,0.393033812,68.75,0,10.5,26.84804344,0,0,2013,2017,4
"CS200","Ashmore Reef NW slope",-10.11558,144.45777,144.5,-10.1,26.87723176,1.335321796,1029.363297,713.3060574,1565.094981,180.4313539,65.22939267,1,14.95396657,8.455298553,1.708182833,0,369.5,0,8.5,28.41783714,0,0,2015,2016,1
"CS204","Boot Rock NW",-10.10505,144.68513,144.7,-10.1,26.91428947,1.350662576,761.5345349,509.3113302,1028.922134,126.8763047,61.64349575,1,15.24741357,8.459967034,1.713187242,0,126,0,7.5,28.47512054,0,0,2015,2016,1
"CS208","Boot Reef Lagoon E",-9.98877,144.6913,144.7,-10,26.94730139,1.335212772,920.2723548,656.7412482,1351.236654,162.5752017,82.18932815,1,15.14208194,8.436268714,1.703930494,0,32.75,0,4.5,28.46889496,0,0,2015,2016,1
"CS209","Boot Reef Lagoon W",-9.97456,144.694,144.7,-10,26.94730139,1.335212772,920.2723548,656.7412482,1351.236654,162.5752017,82.18932815,1,15.14208194,8.436268714,1.703930494,0,32.75,0,5.5,28.46889496,0,0,2015,2016,1
"CS21","Cato Lagoon 1",-23.25288,155.55157,155.6,-23.3,24.5015521,1.712073673,629.4140824,385.1713684,1030.933679,195.7355981,39.40935099,1,22.66322646,6.466156393,2.382823912,0.393033812,68.75,0,2.45,26.82969856,0,0,2013,2017,4
"CS211","Kate's Garden",-10.14414,144.57626,144.6,-10.1,26.892989,1.340376779,1416.711859,1022.389669,2055.839966,255.5951049,76.54050298,0,15.05151838,8.431238382,1.703990223,0,313.75,0,5,28.44010735,0,0,2015,2016,1
"CS212","Ashmore Reef NE bommy",-10.14587,144.57013,144.6,-10.1,26.892989,1.340376779,1416.711859,1022.389669,2055.839966,255.5951049,76.54050298,0,15.05151838,8.431238382,1.703990223,0,313.75,0,16,28.44010735,0,0,2015,2016,1
"CS22","Cato Lagoon South",-23.25491,155.55458,155.6,-23.3,24.5015521,1.712073673,629.4140824,385.1713684,1030.933679,195.7355981,39.40935099,1,22.66322646,6.466156393,2.382823912,0.393033812,68.75,0,2.75,26.82969856,0,0,2013,2017,4
"CS23","Cato North",-23.24037,155.55701,155.6,-23.2,24.51579682,1.707610825,629.4140824,385.1713684,1030.933679,195.7355981,39.40935099,1,22.66322646,6.466156393,2.382823912,0.393033812,68.75,0,8.5,26.8329277,0,0,2013,2017,4
"CS24","Cato Entrance",-23.24474,155.54233,155.5,-23.2,24.52888711,1.707727245,629.4140824,385.1713684,1030.933679,195.7355981,39.40935099,1,22.66322646,6.466156393,2.382823912,0.393033812,68.75,0,13,26.84804344,0,0,2013,2017,4
"CS25","Cato Passage",-23.244,155.54893,155.5,-23.2,24.52888711,1.707727245,629.4140824,385.1713684,1030.933679,195.7355981,39.40935099,1,22.66322646,6.466156393,2.382823912,0.393033812,68.75,0,5.5,26.84804344,0,0,2013,2017,4
"CS3","Brodie Cay SE",-19.28476,152.22077,152.2,-19.3,25.77992646,1.537101042,564.1330742,383.1545773,802.5923262,117.7356309,20.4246317,1,17.36667143,5.19702676,2.06691991,0,45.25,0,7.75,27.81085968,0,0,2012,2016.9,4.9
"CS31","Bird Lagoon",-22.17677,155.47404,155.5,-22.2,24.90567207,1.595313461,580.9901406,334.729002,902.0167602,176.3548875,17.44008772,1,22.0038722,6.385676454,2.316460532,0.198057745,21.25,0,3,26.96540833,0,0,2013,2017,4
"CS32","Bird Reef Hole",-22.17306,155.47695,155.5,-22.2,24.90567207,1.595313461,580.9901406,334.729002,902.0167602,176.3548875,17.44008772,1,22.0038722,6.385676454,2.316460532,0.198057745,21.25,0,4.5,26.96540833,0,0,2013,2017,4
"CS33","Bird North Bommie",-22.16356,155.45378,155.5,-22.2,24.90567207,1.595313461,575.9786387,360.5034889,895.6859398,170.0854943,26.92609039,1,21.94326306,6.378090366,2.308605539,0.198057745,21.25,0,5,26.96540833,0,0,2013,2017,4
"CS34","Bird Inner West",-22.17084,155.45462,155.5,-22.2,24.90567207,1.595313461,575.9786387,360.5034889,895.6859398,170.0854943,26.92609039,1,21.94326306,6.378090366,2.308605539,0.198057745,21.25,0,0.8,26.96540833,0,0,2013,2017,4
"CS35","Bird NW Bommie",-22.16866,155.45081,155.5,-22.2,24.90567207,1.595313461,575.9786387,360.5034889,895.6859398,170.0854943,26.92609039,1,21.94326306,6.378090366,2.308605539,0.198057745,21.25,0,8,26.96540833,0,0,2013,2017,4
"CS36","Porpoise North",-22.1854,155.36165,155.4,-22.2,24.92428811,1.591256706,585.1824367,351.5465851,899.9001634,172.7519948,24.20485219,1,21.94304046,6.388902312,2.307469963,0.198057745,30,0,5.5,26.98642731,0,0,2013,2017,4
"CS38","Porpoise Anchorage",-22.18586,155.35576,155.4,-22.2,24.92428811,1.591256706,585.1824367,351.5465851,899.9001634,172.7519948,24.20485219,1,21.94304046,6.388902312,2.307469963,0.198057745,30,0,5,26.98642731,0,0,2013,2017,4
"CS39","Porpoise Lagoon",-22.18985,155.35547,155.4,-22.2,24.92428811,1.591256706,585.1824367,351.5465851,899.9001634,172.7519948,24.20485219,1,21.94304046,6.388902312,2.307469963,0.198057745,30,0,2.75,26.98642731,0,0,2013,2017,4
"CS4","Paget Cay Bommie",-19.23026,152.32594,152.3,-19.2,25.77003495,1.532849689,601.6063006,397.0929989,840.4508621,129.7249809,28.31174749,1,17.35930026,5.12246704,2.037208689,0,82,0,9.25,27.81147766,0,0,2012,2016.4,4.4
"CS42","Hilton Pool",-22.18602,155.17601,155.2,-22.2,24.98541991,1.594147576,582.5027663,363.6925018,913.1124626,168.4814121,29.20480387,1,21.79567544,6.370060722,2.288360089,0.1980227,27.25,0,2.8,27.08129311,0,0,2013,2017,4
"CS44","NW Wreck Reef",-22.17629,155.16463,155.2,-22.2,24.98541991,1.594147576,582.5027663,363.6925018,913.1124626,168.4814121,29.20480387,1,21.79567544,6.370060722,2.288360089,0.1980227,27.25,0,5.5,27.08129311,0,0,2013,2017,4
"CS45","North Wreck Reef",-22.17583,155.17796,155.2,-22.2,24.98541991,1.594147576,582.5027663,363.6925018,913.1124626,168.4814121,29.20480387,1,21.79567544,6.370060722,2.288360089,0.1980227,27.25,0,8.15,27.08129311,0,0,2013,2017,4
"CS48","Saumarez SW reef cay",-21.89729,153.53757,153.5,-21.9,25.52852774,1.625742406,619.0797192,377.4737286,878.7678432,134.8041352,32.66116562,1,18.83254999,5.951163069,2.116132183,0,32.5,0,9.5,27.68829918,0,0,2013,2017,4
"CS50","Saumarez SW",-21.91736,153.57968,153.6,-21.9,25.48824565,1.621326193,619.0797192,377.4737286,878.7678432,134.8041352,32.66116562,1,19.06294652,6.009452316,2.133660456,0,52.25,0,9,27.64962959,0,0,2013,2017,4
"CS51","Saumarez stripe seasnake",-21.91631,153.58669,153.6,-21.9,25.48824565,1.621326193,659.4763874,446.5404426,940.2252853,130.637428,25.11292378,1,19.29334305,6.067741563,2.151188728,0,52.25,0,5.5,27.64962959,0,0,2013,2017,4
"CS52","Kenn Reef anchorage bommie",-21.25707,155.7542,155.8,-21.3,25.03076506,1.582243496,549.2376035,369.686888,847.8947321,136.5718936,20.44153207,1,21.97354918,6.351308255,2.31549076,0,72,0,12,27.15368271,0,0,2013,2017,4
"CS54","Kenn Reef bommie",-21.25066,155.75829,155.8,-21.3,25.03076506,1.582243496,555.981015366667,331.374926,869.358394966667,147.9190654,23.62570209,1,21.95886838,6.34661030766667,2.315455604,0,72,0,10,27.15368271,0,0,2013,2017,4
"CS55","Kenn Labyrinth",-21.2535,155.76086,155.8,-21.3,25.03076506,1.582243496,559.3527213,312.218945,880.0902264,153.5926513,25.2177871,1,21.95152798,6.344261334,2.315438026,0,72,0,4.5,27.15368271,0,0,2013,2017,4
"CS56","Kenn Reef rubble",-21.248,155.76361,155.8,-21.2,25.03943125,1.581462563,559.3527213,312.218945,880.0902264,153.5926513,25.2177871,1,21.95152798,6.344261334,2.315438026,0,97.75,0,13.5,27.15874863,0,0,2013,2017,4
"CS57","Kenn Cave",-21.24541,155.76497,155.8,-21.2,25.03943125,1.581462563,559.3527213,312.218945,880.0902264,153.5926513,25.2177871,1,21.95152798,6.344261334,2.315438026,0,97.75,0,7.5,27.15874863,0,0,2013,2017,4
"CS58","Kenn Reef North Cay bommie",-21.19993,155.76575,155.8,-21.2,25.05050675,1.580581868,562.3554008,316.587944,881.5443034,154.5310003,27.44752679,1,21.92950678,6.337214413,2.315385292,0,97.75,0,10,27.16570854,0,0,2013,2017,4
"CS6","Paget Cay South",-19.25796,152.34184,152.3,-19.3,25.76926502,1.536686461,543.9433643,336.3803977,785.1695535,129.4340436,27.22138779,1,17.6391433,5.251421298,2.085823744,0,58.5,0,4.25,27.80845642,0,0,2012,2016.3,4.3
"CS60","Kenn Reef North Cay",-21.20282,155.77281,155.8,-21.2,25.03943125,1.581462563,562.3554008,316.587944,881.5443034,154.5310003,27.44752679,1,21.92950678,6.337214413,2.315385292,0,97.75,0,7.5,27.15874863,0,0,2013,2017,4
"CS61","Kenn Reef Pipeline",-21.20865,155.76982,155.8,-21.2,25.03943125,1.581462563,562.3554008,316.587944,881.5443034,154.5310003,27.44752679,1,21.92950678,6.337214413,2.315385292,0,97.75,0,8,27.15874863,0,0,2013,2017,4
"CS63","Frederick Passage",-21.0003,154.3944,154.4,-21,25.36478917,1.546801539,512.7824444,287.5369212,823.3739047,137.3078862,25.076317,2,20.53762075,6.164705018,2.208346104,0.598981356,29.5,0,5.5,27.45256805,0,0,2013,2017,4
"CS64","Fredrick Central Bommie",-20.99787,154.39374,154.4,-21,25.36887153,1.545633988,512.7824444,287.5369212,823.3739047,137.3078862,25.076317,2,20.53762075,6.164705018,2.208346104,0.598981356,29.5,0,7,27.46206856,0,0,2013,2017,4
"CS65","Fredrick central reef",-21.0065,154.39197,154.4,-21,25.36478917,1.546801539,506.6214119,316.1907298,840.5754249,140.0237396,20.04869422,1,20.58563973,6.183886427,2.211268702,0.598981356,29.5,0,4.75,27.45256805,0,0,2013,2017,4
"CS7","Weather Station Inner Reef",-19.1254,152.38809,152.4,-19.1,25.78950675,1.523375113,544.8909978,391.5698946,754.2460645,101.6853304,27.5260701,1,17.83585007,5.219218523,2.084442024,0,61.5,0,4.55,27.83438492,0,0,2012,2016.3,4.3
"CS72","Fredrick Observatory Cay",-21.02036,154.37269,154.4,-21,25.36478917,1.546801539,506.6214119,316.1907298,840.5754249,140.0237396,20.04869422,1,20.58563973,6.183886427,2.211268702,0.598981356,29.5,0,2,27.45256805,0,0,2013,2017,4
"CS73","North Fredrick Bommie",-20.93697,154.39572,154.4,-20.9,25.37470881,1.544985853,502.9934443,237.0614685,808.7224538,136.8603613,27.5608559,1,20.53066513,6.157276731,2.210208849,0.598981356,29.5,0,9.5,27.47108841,0,0,2013,2017,4
"CS74","Frederick Lighthouse",-20.93624,154.39723,154.4,-20.9,25.37470881,1.544985853,502.9934443,237.0614685,808.7224538,136.8603613,27.5608559,1,20.53066513,6.157276731,2.210208849,0.598981356,29.5,0,4.5,27.47108841,0,0,2013,2017,4
"CS8","Carola Cay",-19.09532,152.38714,152.4,-19.1,25.80238469,1.517524818,544.8909978,391.5698946,754.2460645,101.6853304,27.5260701,1,17.83585007,5.219218523,2.084442024,0,61.5,0,4.75,27.84456444,0,0,2012,2016.3,4.3
"CS9","NE Herald Cay NE",-16.92194,149.20002,149.2,-16.9,26.425856432,1.46163111,503.7209253,359.6265622,733.3130219,97.49255487,32.09469917,1,14.06394452,4.186165418,1.780958511,0,26.75,0,7.5,28.340346144,0,0,2012,2017,5
"GBR146","Alcyonaria Point",-20.06494,148.92328,148.9,-20.1,25.2347037,2.3651324,1413.434998,912.930976,1964.6373,267.2115931,113.0245736,1,0.075603509,0.067233925,0.019288499,125.265802,93.75,481,6.25,28.17804337,0,0,2010,2016,6
"GBR148","Blue Pearl Bay",-20.04033,148.88061,148.9,-20,25.28425392,2.355808973,1369.205283,953.2286321,1863.658591,275.8206406,94.22206008,1,2.473167693,0.515869816,0.221197866,65.06370366,52.5,415,5,28.20998955,0,0,2010,2016,6
"GBR16","Tryon Island south",-23.24659,151.77309,151.8,-23.2,24.13349517,2.238593271,1483.391256,1195.818748,1813.997839,160.7532716,91.78767195,1,6.548396417,2.217205118,0.791960691,1.571737744,222,0,6.5,27.21570778,0,0,2015,2017,2
"GBR160","Chicken Reef East",-18.66173,147.7231,147.7,-18.7,25.95919832,1.872189048,937.3261851,756.324102766667,1159.58234533333,91.8262492966667,66.0807781966667,1,8.77473748033333,2.387222578,0.989706205333333,0,308.5,0,6,28.36659813,0,0,2012,2016,4
"GBR161","Chicken Reef",-18.66084,147.70284,147.7,-18.7,25.95919832,1.872189048,937.0340817,778.6185465,1163.441906,90.46000545,65.78248483,1,8.697324289,2.367662146,0.981011122,0,308.5,0,6.5,28.36659813,0,0,2012,2016,4
"GBR17","Tryon Island south west",-23.24371,151.77568,151.8,-23.2,24.13349517,2.238593271,1483.391256,1195.818748,1813.997839,160.7532716,91.78767195,1,6.548396417,2.217205118,0.791960691,1.571737744,222,0,11,27.21570778,0,0,2015,2017,2
"GBR2","Lady Musgrave Lagoon N",-23.89878,152.41618,152.4,-23.9,24.22214492,2.086426047,1061.691024,815.650457,1388.248085,164.6085917,68.95200434,1,9.064255266,3.247001283,1.207305092,0.782538478,67.75,0,3.5,27.11719322,0,0,2015,2017,2
"GBR213","Hastings Reef",-16.52825,145.99349,146,-16.5,26.21037992,1.901527361,1146.820481,846.3830109,1961.781786,244.0072893,112.8810727,1,7.287946508,2.474228604,0.813097649,0.204913573,198,0,6,28.6825695,0,0,2010,2017,7
"GBR217","Agincourt Reef - The Gap",-15.9758,145.8291,145.8,-16,26.30518468,1.786393677,725.7276096,514.5587082,1122.831062,141.7590174,74.02228214,2,10.01210217,3.680892626,1.188493459,0,229,0,5.7,28.67864609,0,0,2010,2017,7
"GBR218","Agincourt Reef - The Point",-15.96846,145.81968,145.8,-16,26.30518468,1.786393677,725.7276096,514.5587082,1122.831062,141.7590174,74.02228214,2,10.01210217,3.680892626,1.188493459,0,229,0,4.6,28.67864609,0,0,2010,2017,7
"GBR223","Blue Lagoon Channel",-14.68717,145.46565,145.5,-14.7,26.27208328,1.813280697,645.2723484,432.8566681,1041.70815,116.3491606,56.53800158,1,6.122168777,2.385592704,0.661106744,12.20329613,187.5,0,8,28.5663147,0,0,2010,2017,7
"GBR224","Horseshoe Reef",-14.68708,145.44327,145.4,-14.7,26.24372784,1.859604363,670.4153853,474.4429184,1024.545812,106.5770055,58.88730144,2,3.739888869,1.382689119,0.380610977,13.03075405,94.5,0,3,28.583601,0,0,2010,2017,7
"GBR228","Watsons Bay north",-14.65706,145.45076,145.5,-14.7,26.27208328,1.813280697,661.1197517,471.1867538,893.8597626,93.50102023,57.86644146,1,5.481833163,2.169664643,0.599099561,12.20329613,187.5,0,3.375,28.5663147,0,0,2011.1,NA,NA
"GBR231","Cobia Hole",-14.65101,145.44851,145.4,-14.7,26.24372784,1.859604363,661.1197517,471.1867538,893.8597626,93.50102023,57.86644146,1,5.481833163,2.169664643,0.599099561,13.03075405,94.5,0,15.5,28.583601,0,0,2015,2017,2
"GBR232","Mermaid Cove north",-14.6461,145.45386,145.5,-14.6,26.29618645,1.784165584,661.1197517,471.1867538,893.8597626,93.50102023,57.86644146,1,5.481833163,2.169664643,0.599099561,11.37653057,169,0,5.5,28.56564522,0,0,2010,2017,7
"GBR234","Mermaid dropoff north",-14.64524,145.45471,145.5,-14.6,26.29618645,1.784165584,670.4153853,474.4429184,1024.545812,106.5770055,58.88730144,1,7.687052472,3.091548039,0.857789098,11.37653057,169,0,7,28.56564522,0,0,2010,2017,7
"GBR237","Eel Reef North",-12.40092,143.37201,143.4,-12.4,26.67141199,1.804604107,854.4770991,627.8626489,1296.682856,138.2364692,65.89515527,2,0.153392469,0.040103084,0.007730925,75.99542792,575.25,0,2.5,28.85019493,0,0,2013,NA,NA
"GBR24","Hook Reef Passage",-19.81261,149.13292,149.1,-19.8,25.44409704,2.163958175,1371.962219,950.4266534,2014.781647,270.9911585,66.4639479,1,5.890755444,1.526727446,0.624940703,0,216.25,0,5,28.15760612,0,0,2015,2016,1
"GBR243","Masthead Site 3",-23.53652,151.75731,151.8,-23.5,23.90876214,2.417687389,1383.370092,1021.29452,1811.582319,197.7714786,116.9786178,2,5.627761348,1.95431213,0.687166065,0.588402604,194.25,0,9.05,27.14776611,0,0,2015,2017,2
"GBR248","Erskyne Island Site 1",-23.49835,151.7747,151.8,-23.5,23.9530522,2.375504193,1383.370092,1021.29452,1811.582319,197.7714786,116.9786178,2,5.755215074,1.998546082,0.695927589,0.588402604,194.25,0,5.05,27.15234947,0,0,2015,2017,2
"GBR25","Hook Reef1",-19.81349,149.13617,149.1,-19.8,25.44409704,2.163958175,1371.962219,950.4266534,2014.781647,270.9911585,66.4639479,1,5.890755444,1.526727446,0.624940703,0,216.25,0,4.5,28.15760612,0,0,2015,2016.5,1.5
"GBR250","Broomfield Reef Site 2",-23.25245,151.94545,151.9,-23.3,24.14808655,2.173217798,1423.802515,1110.537947,1797.95742,141.9435558,92.53804574,1,9.34648758,3.261714864,1.219379205,1.375024293,284.25,0,8.25,27.13696861,0,0,2015,2017,2
"GBR253","Monkey Point",-23.1957,150.93748,150.9,-23.2,23.76151212,2.943617305,1382.8146,909.2446476,1864.969075,259.1773963,121.6991388,2,0.175284076,0.05253697,0.017300493,220.3499248,46.25,22775,4,27.48526382,0,0,2010,2017,7
"GBR255","Clam Bay",-23.18769,150.9803,151,-23.2,23.76867263,2.910898252,1382.8146,909.2446476,1864.969075,259.1773963,121.6991388,2,0.25105014,0.1098896,0.036644621,33.62215242,45,2974,3.25,27.47215271,0,0,2010,2017,7
"GBR257","North Island Site 3",-23.1778,151.91543,151.9,-23.2,24.1963204266667,2.15830863433333,1451.99655733333,1103.087378,1788.36199433333,152.703566466667,89.3444875333333,1,9.544317686,3.33310785,1.23297594666667,0.393002956,179.25,0,6.25,27.1761385566667,0,0,2015,2017,2
"GBR265","Swains SE",-22.37484,152.5451,152.5,-22.4,24.79526997,2.107134633,1088.353822,707.7461563,1629.115523,274.4944718,81.84006816,1,12.50381595,4.535609157,1.651203575,0,101,0,8.5,27.56196404,0,0,2013,NA,NA
"GBR3","Lady Musgrave West central",-23.89929,152.39361,152.4,-23.9,24.16806157,2.117604359,1168.046046,929.56476,1546.962277,151.0537083,89.88830306,1,8.270347534,2.94029222,1.086394459,0.782538478,67.75,0,6,27.09435844,0,0,2015,2017,2
"GBR39","Cod Hole",-14.66452,145.6632,145.7,-14.7,26.42423932,1.646465214,621.1385801,432.5736686,1102.6645,121.1802942,59.69186236,1,14.9586139,6.20507865,1.81607126,0,211.75,0,7,28.55389786,0,0,2015,2017,2
"GBR41","Tydeman Cay anchorage",-13.97733,144.50067,144.5,-14,26.38615449,1.73413239,983.4951826,687.6035708,1633.538531,227.2777664,72.06089437,1,7.279167424,3.516434896,0.836421623,10.36650002,115.75,0,3.5,28.55250359,0,0,2015,2016,1
"GBR45","Forbes Island west boulders",-12.28595,143.40371,143.4,-12.3,26.68538857,1.781573286,963.9761394,692.3484361,1512.124595,173.0631115,91.4182336,2,0.149638897,0.039039799,0.010634866,7.726680653,656.75,0,8,28.87915802,0,0,2015,2016,1
"GBR46","Forbes Island NE",-12.28241,143.41092,143.4,-12.3,26.68538857,1.781573286,963.9761394,692.3484361,1512.124595,173.0631115,91.4182336,2,0.149638897,0.039039799,0.010634866,7.726680653,656.75,0,6,28.87915802,0,0,2015,2016,1
"GBR47","Forbes Island bommie",-12.28121,143.40709,143.4,-12.3,26.68538857,1.781573286,963.9761394,692.3484361,1512.124595,173.0631115,91.4182336,2,0.149638897,0.039039799,0.010634866,7.726680653,656.75,0,3,28.87915802,0,0,2015,2016,1
"GBR48","Forbes Island Bommie West",-12.28091,143.40302,143.4,-12.3,26.68538857,1.781573286,963.9761394,692.3484361,1512.124595,173.0631115,91.4182336,2,0.149638897,0.039039799,0.010634866,7.726680653,656.75,0,6.75,28.87915802,0,0,2015,2016,1
"GBR49","Forbes Island Isthmus Rf",-12.29055,143.40232,143.4,-12.3,26.68538857,1.781573286,963.9761394,692.3484361,1512.124595,173.0631115,91.4182336,2,0.149638897,0.039039799,0.010634866,7.726680653,656.75,0,4,28.87915802,0,0,2015,2016,1
"GBR53","Salamander Reef",-11.76571,143.65005,143.7,-11.8,26.71697537,1.619046425,1392.061777,959.2843933,2083.891164,247.6200613,123.2163842,1,0.947330082,0.400768055,0.077537033,0,589.5,0,5.5,28.71626091,0,0,2015,2016,1
"GBR54","Two Hour Reef",-12.16237,143.64859,143.6,-12.2,26.6426096,1.654439331,1080.894717,798.1489529,1751.180495,202.8869318,99.31082935,2,2.04943663,0.861649904,0.164976223,0,942.5,0,7,28.69185257,0,0,2015,2016,1
"GBR55","Lagoon Reef Inner NW",-12.38375,143.76197,143.8,-12.4,26.56212425,1.560544339,854.4770991,627.8626489,1296.682856,138.2364692,65.89515527,1,13.41873034,7.326383036,1.602979606,0,448.75,0,4.5,28.44525337,0,0,2015,2016,1
"GBR56","Lagoon Reef Outer NW",-12.38175,143.75672,143.8,-12.4,26.56212425,1.560544339,854.4770991,627.8626489,1296.682856,138.2364692,65.89515527,1,13.41873034,7.326383036,1.602979606,0,448.75,0,4.5,28.44525337,0,0,2015,2016,1
"GBR57","Lagoon Reef Inner E",-12.38391,143.772,143.8,-12.4,26.56212425,1.560544339,854.4770991,627.8626489,1296.682856,138.2364692,65.89515527,1,13.41873034,7.326383036,1.602979606,0,448.75,0,8,28.44525337,0,0,2015,2016,1
"GBR58","Burke Reef",-12.62531,143.58327,143.6,-12.6,26.58988333,1.727382966,1038.27108,660.0503225,1612.503663,188.1324471,94.14607299,1,1.726857855,0.712363344,0.130896382,5.424625129,520,0,4.5,28.62792397,0,0,2015,2016,1
"GBR59","Shark Reef",-12.87385,143.8151,143.8,-12.9,26.5309329,1.610975137,799.1032001,584.7033139,1118.041114,129.0465694,56.77538719,1,12.74590554,6.900619929,1.567083706,0,324.25,0,5.05,28.49404716,0,0,2015,2016,1
"GBR60","Shark Reef Gardens",-12.87695,143.82034,143.8,-12.9,26.5309329,1.610975137,799.1032001,584.7033139,1118.041114,129.0465694,56.77538719,1,12.74590554,6.900619929,1.567083706,0,324.25,0,2.9,28.49404716,0,0,2015,2016,1
"GBR62","Crocodile Bommie",-13.8185,144.28213,144.3,-13.8,26.37396208,1.69500574,1125.213332,792.3369637,1734.570518,219.3020591,87.46185331,1,6.95891912,3.596398081,0.798181632,0,179.25,0,6,28.47331047,0,0,2015,2016,1
"GBR63","Surprise Reef",-13.99527,144.68397,144.7,-14,26.40330505,1.696710194,835.5578255,623.4988427,1286.021001,150.6397696,72.46408686,1,9.079609766,4.375225595,1.072073799,0,209,0,4.5,28.54436874,0,0,2015,2017,2
"GBR64","Surprise Reef Paradise",-13.98947,144.67643,144.7,-14,26.40330505,1.696710194,835.5578255,623.4988427,1286.021001,150.6397696,72.46408686,1,9.079609766,4.375225595,1.072073799,0,209,0,5.25,28.54436874,0,0,2015,2017,2
"GBR65","Surprise Reef Rubble",-14.0108,144.71335,144.7,-14,26.37069448,1.734666723,882.5678351,639.835781,1456.170171,179.5823719,77.75383526,1,8.961404374,4.352226014,1.072205407,0,209,0,5.5,28.55352211,0,0,2015,NA,NA
"GBR67","Day Reef Inner",-14.51742,145.5309,145.5,-14.5,26.38678122,1.683552475,626.1143986,445.5637538,849.9077633,91.02726456,53.16253735,1,12.03014606,5.048202534,1.382962126,7.860443406,156,0,5.5,28.57003403,0,0,2015,2017,2
"GBR70","Low Isles 1",-16.3835,145.571,145.6,-16.4,26.09323486,2.14414049,1141.885656,831.6524545,1887.853474,235.7670772,126.6577894,2,3.324721517,1.164723768,0.361603144,20.30356618,238,3757,4.5,28.8501606,0,0,2015,NA,NA
"NMP-BF1","Bundegi",-21.83921,114.17564,114.2,-21.8,24.91309786,2.051094123,1639.413242,1213.355771,2194.268042,227.3590762,217.108391,2,0.549803418,0.181251605,0.071595797,189.1608969,42.5,2419,2,27.95412445,0,0,2012,2017,5
"NMP-BF3","Bundegi SZ South",-21.86648,114.15926,114.2,-21.9,24.83429273,2.1197862,1639.413242,1213.355771,2194.268042,227.3590762,217.108391,2,0.549803418,0.181251605,0.071595797,308.156455,25,2475,4.63333333333333,28.00344849,0,0,2012,NA,NA
"NMP-C1","Monck Head",-23.17701,113.75987,113.8,-23.2,24.07359584,1.840379556,1635.58225,1064.09797,2033.823027,175.0452385,279.3650549,1,17.9032839,5.325835733,1.870009558,687.84036,40.75,288,2,26.69993591,0,0,2012,2017,5
"NMP-C3","Coral Bay Central",-23.14152,113.75364,113.8,-23.1,24.11945502,1.847096814,1724.519245,1199.581372,2198.89237,193.665246,280.8758984,2,17.96217474,5.52659537,1.913034493,647.5848743,43.75,288,3.8,26.75812721,0,0,2012,2019,7
"NMP-C4","Yalobia Passage",-23.19995,113.76354,113.8,-23.2,24.07359584,1.840379556,1635.58225,1064.09797,2033.823027,175.0452385,279.3650549,1,17.9032839,5.325835733,1.870009558,687.84036,40.75,288,3.66666666666667,26.69993591,0,0,2012,2017,5
"NMP-P2","Pelican Nth",-23.31925,113.7807,113.8,-23.3,23.94850858,1.823494628,1711.116547,1212.200864,2576.997496,231.2366093,316.7644493,1,16.02867827,4.674424585,1.637895608,719.7776826,38,288,2.25,26.53309059,0,0,2012,NA,NA
"NMP-S2","Bruboodjoo",-22.92875,113.77937,113.8,-22.9,24.27280601,1.865365132,1724.09317,1352.451004,2370.679106,194.7908017,294.114515,1,16.79975145,4.833620731,1.711435191,639.4215999,32.75,10,2.5,26.9465313,0,0,2012,2017,5
"NMP-S3","Coral Bay DEC1",-23.12872,113.75232,113.8,-23.1,24.11945502,1.847096814,1876.691976,1430.183333,2519.914164,241.520576,301.8657144,2,14.40990746,4.738977451,1.558434388,647.5848743,43.75,288,4.85,26.75812721,0,0,2012,2018.1,6.1
"NMP1","Point Maud Outer",-23.11234,113.75042,113.8,-23.1,24.11945502,1.847096814,1876.691976,1430.183333,2519.914164,241.520576,301.8657144,2,14.40990746,4.738977451,1.558434388,647.5848743,43.75,288,2.15,26.75812721,0,0,2012,2017.9,5.9
"NMP11","Maud RZ2",-23.20838,113.76328,113.8,-23.2,24.02985859,1.833654975,1635.58225,1064.09797,2033.823027,175.0452385,279.3650549,1,17.9032839,5.325835733,1.870009558,687.84036,40.75,288,4.45,26.64089584,0,0,2012,2018,6
"NMP19","Maud SZ Nth",-23.09197,113.73966,113.7,-23.1,24.16486963,1.85286907,1876.691976,1430.183333,2519.914164,241.520576,301.8657144,1,20.81206667,6.493122382,2.225789778,260.6213588,40.5,286,1.55,26.82248688,0,0,2012,2018.7,6.7
"NMP2","Point Maud Inner",-23.12142,113.75562,113.8,-23.1,24.11945502,1.847096814,1876.691976,1430.183333,2519.914164,241.520576,301.8657144,2,14.40990746,4.738977451,1.558434388,647.5848743,43.75,288,2.65,26.75812721,0,0,2012,2017,5
"NMP20","Oyster rocks buoy",-23.04473,113.81843,113.8,-23,24.1922423,1.857031189,1826.624448,1423.048644,2526.089445,245.5188361,321.8151372,2,9.779514764,3.27056791,1.044118287,623.6872487,40.5,290,9.5,26.83897018,0,0,2012,2018.2,6.2
"NMP21","Coral Bay (Sanctuary zone)",-23.14221,113.76709,113.8,-23.1,24.11945502,1.847096814,1724.519245,1199.581372,2198.89237,193.665246,280.8758984,2,17.96217474,5.52659537,1.913034493,647.5848743,43.75,288,2.2,26.75812721,0,0,2015,2019,4
"NMP24","Yalobia Bommie",-23.20194,113.76248,113.8,-23.2,24.02985859,1.833654975,1635.58225,1064.09797,2033.823027,175.0452385,279.3650549,1,17.9032839,5.325835733,1.870009558,687.84036,40.75,288,5.5,26.64089584,0,0,2012,2019,7
"NMP26","Outside Yalobia South",-23.2175,113.75466,113.8,-23.2,24.02985859,1.833654975,1662.723521,1066.82183,2355.096157,214.7871659,297.2614744,1,17.62422607,5.035144488,1.791898753,687.84036,40.75,288,13.5,26.64089584,0,0,2012,NA,NA
"NMP27","Coral Bay Offshore",-23.13496,113.7404,113.7,-23.1,24.1245664,1.847199419,1724.519245,1199.581372,2198.89237,193.665246,280.8758984,1,19.41615127,5.882270419,2.048886153,260.6213588,40.5,286,12.5,26.7696209,0,0,2012,2017,5
"NMP6","Monck Head Outer",-23.16108,113.75875,113.8,-23.2,24.07359584,1.840379556,1724.519245,1199.581372,2198.89237,193.665246,280.8758984,2,17.96217474,5.52659537,1.913034493,687.84036,40.75,288,2.5,26.69993591,0,0,2012,2018.2,6.2
"NMP9","Bills Bay 1",-23.12627,113.76158,113.8,-23.1,24.11945502,1.847096814,1876.691976,1430.183333,2519.914164,241.520576,301.8657144,2,14.40990746,4.738977451,1.558434388,647.5848743,43.75,288,3.1,26.75812721,0,0,2012,2017,5
"NWS1","Vulcan Shoal",-12.8034,124.2757,124.3,-12.8,28.48369884,1.17134283,825.8374125,469.358334,1474.143669,313.4967853,99.69079923,1,10.12885448,4.19133431,1.133407934,0,15,0,16.5,29.48967171,0,0,2013,NA,NA
"NWS10","Rogaa Bommie",-11.97452,123.32136,123.3,-12,28.40088781,1.114160786,1737.319492,749.5750122,2604.242833,386.6340021,158.8618354,0,13.95294191,5.866758529,1.42177353,0,77.25,0,11.5,29.41734123,0,0,2013,2019,6
"NWS100","Clerke east reef top C28",-17.29965,119.37575,119.4,-17.3,27.69127162,1.629373344,723.8672212,502.4603922,1224.85097,209.4464348,58.46504853,1,8.911812465,2.960841865,1.059117527,0.408376679,64,0,1.75,29.67437172,0,0,2013,2018,5
"NWS101","Clerke Reef - BnB",-17.35516,119.38393,119.4,-17.4,27.66717466,1.644299541,728.9065276,503.1177272,1243.777271,210.837449,58.46168422,1,8.717504138,2.898027243,1.03818331,0.408376679,64,0,6.25,29.68076134,0,0,2013,2018,5
"NWS102","Clerke SE reef top C27",-17.3139,119.37816,119.4,-17.3,27.67829307,1.636776196,723.8672212,502.4603922,1224.85097,209.4464348,58.46504853,1,8.911812465,2.960841865,1.059117527,0.408376679,64,0,1,29.67575073,0,0,2013,NA,NA
"NWS11","Hibernia Lagoon SW",-11.98059,123.33523,123.3,-12,28.40088781,1.114160786,1141.741996,628.4476708,1756.922081,272.48673,97.98739987,1,13.67891054,5.783206694,1.401453677,0,77.25,0,2.75,29.41734123,0,0,2013,2019,6
"NWS12","Hibernia Lagoon NW",-11.97626,123.33757,123.3,-12,28.40088781,1.114160786,1141.741996,628.4476708,1756.922081,272.48673,97.98739987,1,13.67891054,5.783206694,1.401453677,0,77.25,0,5.5,29.41734123,0,0,2013,2019,6
"NWS13","Golden Sleeper Corner",-11.9834,123.3271,123.3,-12,28.40088781,1.114160786,1141.741996,628.4476708,1756.922081,272.48673,97.98739987,1,13.67891054,5.783206694,1.401453677,0,77.25,0,7.7,29.41734123,0,0,2013,2019,6
"NWS14","Surge Crest East",-12.217,123.00392,123,-12.2,28.39436054,1.138449574,1002.576945,734.5563558,1379.798741,172.8525319,68.84402209,2,14.84333247,5.983479727,1.537292248,2.298197619,110.5,0,4,29.44476509,0,0,2013,2019,6
"NWS15","Surge Crest West",-12.2159,123.00575,123,-12.2,28.39436054,1.138449574,1002.576945,734.5563558,1379.798741,172.8525319,68.84402209,2,14.84333247,5.983479727,1.537292248,2.298197619,110.5,0,2.75,29.44476509,0,0,2013,2018,5
"NWS16","Guardian Reef",-12.23963,122.98389,123,-12.2,28.40063477,1.139673876,988.45822,705.4917908,1339.863554,165.8899613,70.54717867,1,15.26410838,6.137437282,1.582676164,2.298197619,110.5,0,6.5,29.45423889,0,0,2013,2018,5
"NWS17","Turtle Patch",-12.24179,122.99063,123,-12.2,28.40063477,1.139673876,988.45822,705.4917908,1339.863554,165.8899613,70.54717867,1,15.26410838,6.137437282,1.582676164,2.298197619,110.5,0,3.5,29.45423889,0,0,2013,2018,5
"NWS18","Busy Bommie",-12.24122,122.98493,123,-12.2,28.3982192585714,1.13887572728571,976.895491628571,708.2966861,1337.89369114286,168.515624614286,68.4212455242857,1.28571428571429,15.0583090642857,6.07144791657143,1.55981856714286,2.298197619,110.5,0,5,29.4504406778571,0,0,2013,2018,5
"NWS19","Grand Oculis Bommie",-12.24054,122.98329,123,-12.2,28.3982192585714,1.13887572728571,976.895491628571,708.2966861,1337.89369114286,168.515624614286,68.4212455242857,1.28571428571429,15.0583090642857,6.07144791657143,1.55981856714286,2.298197619,110.5,0,5,29.4504406778571,0,0,2013,2019,6
"NWS2","Barracouta Shoal",-12.5583,124.0382,124,-12.6,28.4619058,1.163348306,794.8466819,511.4020081,1394.024915,286.7236085,77.41407319,0,10.2535518,4.230309665,1.11876545,0,13.75,0,19,29.4840889,0,0,2013,NA,NA
"NWS20","Flat's Edge",-12.24414,123.00182,123,-12.2,28.39436054,1.138449574,1002.576945,734.5563558,1379.798741,172.8525319,68.84402209,2,14.84333247,5.983479727,1.537292248,2.298197619,110.5,0,3,29.44476509,0,0,2013,2018,5
"NWS21","Hemiplage Bommie",-12.24405,122.99881,123,-12.2,28.40063477,1.139673876,1002.576945,734.5563558,1379.798741,172.8525319,68.84402209,2,14.84333247,5.983479727,1.537292248,2.298197619,110.5,0,4.5,29.45423889,0,0,2013,2018,5
"NWS22","Dotty Reef",-12.24109,122.9864,123,-12.2,28.3982192585714,1.13887572728571,976.895491628571,708.2966861,1337.89369114286,168.515624614286,68.4212455242857,1.28571428571429,15.0583090642857,6.07144791657143,1.55981856714286,2.298197619,110.5,0,4.75,29.4504406778571,0,0,2013,2018,5
"NWS23","Kuhlii Bommie",-12.23384,122.99001,123,-12.2,28.40063477,1.139673876,988.45822,705.4917908,1339.863554,165.8899613,70.54717867,1,15.26410838,6.137437282,1.582676164,2.298197619,110.5,0,4.25,29.45423889,0,0,2013,2018,5
"NWS24","Reel Lost Bommie",-12.24264,122.98531,123,-12.2,28.3982192585714,1.13887572728571,976.895491628571,708.2966861,1337.89369114286,168.515624614286,68.4212455242857,1.28571428571429,15.0583090642857,6.07144791657143,1.55981856714286,2.298197619,110.5,0,6,29.4504406778571,0,0,2013,2018,5
"NWS25","Eviota Bommie",-12.23989,122.98643,123,-12.2,28.3982192585714,1.13887572728571,976.895491628571,708.2966861,1337.89369114286,168.515624614286,68.4212455242857,1.28571428571429,15.0583090642857,6.07144791657143,1.55981856714286,2.298197619,110.5,0,5,29.4504406778571,0,0,2013,2019,6
"NWS26","Seringapatam North",-13.62389,121.99474,122,-13.6,28.44104274,1.214204089,626.3612314,417.9203356,980.4480828,163.766329,63.94409308,1,13.13228702,4.939202992,1.481038294,0,38.75,0,7.5,29.66703987,0,0,2013,2018,5
"NWS27","Election Day Reef",-14.07039,121.96127,122,-14.1,28.4070569155556,1.22535540988889,716.601882477778,532.654558433333,1180.63623955556,167.049747833333,66.9452373722222,1.11111111111111,13.0244173055556,4.763567014,1.51512189866667,0,91,0,3.5,29.5999069222222,0,0,2013,2018,5
"NWS28","Consolation Bommie",-14.1327,121.94218,121.9,-14.1,28.40611617,1.227207487,696.3135621,507.8291999,1145.117747,163.0823064,59.88572132,1,12.84527601,4.705653492,1.501379536,0.207421817,190.25,0,6,29.60219574,0,0,2013,2018,5
"NWS29","Moray Bommie",-14.12668,121.94546,121.9,-14.1,28.40611617,1.227207487,733.8958265,548.3968111,1217.152517,171.3683331,69.05224247,2,12.96189967,4.737887816,1.506020503,0.207421817,190.25,0,6,29.60219574,0,0,2013,2018,5
"NWS3","Cardinal Shoal",-11.9719,123.3878,123.4,-12,28.40379763,1.116002315,831.934116,537.7386661,1350.764201,225.9459604,70.06458781,1,13.39961781,5.686341651,1.377128396,0,95,0,7.5,29.42552948,0,0,2013,2019,6
"NWS30","Longnose Spur",-14.14184,121.9589,122,-14.1,28.40707811,1.225914721,694.6713636,504.2534756,1233.156698,171.3677223,61.18635806,1,12.77170622,4.684096069,1.498730488,0,91,0,6,29.5979805,0,0,2013,2018,5
"NWS31","Napoleon Reef",-14.14383,121.95693,122,-14.1,28.40707811,1.225914721,694.6713636,504.2534756,1233.156698,171.3677223,61.18635806,1,12.77170622,4.684096069,1.498730488,0,91,0,10,29.5979805,0,0,2013,2018,5
"NWS32","Goby Heaven",-14.10934,121.96473,122,-14.1,28.40707811,1.225914721,733.8958265,548.3968111,1217.152517,171.3683331,69.05224247,1,12.99032652,4.754008562,1.513796234,0,91,0,4.05,29.5979805,0,0,2013,2018,5
"NWS33","NE Passage",-14.05597,121.95847,122,-14.1,28.40703996,1.224907961,726.301405,546.5467576,1141.820709,163.5952461,69.97916394,1,13.20894681,4.823921054,1.52886198,0,91,0,7.5,29.60144806,0,0,2013,2018,5
"NWS34","Table Tip",-14.06257,121.9653,122,-14.1,28.40703996,1.224907961,726.301405,546.5467576,1141.820709,163.5952461,69.97916394,1,13.20894681,4.823921054,1.52886198,0,91,0,6.25,29.60144806,0,0,2013,2018,5
"NWS35","Ian's Anchorage",-14.0717,121.95083,122,-14.1,28.40703996,1.224907961,726.301405,546.5467576,1141.820709,163.5952461,69.97916394,2,13.07852333,4.770122141,1.51066147,0,91,0,6.5,29.60144806,0,0,2013,2018,5
"NWS36","Fungiid Fields",-14.0747,121.78767,121.8,-14.1,28.41229884,1.229314651,744.3641214,499.2432743,1096.230722,149.0994289,62.34467081,1,13.01607329,4.71539365,1.493219216,0.207421817,181.75,0,9,29.62756729,0,0,2013,2018,5
"NWS37","Stake Edge",-14.0453,121.78072,121.8,-14,28.41332006,1.228839149,754.3366933,521.0151655,1035.587286,142.8327493,64.44946636,1,13.38267717,4.822828762,1.531186685,0.207421817,147.75,0,6.5,29.63490486,0,0,2013,2018,5
"NWS38","Chaetodontoides",-14.06866,121.77651,121.8,-14.1,28.41229884,1.229314651,754.3366933,521.0151655,1035.587286,142.8327493,64.44946636,1,13.38267717,4.822828762,1.531186685,0.207421817,181.75,0,5.5,29.62756729,0,0,2013,2018,5
"NWS39","Odonus Dropoff",-14.0828,121.74816,121.7,-14.1,28.41577911,1.230057578,754.3366933,521.0151655,1035.587286,142.8327493,64.44946636,1,13.38267717,4.822828762,1.531186685,0.207421817,99.5,0,6,29.6346283,0,0,2013,2018,5
"NWS4","Titan Reef",-11.969,123.3794,123.4,-12,28.40379763,1.116002315,831.934116,537.7386661,1350.764201,225.9459604,70.06458781,1,13.39961781,5.686341651,1.377128396,0,95,0,6.75,29.42552948,0,0,2013,2019,6
"NWS40","Stern Trawler Reef",-14.0785,121.742,121.7,-14.1,28.41577911,1.230057578,765.4158053,526.5024797,1071.635212,147.7658211,67.44436489,1,13.74928106,4.930263874,1.569154153,0.207421817,99.5,0,1.5,29.6346283,0,0,2013,2018,5
"NWS41","Dead West",-14.10823,121.72068,121.7,-14.1,28.41530085,1.230430202,721.715712,504.6332732,1050.939714,146.4347713,66.29284045,1,13.70253664,4.928473381,1.56997441,0.207421817,99.5,0,11.75,29.62582016,0,0,2013,2018,5
"NWS5","Hibernia Lagoon SE",-11.97961,123.38074,123.4,-12,28.40379763,1.116002315,831.934116,537.7386661,1350.764201,225.9459604,70.06458781,1,13.39961781,5.686341651,1.377128396,0,95,0,4.05,29.42552948,0,0,2013,2019,6
"NWS50","Imperieuse SE lagoon",-17.6101,118.97,119,-17.6,27.5418884,1.657827763,754.944784,489.4533705,1255.691256,225.2495194,53.09896458,1,9.316337943,3.074884907,1.065180082,0.203901616,66,0,1.25,29.63270569,0,0,2013,2018,5
"NWS51","Imperieuse West Lagoon",-17.6089,118.96364,119,-17.6,27.5418884,1.657827763,754.944784,489.4533705,1255.691256,225.2495194,53.09896458,1,9.316337943,3.074884907,1.065180082,0.203901616,66,0,7,29.63270569,0,0,2013,2018,5
"NWS52","Imperieuse SE reef edge",-17.6089,118.96364,119,-17.6,27.5418884,1.657827763,754.944784,489.4533705,1255.691256,225.2495194,53.09896458,1,9.316337943,3.074884907,1.065180082,0.203901616,66,0,4.5,29.63270569,0,0,2013,NA,NA
"NWS53","Imperieuse SE reef top",-17.579,118.96872,119,-17.6,27.55122979,1.6494546,769.575218,499.6966388,1231.723822,214.3483936,53.59305375,1,9.545121765,3.156357495,1.092816345,0.203901616,66,0,0.2,29.62473679,0,0,2013,2018,5
"NWS54","Imperieuse east lagoon",-17.5804,118.9369,118.9,-17.6,27.549215,1.648324549,790.686024,519.6924274,1237.512411,214.7264227,58.48175713,1,9.761251721,3.229638167,1.112998032,0.203901616,66,0,1.5,29.62799454,0,0,2013,2018,5
"NWS55","Imperieuse East",-17.56991,118.97193,119,-17.6,27.55122979,1.6494546,769.575218,499.6966388,1231.723822,214.3483936,53.59305375,1,9.545121765,3.156357495,1.092816345,0.203901616,66,0,4.5,29.62473679,0,0,2013,2018,5
"NWS56","Imperieuse Reef Rage",-17.6102,118.9747,119,-17.6,27.5418884,1.657827763,754.944784,489.4533705,1255.691256,225.2495194,53.09896458,1,9.316337943,3.074884907,1.065180082,0.203901616,66,0,7.75,29.63270569,0,0,2013,2018,5
"NWS57","Imperieuse edge",-17.548,118.9737,119,-17.5,27.56295745,1.641871558,769.575218,499.6966388,1231.723822,214.3483936,53.59305375,1,9.545121765,3.156357495,1.092816345,0.203901616,66,0,10,29.6199913,0,0,2013,2018,5
"NWS58","Rowley Shoals 3",-17.5531,118.9738,119,-17.6,27.55122979,1.6494546,769.575218,499.6966388,1231.723822,214.3483936,53.59305375,1,9.545121765,3.156357495,1.092816345,0.203901616,66,0,7.5,29.62473679,0,0,2013,2018,5
"NWS59","Imperieuse lagoon bommie",-17.54732,118.9668,119,-17.5,27.56295745,1.641871558,769.575218,499.6966388,1231.723822,214.3483936,53.59305375,1,9.545121765,3.156357495,1.092816345,0.203901616,66,0,4,29.6199913,0,0,2013,2018,5
"NWS6","Hibernia Lagoon SE2",-11.97448,123.38116,123.4,-12,28.40379763,1.116002315,831.934116,537.7386661,1350.764201,225.9459604,70.06458781,1,13.39961781,5.686341651,1.377128396,0,95,0,4.5,29.42552948,0,0,2013,2019,6
"NWS60","Imperieuse 14",-17.54749,118.96884,119,-17.5,27.56295745,1.641871558,769.575218,499.6966388,1231.723822,214.3483936,53.59305375,1,9.545121765,3.156357495,1.092816345,0.203901616,66,0,2,29.6199913,0,0,2013,2018,5
"NWS61","Imperieuse edge RS3-3",-17.5582,118.9724,119,-17.6,27.55122979,1.6494546,769.575218,499.6966388,1231.723822,214.3483936,53.59305375,1,9.545121765,3.156357495,1.092816345,0.203901616,66,0,5.5,29.62473679,0,0,2013,2018,5
"NWS62","Imperieuse anchorage",-17.50713,118.96635,119,-17.5,27.56295745,1.641871558,762.6808138,506.3384003,1206.171079,207.3773779,53.60743457,1,9.773905588,3.237830082,1.120452608,0.203901616,66,0,16,29.6199913,0,0,2013,2018,5
"NWS63","Imperieuse north",-17.50218,118.96276,119,-17.5,27.56295745,1.641871558,758.6835872,523.2802778,1189.312754,199.8333659,53.88886034,0,10.01854769,3.329221436,1.14958506,0.203901616,66,0,6,29.6199913,0,0,2013,2018,5
"NWS64","Imperieuse north lagoon",-17.56045,118.94214,118.9,-17.6,27.549215,1.648324549,790.686024,519.6924274,1237.512411,214.7264227,58.48175713,1,9.761251721,3.229638167,1.112998032,0.203901616,66,0,1.75,29.62799454,0,0,2013,2018,5
"NWS65","Mermaid south M7",-17.13371,119.6339,119.6,-17.1,27.78543727,1.618182504,857.7856391,556.4559093,1339.573627,215.785391,81.11351859,1,8.798316723,2.932212345,1.069263485,0,57,0,8.5,29.754179,0,0,2013,NA,NA
"NWS66","Mermaid anchorage dropoff 1.3",-17.0764,119.6539,119.7,-17.1,27.81275129,1.612100458,782.6216491,541.5230078,1174.389569,188.8632777,58.35774171,1,9.242437383,3.07485834,1.12101661,0,57,0,12,29.76688004,0,0,2013,2018,5
"NWS67","Mermaid anchorage bommie",-17.07374,119.6455,119.6,-17.1,27.8013471,1.609731619,782.6216491,541.5230078,1174.389569,188.8632777,58.35774171,1,9.242437383,3.07485834,1.12101661,0,57,0,4.5,29.75201416,0,0,2013,2018,5
"NWS68","Mermaid S channel entrance",-17.06263,119.64696,119.6,-17.1,27.8013471,1.609731619,782.6216491,541.5230078,1174.389569,188.8632777,58.35774171,1,9.242437383,3.07485834,1.12101661,0,57,0,9.5,29.75201416,0,0,2013,2018,5
"NWS69","Mermaid anchorage dropoff 1.1",-17.0658,119.6494,119.6,-17.1,27.8013471,1.609731619,782.6216491,541.5230078,1174.389569,188.8632777,58.35774171,1,9.242437383,3.07485834,1.12101661,0,57,0,13.5,29.75201416,0,0,2013,2018,5
"NWS7","Big Fish Gulch",-11.9671,123.3586,123.4,-12,28.40379763,1.116002315,1141.741996,628.4476708,1756.922081,272.48673,97.98739987,1,13.67891054,5.783206694,1.401453677,0,95,0,5.75,29.42552948,0,0,2013,2019,6
"NWS70","Mermaid SW bommie M11",-17.1641,119.6277,119.6,-17.2,27.77010806,1.627083391,857.7856391,556.4559093,1339.573627,215.785391,81.11351859,1,8.798316723,2.932212345,1.069263485,0,57,0,6.75,29.75576591,0,0,2013,NA,NA
"NWS71","Mermaid S bommie",-17.15365,119.6311,119.6,-17.2,27.77010806,1.627083391,857.7856391,556.4559093,1339.573627,215.785391,81.11351859,1,8.798316723,2.932212345,1.069263485,0,57,0,6,29.75576591,0,0,2013,2018,5
"NWS72","Mermaid Reef Lagoon Dragon",-17.0754,119.64617,119.6,-17.1,27.8013471,1.609731619,782.6216491,541.5230078,1174.389569,188.8632777,58.35774171,1,9.242437383,3.07485834,1.12101661,0,57,0,10,29.75201416,0,0,2013,2018,5
"NWS73","Mermaid channel mid bank",-17.06644,119.64167,119.6,-17.1,27.8013471,1.609731619,782.6216491,541.5230078,1174.389569,188.8632777,58.35774171,1,9.242437383,3.07485834,1.12101661,0,57,0,4.5,29.75201416,0,0,2013,2018,5
"NWS74","Mermaid Lagoon Reef Dragon Escape",-17.06983,119.64367,119.6,-17.1,27.7978945866667,1.61093334625,785.953659633333,538.536728991667,1192.75225275,192.286888675,61.5998817691667,1,9.21836714383333,3.0681702765,1.11757497141667,0,57,0,4.25,29.75131003,0,0,2013,2018,5
"NWS75","Mermaid west lagoon",-17.08687,119.6148,119.6,-17.1,27.8013471,1.609731619,714.7789271,487.5781383,1136.316134,193.3283437,57.54107263,1,9.431106443,3.141714455,1.139181622,0,57,0,6,29.75201416,0,0,2013,2018,5
"NWS76","Mermaid central bommie",-17.11469,119.63474,119.6,-17.1,27.78543727,1.618182504,883.1272295,598.6444996,1305.704586,194.0943641,76.1409837,1,9.020377053,3.003535343,1.095140048,0,57,0,5.5,29.754179,0,0,2013,2018,5
"NWS77","Mermaid Reef Cod Hole",-17.06202,119.64815,119.6,-17.1,27.8013471,1.609731619,782.6216491,541.5230078,1174.389569,188.8632777,58.35774171,1,9.242437383,3.07485834,1.12101661,0,57,0,13.5,29.75201416,0,0,2013,2018,5
"NWS78","Mermaid channel bommies",-17.0666,119.64027,119.6,-17.1,27.8013471,1.609731619,782.6216491,541.5230078,1174.389569,188.8632777,58.35774171,1,9.242437383,3.07485834,1.12101661,0,57,0,5.5,29.75201416,0,0,2013,2018,5
"NWS79","Mermaid dropoff 1.2",-17.0721,119.6533,119.7,-17.1,27.81275129,1.612100458,782.6216491,541.5230078,1174.389569,188.8632777,58.35774171,1,9.242437383,3.07485834,1.12101661,0,57,0,7.5,29.76688004,0,0,2013,2018,5
"NWS8","Hibernia Lagoon South",-11.97908,123.36079,123.4,-12,28.40379763,1.116002315,1141.741996,628.4476708,1756.922081,272.48673,97.98739987,1,13.67891054,5.783206694,1.401453677,0,95,0,5,29.42552948,0,0,2013,2019,6
"NWS80","Mermaid Reef No Pygmy",-17.08181,119.65518,119.7,-17.1,27.81275129,1.612100458,782.6216491,541.5230078,1174.389569,188.8632777,58.35774171,1,9.242437383,3.07485834,1.12101661,0,57,0,8,29.76688004,0,0,2013,2018,5
"NWS81","Mermaid North M1",-17.02767,119.61792,119.6,-17,27.81783597,1.60163414,784.420216,490.8931236,1213.944331,212.8160163,70.37681959,0,9.659595716,3.217297673,1.165684923,0,57,0,8.5,29.75001907,0,0,2013,2018,5
"NWS82","Mermaid west dropoff M4",-17.0762,119.5962,119.6,-17.1,27.7917366,1.607250576,714.7789271,487.5781383,1136.316134,193.3283437,57.54107263,1,9.431106443,3.141714455,1.139181622,0,57,0,6.5,29.73923492,0,0,2013,2018,5
"NWS83","Clerke North C1B",-17.24607,119.35201,119.4,-17.2,27.70641931,1.622233168,696.7524028,452.7531148,1182.118162,203.6871141,57.01844201,1,9.57255786,3.189231655,1.131364166,0.408376679,55.25,0,8,29.68066597,0,0,2013,2018,5
"NWS84","Clerke North Point",-17.24612,119.34713,119.3,-17.2,27.70120049,1.620297508,696.7524028,452.7531148,1182.118162,203.6871141,57.01844201,1,9.57255786,3.189231655,1.131364166,0.408376679,55.25,0,8,29.68140221,0,0,2013,2018,5
"NWS85","Clerke Reef - Far too early",-17.24607,119.35201,119.4,-17.2,27.70641931,1.622233168,696.7524028,452.7531148,1182.118162,203.6871141,57.01844201,1,9.57255786,3.189231655,1.131364166,0.408376679,55.25,0,4.5,29.68066597,0,0,2013,NA,NA
"NWS86","Clerke anchorage dropoff 2.1",-17.2909,119.35929,119.4,-17.3,27.69127162,1.629373344,735.06261,487.2361518,1216.322032,207.1345137,61.52807904,1,9.318357578,3.096731031,1.100723801,0.408376679,64,0,6.5,29.67437172,0,0,2013,2018,5
"NWS87","Clerke Anchorage Dropoff 2.2",-17.2843,119.3769,119.4,-17.3,27.69127162,1.629373344,715.6625445,498.0946801,1200.993112,206.998631,56.94927474,1,9.1558746,3.046846267,1.08780711,0.408376679,64,0,6,29.67437172,0,0,2013,2018,5
"NWS88","Clerke anchorage dropoff 2.3",-17.288,119.3775,119.4,-17.3,27.69127162,1.629373344,715.6625445,498.0946801,1200.993112,206.998631,56.94927474,1,9.1558746,3.046846267,1.08780711,0.408376679,64,0,6.5,29.67437172,0,0,2013,2018,5
"NWS89","Blue lagoon",-17.25302,119.36037,119.4,-17.3,27.69127162,1.629373344,696.7524028,452.7531148,1182.118162,203.6871141,57.01844201,1,9.57255786,3.189231655,1.131364166,0.408376679,64,0,18,29.67437172,0,0,2013,2018,5
"NWS9","Spur and Groove Reef",-11.9685,123.3356,123.3,-12,28.40088781,1.114160786,1260.8574952,652.67313908,1926.3862314,295.31618442,110.162286976,0.8,13.733716814,5.799917061,1.4055176476,0,77.25,0,7.5,29.41734123,0,0,2013,2019,6
"NWS90","Clerke Reef Snorkelling Paradise",-17.28632,119.3724,119.4,-17.3,27.69127162,1.629373344,715.6625445,498.0946801,1200.993112,206.998631,56.94927474,1,9.1558746,3.046846267,1.08780711,0.408376679,64,0,2.25,29.67437172,0,0,2013,2018,5
"NWS91","Clerke NE C14",-17.28312,119.37301,119.4,-17.3,27.69127162,1.629373344,715.6625445,498.0946801,1200.993112,206.998631,56.94927474,1,9.1558746,3.046846267,1.08780711,0.408376679,64,0,1.75,29.67437172,0,0,2013,2018,5
"NWS92","Clerke Reef Aquarium",-17.28321,119.37053,119.4,-17.3,27.69127162,1.629373344,715.6625445,498.0946801,1200.993112,206.998631,56.94927474,1,9.1558746,3.046846267,1.08780711,0.408376679,64,0,8,29.67437172,0,0,2013,2018,5
"NWS93","Clerke west lagoon C26",-17.29772,119.3423,119.3,-17.3,27.68549426,1.626992432,776.5684611,507.7714786,1304.367217,239.1575664,80.63738521,2,9.064157296,3.004230407,1.070083436,0.408376679,64,0,3.5,29.66982079,0,0,2013,2018,5
"NWS94","Clerke west C12",-17.31065,119.3675,119.4,-17.3,27.67829307,1.636776196,776.5684611,507.7714786,1304.367217,239.1575664,80.63738521,2,9.064157296,3.004230407,1.070083436,0.408376679,64,0,5.75,29.67575073,0,0,2013,2018,5
"NWS95","Clerke lagoon bommie C13",-17.31065,119.3675,119.4,-17.3,27.67829307,1.636776196,776.5684611,507.7714786,1304.367217,239.1575664,80.63738521,2,9.064157296,3.004230407,1.070083436,0.408376679,64,0,5,29.67575073,0,0,2013,2018,5
"NWS96","South Lagoon bommie C21",-17.31882,119.3605,119.4,-17.3,27.67829307,1.636776196,776.5684611,507.7714786,1304.367217,239.1575664,80.63738521,2,9.064157296,3.004230407,1.070083436,0.408376679,64,0,3,29.67575073,0,0,2013,2018,5
"NWS97","Clerke south lagoon C25",-17.3155,119.3675,119.4,-17.3,27.67829307,1.636776196,776.5684611,507.7714786,1304.367217,239.1575664,80.63738521,2,9.064157296,3.004230407,1.070083436,0.408376679,64,0,3,29.67575073,0,0,2013,2018,5
"NWS98","Clerke lagoon east C20",-17.30694,119.37064,119.4,-17.3,27.67829307,1.636776196,723.8672212,502.4603922,1224.85097,209.4464348,58.46504853,1,8.911812465,2.960841865,1.059117527,0.408376679,64,0,3,29.67575073,0,0,2013,2018,5
"NWS99","Clerke lagoon NW bommie C29",-17.2909,119.35929,119.4,-17.3,27.69127162,1.629373344,735.06261,487.2361518,1216.322032,207.1345137,61.52807904,1,9.318357578,3.096731031,1.100723801,0.408376679,64,0,2.5,29.67437172,0,0,2013,2018,5
"WA83","Bardi Hole  Cape Leveque",-16.43598,123.05123,123.1,-16.4,27.96941169,1.982886796,2573.406706,1780.55898,3631.919498,437.713128,263.2308941,2,0.049821989,0.019058099,0.005088411,187.6628402,38.5,378,5.75,29.98856354,0,0,2010,2018,8
"WA84","Rippy channel  Cape Leveque",-16.43131,123.08899,123.1,-16.4,27.96941169,1.982886796,2825.647598,1904.162292,3900.440277,482.8937757,259.3715284,2,0.163947511,0.172616107,0.03300152,187.6628402,38.5,378,4.05,29.98856354,0,0,2010,NA,NA
"WA85","Bardi Hole2  Cape Leveque",-16.43073,123.06852,123.1,-16.4,27.96941169,1.982886796,2657.48700333333,1821.760084,3721.42642433333,452.7733439,261.944438866667,2,0.0878638296666667,0.0702441016666667,0.0143927806666667,187.6628402,38.5,378,6.25,29.98856354,0,0,2010,NA,NA
"WA86","Gundanin Headland",-16.41926,123.0338,123,-16.4,27.96592013,1.9520062825,2573.406706,1780.55898,3631.919498,437.713128,263.2308941,2,0.452437578,0.3538679475,0.0830840345,268.8378402,52.25,654,4,29.97663498,0,0,2010,2018,8
"WA87","One tree reef S",-16.39654,123.03509,123,-16.4,27.96984116,1.928749252,2573.406706,1780.55898,3631.919498,437.713128,263.2308941,2,0.023973716,0.025636392,0.005285348,268.8378402,52.25,654,8,29.97140694,0,0,2010,2018,8
