site_code,site_name,survey_dat,latitude,longitude,year,impacted_hours
NMP-B3,Bundegi Nth,27/05/2010 0:00,-21.82729,114.1801,2015,4
NMP-B4,Nth Bundegi,26/05/2010 0:00,-21.8559,114.16763,2015,4
NMP-B5,Sth Bundegi,29/05/2010 0:00,-21.86971,114.15813,2015,4
NMP-BF1,Bundegi,31/07/2012 0:00,-21.83921,114.17564,2015,4
NMP-BF2,Bundegi SZ North,1/08/2012 0:00,-21.85245,114.16954,2015,4
NMP-BF3,Bundegi SZ South,1/08/2012 0:00,-21.86648,114.15926,2015,4
NMP-BF4,Bundegi RZ,31/07/2012 0:00,-21.83633,114.17777,2015,4
NWS160,Bundegi Sponge Garden,31/10/2013 0:00,-21.94178,114.16068,2015,3
WA174,Whale sands,3/11/2013 0:00,-21.98085,114.13963,2015,3
NMP15,A & D s Dilemma,1/06/2010 0:00,-21.90414,113.943275,2015,4
NMP18,Rick s Folly,25/05/2010 0:00,-21.91842,113.95551,2015,3
NMP23,Kate s Corner,28/05/2010 0:00,-21.97653,113.91861,2015,4
NMP-BF1,Bundegi,31/07/2012 0:00,-21.83921,114.17564,2015,4
NMP-BF2,Bundegi SZ North,28/07/2017 0:00,-21.85245,114.16954,2015,4
NMP-BF3,Bundegi SZ South,1/08/2012 0:00,-21.86648,114.15926,2015,4
NMP-BF4,Bundegi RZ,27/07/2017 0:00,-21.83633,114.17777,2015,4
NMP16,Nth Muiron,30/05/2010 0:00,-21.64135,114.35673,2015,4
NMP17,Sth Muiron,30/05/2010 0:00,-21.66711,114.33362,2015,4
NWS155,Airlie island,29/10/2013 0:00,-21.31958,115.17213,2015,3
NWS156,Airlie Island inner reef,29/10/2013 0:00,-21.32233,115.17332,2015,3
NWS157,North Muiron Island NE,30/10/2013 0:00,-21.63678,114.39077,2015,4
NWS158,North Muiron Island East,30/10/2013 0:00,-21.65079,114.37691,2015,4
NWS159,South Muiron Island NE Channel,30/10/2013 0:00,-21.67022,114.35251,2015,4
NWS157,North Muiron Island NE,30/10/2013 0:00,-21.63678,114.39077,2015,4
NWS158,North Muiron Island East,30/10/2013 0:00,-21.65079,114.37691,2015,4
NWS154,Barrow Shelf,29/10/2013 0:00,-21.0778,115.5132,2015,3
NWS152,Barrow south shelf,28/10/2013 0:00,-20.951,115.4629,2015,3
NWS153,Barrow Island deep south,28/10/2013 0:00,-20.9946,115.4799,2015,3
NWS150,Barrow south reef,28/10/2013 0:00,-20.8999,115.4508,2015,5
NWS124,Goodwyn N,18/10/2013 0:00,-20.53126,116.53544,2013,10
NWS125,Goodwyn South Bay,18/10/2013 0:00,-20.54011,116.54071,2013,12
NWS126,Enderby SW Bay,19/10/2013 0:00,-20.61514,116.47628,2013,8
NWS137,Montebellos SE,24/10/2013 0:00,-20.5066,115.5647,2015,4
NWS138,Montebellos South,25/10/2013 0:00,-20.5085,115.5433,2015,4
NWS140,South West Reef,25/10/2013 0:00,-20.5097,115.4773,2015,4
NWS141,Varanus North bommie,26/10/2013 0:00,-20.55596,115.5725,2015,4
NWS142,Varanus Island north,26/10/2013 0:00,-20.555,115.5731,2015,4
NWS143,Varanus Port limit,26/10/2013 0:00,-20.57663,115.5774,2015,4
NWS144,Varanus Island,26/10/2013 0:00,-20.629,115.5832,2015,4
NWS145,North Cormorant Island,27/10/2013 0:00,-20.7348,115.4946,2015,4
NWS146,Barrow Port South,27/10/2013 0:00,-20.80068,115.504,2015,4
NWS147,Barrow Island Port Central,27/10/2013 0:00,-20.7837,115.5001,2015,4
NWS148,Barrow Island East,27/10/2013 0:00,-20.7848,115.5251,2015,4
NWS149,Barrow NE bommie,27/10/2013 0:00,-20.7556,115.5745,2015,4
WA184,False Seal Rock,7/06/2021 0:00,-20.51441,116.646049,2013,14
WA65,Dead Tree Beach,6/06/2010 0:00,-20.62176,116.50736,2013,8
WA66,Little Mangrove Bay,6/06/2010 0:00,-20.6195,116.51852,2013,8
WA67,Enderby I West Pt,4/06/2010 0:00,-20.61184,116.46413,2013,6
WA68,Enderby West Rock,4/06/2010 0:00,-20.60872,116.46312,2013,6
WA69,SW West Lewis Is,7/06/2010 0:00,-20.60681,116.59533,2013,12
WA70,Northern Bay,7/06/2010 0:00,-20.58458,116.53283,2013,10
WA71,Tims Head,5/06/2010 0:00,-20.57522,116.54207,2013,10
WA72,Delay Point,4/06/2010 0:00,-20.5752,116.5696,2013,12
WA73,Enderby NE,7/06/2010 0:00,-20.57468,116.5822,2013,12
WA74,Tims Head west,5/06/2010 0:00,-20.57385,116.54156,2013,10
WA75,Rubble Is,5/06/2010 0:00,-20.56935,116.61321,2013,12
WA76,Dons Point West Lewis Island,6/06/2010 0:00,-20.55362,116.63464,2013,12
WA77,W Lewis Is NW,5/06/2010 0:00,-20.5492,116.63982,2013,12
WA78,Goodwyn Sth,4/06/2010 0:00,-20.543,116.53068,2013,10
WA79,Goodwyn NW,4/06/2010 0:00,-20.53661,116.53227,2013,10
WA80,Malus Is,6/06/2010 0:00,-20.52588,116.65978,2013,14
NWS114,Delambre Inner 1,15/10/2013 0:00,-20.4367,117.1048,2013,20
NWS115,Delambre Inner 3,15/10/2013 0:00,-20.4308,117.0966,2013,20
NWS116,Delambre Outside 3,15/10/2013 0:00,-20.4329,117.0634,2013,20
NWS117,Legendre Inside 3,16/10/2013 0:00,-20.40053,116.91709,2013,18
NWS118,Legendre Outside 1,16/10/2013 0:00,-20.40494,116.93217,2013,18
NWS119,Hamersley Inside 1,16/10/2013 0:00,-20.3743,116.8053,2013,18
NWS121,Sailfish North 1,17/10/2013 0:00,-20.45675,116.58642,2013,12
NWS122,Sailfish South 2,17/10/2013 0:00,-20.46293,116.5745,2013,12
NWS123,Kendrew 2,17/10/2013 0:00,-20.4787,116.5332,2013,12
NWS127,Montebellos East Rock,19/10/2013 0:00,-20.4513,115.6051,2015,4
NWS128,Trimouille Island SE,21/10/2013 0:00,-20.40579,115.58393,2015,4
NWS129,Trimouille Island NE,21/10/2013 0:00,-20.38763,115.5655,2015,4
NWS130,Montebellos Central Lagoon,21/10/2013 0:00,-20.3945,115.542,2015,4
NWS131,North West Island,21/10/2013 0:00,-20.3686,115.5257,2015,4
NWS133,North West Island NW,22/10/2013 0:00,-20.36597,115.50866,2015,4
NWS134,Jonquil Island,22/10/2013 0:00,-20.4007,115.5001,2015,4
NWS135,Geneva Bay North,23/10/2013 0:00,-20.45987,115.55078,2015,4
NWS136,Stephenson Channel,23/10/2013 0:00,-20.4659,115.5468,2015,4
NWS139,West Reef,25/10/2013 0:00,-20.4527,115.4784,2015,5
NWS112,Geographe Shoals N,14/10/2013 0:00,-20.24701,117.90517,2013,83
NWS113,Geographe Shoals NW,14/10/2013 0:00,-20.25835,117.88448,2013,82
NWS108,Old 9 Buoy Reef,10/06/2010 0:00,-20.21246,118.52584,2013,162
NWS109,Jenny's Reef,9/06/2010 0:00,-20.29024,118.48154,2013,162
NWS110,Hedland 2,13/10/2013 0:00,-20.119,118.46883,2013,164
NWS111,Corneliesse Shoal,13/10/2013 0:00,-20.03417,118.37617,2013,160
NWS103,Bedout reef top,6/10/2013 0:00,-19.58223,119.109942,2013,178
NWS103,Bedout reef top,6/10/2013 0:00,-19.58223,119.109942,2016,3
NWS104,Bedout reef edge,6/10/2013 0:00,-19.58005,119.11058,2013,176
NWS104,Bedout reef edge,6/10/2013 0:00,-19.58005,119.11058,2016,3
NWS105,Bedout north,7/10/2013 0:00,-19.57575,119.10667,2013,176
NWS105,Bedout north,7/10/2013 0:00,-19.57575,119.10667,2016,3
NWS106,Bedout porites bommie,7/10/2013 0:00,-19.58873,119.1113,2013,178
NWS106,Bedout porites bommie,7/10/2013 0:00,-19.58873,119.1113,2016,3
NWS107,Bedout Reef sunset,7/10/2013 0:00,-19.59086,119.11063,2013,176
NWS107,Bedout Reef sunset,7/10/2013 0:00,-19.59086,119.11063,2016,3
NWS50,Imperieuse SE lagoon,21/09/2013 0:00,-17.6101,118.97,2013,140
NWS50,Imperieuse SE lagoon,21/09/2013 0:00,-17.6101,118.97,2016,17
NWS50,Imperieuse SE lagoon,21/09/2013 0:00,-17.6101,118.97,2017,16
NWS51,Imperieuse West Lagoon,21/09/2013 0:00,-17.6089,118.96364,2013,140
NWS51,Imperieuse West Lagoon,21/09/2013 0:00,-17.6089,118.96364,2016,17
NWS51,Imperieuse West Lagoon,21/09/2013 0:00,-17.6089,118.96364,2017,15
NWS52,Imperieuse SE reef edge,21/09/2013 0:00,-17.6089,118.96364,2013,140
NWS52,Imperieuse SE reef edge,21/09/2013 0:00,-17.6089,118.96364,2016,17
NWS52,Imperieuse SE reef edge,21/09/2013 0:00,-17.6089,118.96364,2017,15
NWS53,Imperieuse SE reef top,22/09/2013 0:00,-17.579,118.96872,2013,140
NWS53,Imperieuse SE reef top,22/09/2013 0:00,-17.579,118.96872,2016,17
NWS53,Imperieuse SE reef top,22/09/2013 0:00,-17.579,118.96872,2017,16
NWS54,Imperieuse east lagoon,22/09/2013 0:00,-17.5804,118.9369,2013,140
NWS54,Imperieuse east lagoon,22/09/2013 0:00,-17.5804,118.9369,2016,17
NWS54,Imperieuse east lagoon,22/09/2013 0:00,-17.5804,118.9369,2017,15
NWS55,Imperieuse East,22/09/2013 0:00,-17.56991,118.97193,2013,140
NWS55,Imperieuse East,22/09/2013 0:00,-17.56991,118.97193,2016,16
NWS55,Imperieuse East,22/09/2013 0:00,-17.56991,118.97193,2017,16
NWS56,Imperieuse Reef Rage,22/09/2013 0:00,-17.6102,118.9747,2013,140
NWS56,Imperieuse Reef Rage,22/09/2013 0:00,-17.6102,118.9747,2016,17
NWS56,Imperieuse Reef Rage,22/09/2013 0:00,-17.6102,118.9747,2017,16
NWS57,Imperieuse edge,23/09/2013 0:00,-17.548,118.9737,2013,140
NWS57,Imperieuse edge,23/09/2013 0:00,-17.548,118.9737,2016,16
NWS57,Imperieuse edge,23/09/2013 0:00,-17.548,118.9737,2017,16
NWS58,Rowley Shoals 3,23/09/2013 0:00,-17.5531,118.9738,2013,140
NWS58,Rowley Shoals 3,23/09/2013 0:00,-17.5531,118.9738,2016,16
NWS58,Rowley Shoals 3,23/09/2013 0:00,-17.5531,118.9738,2017,16
NWS59,Imperieuse lagoon bommie,23/09/2013 0:00,-17.54732,118.9668,2013,140
NWS59,Imperieuse lagoon bommie,23/09/2013 0:00,-17.54732,118.9668,2016,16
NWS59,Imperieuse lagoon bommie,23/09/2013 0:00,-17.54732,118.9668,2017,16
NWS60,Imperieuse 14,23/09/2013 0:00,-17.54749,118.96884,2013,140
NWS60,Imperieuse 14,23/09/2013 0:00,-17.54749,118.96884,2016,16
NWS60,Imperieuse 14,23/09/2013 0:00,-17.54749,118.96884,2017,16
NWS61,Imperieuse edge RS3-3,23/09/2013 0:00,-17.5582,118.9724,2013,140
NWS61,Imperieuse edge RS3-3,23/09/2013 0:00,-17.5582,118.9724,2016,16
NWS61,Imperieuse edge RS3-3,23/09/2013 0:00,-17.5582,118.9724,2017,16
NWS62,Imperieuse anchorage,24/09/2013 0:00,-17.50713,118.96635,2013,142
NWS62,Imperieuse anchorage,24/09/2013 0:00,-17.50713,118.96635,2016,16
NWS62,Imperieuse anchorage,24/09/2013 0:00,-17.50713,118.96635,2017,16
NWS63,Imperieuse north,24/09/2013 0:00,-17.50218,118.96276,2013,142
NWS63,Imperieuse north,24/09/2013 0:00,-17.50218,118.96276,2016,16
NWS63,Imperieuse north,24/09/2013 0:00,-17.50218,118.96276,2017,16
NWS64,Imperieuse north lagoon,24/09/2013 0:00,-17.56045,118.94214,2013,140
NWS64,Imperieuse north lagoon,24/09/2013 0:00,-17.56045,118.94214,2016,17
NWS64,Imperieuse north lagoon,24/09/2013 0:00,-17.56045,118.94214,2017,16
NWS50,Imperieuse SE lagoon,21/09/2013 0:00,-17.6101,118.97,2013,140
NWS50,Imperieuse SE lagoon,21/09/2013 0:00,-17.6101,118.97,2016,17
NWS50,Imperieuse SE lagoon,21/09/2013 0:00,-17.6101,118.97,2017,16
NWS51,Imperieuse West Lagoon,21/09/2013 0:00,-17.6089,118.96364,2013,140
NWS51,Imperieuse West Lagoon,21/09/2013 0:00,-17.6089,118.96364,2016,17
NWS51,Imperieuse West Lagoon,21/09/2013 0:00,-17.6089,118.96364,2017,15
NWS52,Imperieuse SE reef edge,21/09/2013 0:00,-17.6089,118.96364,2013,140
NWS52,Imperieuse SE reef edge,21/09/2013 0:00,-17.6089,118.96364,2016,17
NWS52,Imperieuse SE reef edge,21/09/2013 0:00,-17.6089,118.96364,2017,15
NWS53,Imperieuse SE reef top,22/09/2013 0:00,-17.579,118.96872,2013,140
NWS53,Imperieuse SE reef top,22/09/2013 0:00,-17.579,118.96872,2016,17
NWS53,Imperieuse SE reef top,22/09/2013 0:00,-17.579,118.96872,2017,16
NWS54,Imperieuse east lagoon,22/09/2013 0:00,-17.5804,118.9369,2013,140
NWS54,Imperieuse east lagoon,22/09/2013 0:00,-17.5804,118.9369,2016,17
NWS54,Imperieuse east lagoon,22/09/2013 0:00,-17.5804,118.9369,2017,15
NWS55,Imperieuse East,22/09/2013 0:00,-17.56991,118.97193,2013,140
NWS55,Imperieuse East,22/09/2013 0:00,-17.56991,118.97193,2016,16
NWS55,Imperieuse East,22/09/2013 0:00,-17.56991,118.97193,2017,16
NWS56,Imperieuse Reef Rage,22/09/2013 0:00,-17.6102,118.9747,2013,140
NWS56,Imperieuse Reef Rage,22/09/2013 0:00,-17.6102,118.9747,2016,17
NWS56,Imperieuse Reef Rage,22/09/2013 0:00,-17.6102,118.9747,2017,16
NWS57,Imperieuse edge,23/09/2013 0:00,-17.548,118.9737,2013,140
NWS57,Imperieuse edge,23/09/2013 0:00,-17.548,118.9737,2016,16
NWS57,Imperieuse edge,23/09/2013 0:00,-17.548,118.9737,2017,16
NWS58,Rowley Shoals 3,23/09/2013 0:00,-17.5531,118.9738,2013,140
NWS58,Rowley Shoals 3,23/09/2013 0:00,-17.5531,118.9738,2016,16
NWS58,Rowley Shoals 3,23/09/2013 0:00,-17.5531,118.9738,2017,16
NWS59,Imperieuse lagoon bommie,23/09/2013 0:00,-17.54732,118.9668,2013,140
NWS59,Imperieuse lagoon bommie,23/09/2013 0:00,-17.54732,118.9668,2016,16
NWS59,Imperieuse lagoon bommie,23/09/2013 0:00,-17.54732,118.9668,2017,16
NWS60,Imperieuse 14,23/09/2013 0:00,-17.54749,118.96884,2013,140
NWS60,Imperieuse 14,23/09/2013 0:00,-17.54749,118.96884,2016,16
NWS60,Imperieuse 14,23/09/2013 0:00,-17.54749,118.96884,2017,16
NWS61,Imperieuse edge RS3-3,23/09/2013 0:00,-17.5582,118.9724,2013,140
NWS61,Imperieuse edge RS3-3,23/09/2013 0:00,-17.5582,118.9724,2016,16
NWS61,Imperieuse edge RS3-3,23/09/2013 0:00,-17.5582,118.9724,2017,16
NWS62,Imperieuse anchorage,24/09/2013 0:00,-17.50713,118.96635,2013,142
NWS62,Imperieuse anchorage,24/09/2013 0:00,-17.50713,118.96635,2016,16
NWS62,Imperieuse anchorage,24/09/2013 0:00,-17.50713,118.96635,2017,16
NWS63,Imperieuse north,24/09/2013 0:00,-17.50218,118.96276,2013,142
NWS63,Imperieuse north,24/09/2013 0:00,-17.50218,118.96276,2016,16
NWS63,Imperieuse north,24/09/2013 0:00,-17.50218,118.96276,2017,16
NWS64,Imperieuse north lagoon,24/09/2013 0:00,-17.56045,118.94214,2013,140
NWS64,Imperieuse north lagoon,24/09/2013 0:00,-17.56045,118.94214,2016,17
NWS64,Imperieuse north lagoon,24/09/2013 0:00,-17.56045,118.94214,2017,16
NWS100,Clerke east reef top C28,4/10/2013 0:00,-17.29965,119.37575,2013,144
NWS100,Clerke east reef top C28,4/10/2013 0:00,-17.29965,119.37575,2016,13
NWS100,Clerke east reef top C28,4/10/2013 0:00,-17.29965,119.37575,2017,15
NWS101,Clerke Reef - BnB,4/10/2013 0:00,-17.35516,119.38393,2013,150
NWS101,Clerke Reef - BnB,4/10/2013 0:00,-17.35516,119.38393,2016,13
NWS101,Clerke Reef - BnB,4/10/2013 0:00,-17.35516,119.38393,2017,17
NWS102,Clerke SE reef top C27,4/10/2013 0:00,-17.3139,119.37816,2013,144
NWS102,Clerke SE reef top C27,4/10/2013 0:00,-17.3139,119.37816,2016,13
NWS102,Clerke SE reef top C27,4/10/2013 0:00,-17.3139,119.37816,2017,15
NWS86,Clerke anchorage dropoff 2.1,1/10/2013 0:00,-17.2909,119.35929,2013,144
NWS86,Clerke anchorage dropoff 2.1,1/10/2013 0:00,-17.2909,119.35929,2016,13
NWS86,Clerke anchorage dropoff 2.1,1/10/2013 0:00,-17.2909,119.35929,2017,15
NWS87,Clerke Anchorage Dropoff 2.2,1/10/2013 0:00,-17.284300000000002,119.3769,2013,142
NWS87,Clerke Anchorage Dropoff 2.2,1/10/2013 0:00,-17.284300000000002,119.3769,2016,13
NWS87,Clerke Anchorage Dropoff 2.2,1/10/2013 0:00,-17.284300000000002,119.3769,2017,15
NWS88,Clerke anchorage dropoff 2.3,1/10/2013 0:00,-17.288,119.3775,2013,144
NWS88,Clerke anchorage dropoff 2.3,1/10/2013 0:00,-17.288,119.3775,2016,13
NWS88,Clerke anchorage dropoff 2.3,1/10/2013 0:00,-17.288,119.3775,2017,15
NWS89,Blue lagoon,2/10/2013 0:00,-17.25302,119.36037,2013,142
NWS89,Blue lagoon,2/10/2013 0:00,-17.25302,119.36037,2016,12
NWS89,Blue lagoon,2/10/2013 0:00,-17.25302,119.36037,2017,14
NWS90,Clerke Reef Snorkelling Paradise,2/10/2013 0:00,-17.28632,119.3724,2013,142
NWS90,Clerke Reef Snorkelling Paradise,2/10/2013 0:00,-17.28632,119.3724,2016,13
NWS90,Clerke Reef Snorkelling Paradise,2/10/2013 0:00,-17.28632,119.3724,2017,15
NWS91,Clerke NE C14,2/10/2013 0:00,-17.28312,119.37301,2013,142
NWS91,Clerke NE C14,2/10/2013 0:00,-17.28312,119.37301,2016,13
NWS91,Clerke NE C14,2/10/2013 0:00,-17.28312,119.37301,2017,15
NWS92,Clerke Reef Aquarium,2/10/2013 0:00,-17.28321,119.37053,2013,142
NWS92,Clerke Reef Aquarium,2/10/2013 0:00,-17.28321,119.37053,2016,13
NWS92,Clerke Reef Aquarium,2/10/2013 0:00,-17.28321,119.37053,2017,15
NWS93,Clerke west lagoon C26,2/10/2013 0:00,-17.29772,119.3423,2013,144
NWS93,Clerke west lagoon C26,2/10/2013 0:00,-17.29772,119.3423,2016,13
NWS93,Clerke west lagoon C26,2/10/2013 0:00,-17.29772,119.3423,2017,15
NWS94,Clerke west C12,2/10/2013 0:00,-17.31065,119.3675,2013,144
NWS94,Clerke west C12,2/10/2013 0:00,-17.31065,119.3675,2016,13
NWS94,Clerke west C12,2/10/2013 0:00,-17.31065,119.3675,2017,15
NWS95,Clerke lagoon bommie C13,3/10/2013 0:00,-17.31065,119.3675,2013,144
NWS95,Clerke lagoon bommie C13,3/10/2013 0:00,-17.31065,119.3675,2016,13
NWS95,Clerke lagoon bommie C13,3/10/2013 0:00,-17.31065,119.3675,2017,15
NWS96,South Lagoon bommie C21,3/10/2013 0:00,-17.31882,119.3605,2013,144
NWS96,South Lagoon bommie C21,3/10/2013 0:00,-17.31882,119.3605,2016,13
NWS96,South Lagoon bommie C21,3/10/2013 0:00,-17.31882,119.3605,2017,15
NWS97,Clerke south lagoon C25,3/10/2013 0:00,-17.3155,119.3675,2013,144
NWS97,Clerke south lagoon C25,3/10/2013 0:00,-17.3155,119.3675,2016,13
NWS97,Clerke south lagoon C25,3/10/2013 0:00,-17.3155,119.3675,2017,15
NWS98,Clerke lagoon east C20,3/10/2013 0:00,-17.30694,119.37064,2013,144
NWS98,Clerke lagoon east C20,3/10/2013 0:00,-17.30694,119.37064,2016,13
NWS98,Clerke lagoon east C20,3/10/2013 0:00,-17.30694,119.37064,2017,15
NWS99,Clerke lagoon NW bommie C29,4/10/2013 0:00,-17.2909,119.35929,2013,144
NWS99,Clerke lagoon NW bommie C29,4/10/2013 0:00,-17.2909,119.35929,2016,13
NWS99,Clerke lagoon NW bommie C29,4/10/2013 0:00,-17.2909,119.35929,2017,15
NWS100,Clerke east reef top C28,4/10/2013 0:00,-17.29965,119.37575,2013,144
NWS100,Clerke east reef top C28,4/10/2013 0:00,-17.29965,119.37575,2016,13
NWS100,Clerke east reef top C28,4/10/2013 0:00,-17.29965,119.37575,2017,15
NWS101,Clerke Reef - BnB,4/10/2013 0:00,-17.35516,119.38393,2013,150
NWS101,Clerke Reef - BnB,4/10/2013 0:00,-17.35516,119.38393,2016,13
NWS101,Clerke Reef - BnB,4/10/2013 0:00,-17.35516,119.38393,2017,17
NWS102,Clerke SE reef top C27,4/10/2013 0:00,-17.3139,119.37816,2013,144
NWS102,Clerke SE reef top C27,4/10/2013 0:00,-17.3139,119.37816,2016,13
NWS102,Clerke SE reef top C27,4/10/2013 0:00,-17.3139,119.37816,2017,15
NWS86,Clerke anchorage dropoff 2.1,1/10/2013 0:00,-17.2909,119.35929,2013,144
NWS86,Clerke anchorage dropoff 2.1,1/10/2013 0:00,-17.2909,119.35929,2016,13
NWS86,Clerke anchorage dropoff 2.1,1/10/2013 0:00,-17.2909,119.35929,2017,15
NWS87,Clerke Anchorage Dropoff 2.2,1/10/2013 0:00,-17.284300000000002,119.3769,2013,142
NWS87,Clerke Anchorage Dropoff 2.2,1/10/2013 0:00,-17.284300000000002,119.3769,2016,13
NWS87,Clerke Anchorage Dropoff 2.2,1/10/2013 0:00,-17.284300000000002,119.3769,2017,15
NWS88,Clerke anchorage dropoff 2.3,1/10/2013 0:00,-17.288,119.3775,2013,144
NWS88,Clerke anchorage dropoff 2.3,1/10/2013 0:00,-17.288,119.3775,2016,13
NWS88,Clerke anchorage dropoff 2.3,1/10/2013 0:00,-17.288,119.3775,2017,15
NWS89,Blue lagoon,2/10/2013 0:00,-17.25302,119.36037,2013,142
NWS89,Blue lagoon,2/10/2013 0:00,-17.25302,119.36037,2016,12
NWS89,Blue lagoon,2/10/2013 0:00,-17.25302,119.36037,2017,14
NWS90,Clerke Reef Snorkelling Paradise,2/10/2013 0:00,-17.28632,119.3724,2013,142
NWS90,Clerke Reef Snorkelling Paradise,2/10/2013 0:00,-17.28632,119.3724,2016,13
NWS90,Clerke Reef Snorkelling Paradise,2/10/2013 0:00,-17.28632,119.3724,2017,15
NWS91,Clerke NE C14,2/10/2013 0:00,-17.28312,119.37301,2013,142
NWS91,Clerke NE C14,2/10/2013 0:00,-17.28312,119.37301,2016,13
NWS91,Clerke NE C14,2/10/2013 0:00,-17.28312,119.37301,2017,15
NWS92,Clerke Reef Aquarium,2/10/2013 0:00,-17.28321,119.37053,2013,142
NWS92,Clerke Reef Aquarium,2/10/2013 0:00,-17.28321,119.37053,2016,13
NWS92,Clerke Reef Aquarium,2/10/2013 0:00,-17.28321,119.37053,2017,15
NWS93,Clerke west lagoon C26,2/10/2013 0:00,-17.29772,119.3423,2013,144
NWS93,Clerke west lagoon C26,2/10/2013 0:00,-17.29772,119.3423,2016,13
NWS93,Clerke west lagoon C26,2/10/2013 0:00,-17.29772,119.3423,2017,15
NWS94,Clerke west C12,2/10/2013 0:00,-17.31065,119.3675,2013,144
NWS94,Clerke west C12,2/10/2013 0:00,-17.31065,119.3675,2016,13
NWS94,Clerke west C12,2/10/2013 0:00,-17.31065,119.3675,2017,15
NWS95,Clerke lagoon bommie C13,3/10/2013 0:00,-17.31065,119.3675,2013,144
NWS95,Clerke lagoon bommie C13,3/10/2013 0:00,-17.31065,119.3675,2016,13
NWS95,Clerke lagoon bommie C13,3/10/2013 0:00,-17.31065,119.3675,2017,15
NWS96,South Lagoon bommie C21,3/10/2013 0:00,-17.31882,119.3605,2013,144
NWS96,South Lagoon bommie C21,3/10/2013 0:00,-17.31882,119.3605,2016,13
NWS96,South Lagoon bommie C21,3/10/2013 0:00,-17.31882,119.3605,2017,15
NWS97,Clerke south lagoon C25,3/10/2013 0:00,-17.3155,119.3675,2013,144
NWS97,Clerke south lagoon C25,3/10/2013 0:00,-17.3155,119.3675,2016,13
NWS97,Clerke south lagoon C25,3/10/2013 0:00,-17.3155,119.3675,2017,15
NWS98,Clerke lagoon east C20,3/10/2013 0:00,-17.30694,119.37064,2013,144
NWS98,Clerke lagoon east C20,3/10/2013 0:00,-17.30694,119.37064,2016,13
NWS98,Clerke lagoon east C20,3/10/2013 0:00,-17.30694,119.37064,2017,15
NWS99,Clerke lagoon NW bommie C29,4/10/2013 0:00,-17.2909,119.35929,2013,144
NWS99,Clerke lagoon NW bommie C29,4/10/2013 0:00,-17.2909,119.35929,2016,13
NWS99,Clerke lagoon NW bommie C29,4/10/2013 0:00,-17.2909,119.35929,2017,15
NWS65,Mermaid south M7,25/09/2013 0:00,-17.13371,119.6339,2013,128
NWS65,Mermaid south M7,25/09/2013 0:00,-17.13371,119.6339,2016,10
NWS65,Mermaid south M7,25/09/2013 0:00,-17.13371,119.6339,2017,12
NWS66,Mermaid anchorage dropoff 1.3,25/09/2013 0:00,-17.0764,119.6539,2013,124
NWS66,Mermaid anchorage dropoff 1.3,25/09/2013 0:00,-17.0764,119.6539,2016,10
NWS66,Mermaid anchorage dropoff 1.3,25/09/2013 0:00,-17.0764,119.6539,2017,13
NWS67,Mermaid anchorage bommie,26/09/2013 0:00,-17.07374,119.6455,2013,122
NWS67,Mermaid anchorage bommie,26/09/2013 0:00,-17.07374,119.6455,2016,10
NWS67,Mermaid anchorage bommie,26/09/2013 0:00,-17.07374,119.6455,2017,13
NWS68,Mermaid S channel entrance,26/09/2013 0:00,-17.06263,119.64696000000001,2013,116
NWS68,Mermaid S channel entrance,26/09/2013 0:00,-17.06263,119.64696000000001,2016,10
NWS68,Mermaid S channel entrance,26/09/2013 0:00,-17.06263,119.64696000000001,2017,12
NWS69,Mermaid anchorage dropoff 1.1,27/09/2013 0:00,-17.0658,119.6494,2013,120
NWS69,Mermaid anchorage dropoff 1.1,27/09/2013 0:00,-17.0658,119.6494,2016,10
NWS69,Mermaid anchorage dropoff 1.1,27/09/2013 0:00,-17.0658,119.6494,2017,13
NWS70,Mermaid SW bommie M11,27/09/2013 0:00,-17.1641,119.6277,2013,126
NWS70,Mermaid SW bommie M11,27/09/2013 0:00,-17.1641,119.6277,2016,11
NWS70,Mermaid SW bommie M11,27/09/2013 0:00,-17.1641,119.6277,2017,14
NWS71,Mermaid S bommie,27/09/2013 0:00,-17.15365,119.6311,2013,128
NWS71,Mermaid S bommie,27/09/2013 0:00,-17.15365,119.6311,2016,10
NWS71,Mermaid S bommie,27/09/2013 0:00,-17.15365,119.6311,2017,12
NWS72,Mermaid Reef Lagoon Dragon,27/09/2013 0:00,-17.0754,119.64617,2013,124
NWS72,Mermaid Reef Lagoon Dragon,27/09/2013 0:00,-17.0754,119.64617,2016,10
NWS72,Mermaid Reef Lagoon Dragon,27/09/2013 0:00,-17.0754,119.64617,2017,13
NWS73,Mermaid channel mid bank,28/09/2013 0:00,-17.06644,119.64167,2013,122
NWS73,Mermaid channel mid bank,28/09/2013 0:00,-17.06644,119.64167,2016,10
NWS73,Mermaid channel mid bank,28/09/2013 0:00,-17.06644,119.64167,2017,13
NWS74,Mermaid Lagoon Reef Dragon Escape,28/09/2013 0:00,-17.06983,119.64367,2013,122
NWS74,Mermaid Lagoon Reef Dragon Escape,28/09/2013 0:00,-17.06983,119.64367,2016,10
NWS74,Mermaid Lagoon Reef Dragon Escape,28/09/2013 0:00,-17.06983,119.64367,2017,13
NWS75,Mermaid west lagoon,28/09/2013 0:00,-17.08687,119.6148,2013,124
NWS75,Mermaid west lagoon,28/09/2013 0:00,-17.08687,119.6148,2016,10
NWS75,Mermaid west lagoon,28/09/2013 0:00,-17.08687,119.6148,2017,14
NWS76,Mermaid central bommie,28/09/2013 0:00,-17.11469,119.63474,2013,126
NWS76,Mermaid central bommie,28/09/2013 0:00,-17.11469,119.63474,2016,10
NWS76,Mermaid central bommie,28/09/2013 0:00,-17.11469,119.63474,2017,13
NWS77,Mermaid Reef Cod Hole,29/09/2013 0:00,-17.06202,119.64815,2013,116
NWS77,Mermaid Reef Cod Hole,29/09/2013 0:00,-17.06202,119.64815,2016,10
NWS77,Mermaid Reef Cod Hole,29/09/2013 0:00,-17.06202,119.64815,2017,12
NWS78,Mermaid channel bommies,29/09/2013 0:00,-17.0666,119.64027,2013,122
NWS78,Mermaid channel bommies,29/09/2013 0:00,-17.0666,119.64027,2016,10
NWS78,Mermaid channel bommies,29/09/2013 0:00,-17.0666,119.64027,2017,13
NWS79,Mermaid dropoff 1.2,29/09/2013 0:00,-17.0721,119.6533,2013,122
NWS79,Mermaid dropoff 1.2,29/09/2013 0:00,-17.0721,119.6533,2016,10
NWS79,Mermaid dropoff 1.2,29/09/2013 0:00,-17.0721,119.6533,2017,13
NWS80,Mermaid Reef No Pygmy,29/09/2013 0:00,-17.08181,119.65518,2013,124
NWS80,Mermaid Reef No Pygmy,29/09/2013 0:00,-17.08181,119.65518,2016,10
NWS80,Mermaid Reef No Pygmy,29/09/2013 0:00,-17.08181,119.65518,2017,13
NWS81,Mermaid North M1,30/09/2013 0:00,-17.02767,119.61792,2013,116
NWS81,Mermaid North M1,30/09/2013 0:00,-17.02767,119.61792,2016,9
NWS81,Mermaid North M1,30/09/2013 0:00,-17.02767,119.61792,2017,13
NWS82,Mermaid west dropoff M4,30/09/2013 0:00,-17.0762,119.5962,2013,124
NWS82,Mermaid west dropoff M4,30/09/2013 0:00,-17.0762,119.5962,2016,10
NWS82,Mermaid west dropoff M4,30/09/2013 0:00,-17.0762,119.5962,2017,13
NWS83,Clerke North C1B,1/10/2013 0:00,-17.24607,119.35201,2013,142
NWS83,Clerke North C1B,1/10/2013 0:00,-17.24607,119.35201,2016,12
NWS83,Clerke North C1B,1/10/2013 0:00,-17.24607,119.35201,2017,14
NWS84,Clerke North Point,1/10/2013 0:00,-17.24612,119.34713,2013,142
NWS84,Clerke North Point,1/10/2013 0:00,-17.24612,119.34713,2016,12
NWS84,Clerke North Point,1/10/2013 0:00,-17.24612,119.34713,2017,14
NWS85,Clerke Reef - Far too early,1/10/2013 0:00,-17.24607,119.35201,2013,142
NWS85,Clerke Reef - Far too early,1/10/2013 0:00,-17.24607,119.35201,2016,12
NWS85,Clerke Reef - Far too early,1/10/2013 0:00,-17.24607,119.35201,2017,14
NWS65,Mermaid south M7,25/09/2013 0:00,-17.13371,119.6339,2013,128
NWS65,Mermaid south M7,25/09/2013 0:00,-17.13371,119.6339,2016,10
NWS65,Mermaid south M7,25/09/2013 0:00,-17.13371,119.6339,2017,12
NWS66,Mermaid anchorage dropoff 1.3,25/09/2013 0:00,-17.0764,119.6539,2013,124
NWS66,Mermaid anchorage dropoff 1.3,25/09/2013 0:00,-17.0764,119.6539,2016,10
NWS66,Mermaid anchorage dropoff 1.3,25/09/2013 0:00,-17.0764,119.6539,2017,13
NWS67,Mermaid anchorage bommie,26/09/2013 0:00,-17.07374,119.6455,2013,122
NWS67,Mermaid anchorage bommie,26/09/2013 0:00,-17.07374,119.6455,2016,10
NWS67,Mermaid anchorage bommie,26/09/2013 0:00,-17.07374,119.6455,2017,13
NWS68,Mermaid S channel entrance,26/09/2013 0:00,-17.06263,119.64696000000001,2013,116
NWS68,Mermaid S channel entrance,26/09/2013 0:00,-17.06263,119.64696000000001,2016,10
NWS68,Mermaid S channel entrance,26/09/2013 0:00,-17.06263,119.64696000000001,2017,12
NWS69,Mermaid anchorage dropoff 1.1,27/09/2013 0:00,-17.0658,119.6494,2013,120
NWS69,Mermaid anchorage dropoff 1.1,27/09/2013 0:00,-17.0658,119.6494,2016,10
NWS69,Mermaid anchorage dropoff 1.1,27/09/2013 0:00,-17.0658,119.6494,2017,13
NWS70,Mermaid SW bommie M11,27/09/2013 0:00,-17.1641,119.6277,2013,126
NWS70,Mermaid SW bommie M11,27/09/2013 0:00,-17.1641,119.6277,2016,11
NWS70,Mermaid SW bommie M11,27/09/2013 0:00,-17.1641,119.6277,2017,14
NWS71,Mermaid S bommie,27/09/2013 0:00,-17.15365,119.6311,2013,128
NWS71,Mermaid S bommie,27/09/2013 0:00,-17.15365,119.6311,2016,10
NWS71,Mermaid S bommie,27/09/2013 0:00,-17.15365,119.6311,2017,12
NWS72,Mermaid Reef Lagoon Dragon,27/09/2013 0:00,-17.0754,119.64617,2013,124
NWS72,Mermaid Reef Lagoon Dragon,27/09/2013 0:00,-17.0754,119.64617,2016,10
NWS72,Mermaid Reef Lagoon Dragon,27/09/2013 0:00,-17.0754,119.64617,2017,13
NWS73,Mermaid channel mid bank,28/09/2013 0:00,-17.06644,119.64167,2013,122
NWS73,Mermaid channel mid bank,28/09/2013 0:00,-17.06644,119.64167,2016,10
NWS73,Mermaid channel mid bank,28/09/2013 0:00,-17.06644,119.64167,2017,13
NWS74,Mermaid Lagoon Reef Dragon Escape,28/09/2013 0:00,-17.06983,119.64367,2013,122
NWS74,Mermaid Lagoon Reef Dragon Escape,28/09/2013 0:00,-17.06983,119.64367,2016,10
NWS74,Mermaid Lagoon Reef Dragon Escape,28/09/2013 0:00,-17.06983,119.64367,2017,13
NWS75,Mermaid west lagoon,28/09/2013 0:00,-17.08687,119.6148,2013,124
NWS75,Mermaid west lagoon,28/09/2013 0:00,-17.08687,119.6148,2016,10
NWS75,Mermaid west lagoon,28/09/2013 0:00,-17.08687,119.6148,2017,14
NWS76,Mermaid central bommie,28/09/2013 0:00,-17.11469,119.63474,2013,126
NWS76,Mermaid central bommie,28/09/2013 0:00,-17.11469,119.63474,2016,10
NWS76,Mermaid central bommie,28/09/2013 0:00,-17.11469,119.63474,2017,13
NWS77,Mermaid Reef Cod Hole,29/09/2013 0:00,-17.06202,119.64815,2013,116
NWS77,Mermaid Reef Cod Hole,29/09/2013 0:00,-17.06202,119.64815,2016,10
NWS77,Mermaid Reef Cod Hole,29/09/2013 0:00,-17.06202,119.64815,2017,12
NWS78,Mermaid channel bommies,29/09/2013 0:00,-17.0666,119.64027,2013,122
NWS78,Mermaid channel bommies,29/09/2013 0:00,-17.0666,119.64027,2016,10
NWS78,Mermaid channel bommies,29/09/2013 0:00,-17.0666,119.64027,2017,13
NWS79,Mermaid dropoff 1.2,29/09/2013 0:00,-17.0721,119.6533,2013,122
NWS79,Mermaid dropoff 1.2,29/09/2013 0:00,-17.0721,119.6533,2016,10
NWS79,Mermaid dropoff 1.2,29/09/2013 0:00,-17.0721,119.6533,2017,13
NWS80,Mermaid Reef No Pygmy,29/09/2013 0:00,-17.08181,119.65518,2013,124
NWS80,Mermaid Reef No Pygmy,29/09/2013 0:00,-17.08181,119.65518,2016,10
NWS80,Mermaid Reef No Pygmy,29/09/2013 0:00,-17.08181,119.65518,2017,13
NWS81,Mermaid North M1,30/09/2013 0:00,-17.02767,119.61792,2013,116
NWS81,Mermaid North M1,30/09/2013 0:00,-17.02767,119.61792,2016,9
NWS81,Mermaid North M1,30/09/2013 0:00,-17.02767,119.61792,2017,13
NWS82,Mermaid west dropoff M4,30/09/2013 0:00,-17.0762,119.5962,2013,124
NWS82,Mermaid west dropoff M4,30/09/2013 0:00,-17.0762,119.5962,2016,10
NWS82,Mermaid west dropoff M4,30/09/2013 0:00,-17.0762,119.5962,2017,13
NWS83,Clerke North C1B,1/10/2013 0:00,-17.24607,119.35201,2013,142
NWS83,Clerke North C1B,1/10/2013 0:00,-17.24607,119.35201,2016,12
NWS83,Clerke North C1B,1/10/2013 0:00,-17.24607,119.35201,2017,14
NWS84,Clerke North Point,1/10/2013 0:00,-17.24612,119.34713,2013,142
NWS84,Clerke North Point,1/10/2013 0:00,-17.24612,119.34713,2016,12
NWS84,Clerke North Point,1/10/2013 0:00,-17.24612,119.34713,2017,14
NWS85,Clerke Reef - Far too early,1/10/2013 0:00,-17.24607,119.35201,2013,142
NWS85,Clerke Reef - Far too early,1/10/2013 0:00,-17.24607,119.35201,2016,12
NWS85,Clerke Reef - Far too early,1/10/2013 0:00,-17.24607,119.35201,2017,14
WA83,Bardi Hole  Cape Leveque,11/06/2010 0:00,-16.43598,123.05123,2013,2
WA84,Rippy channel  Cape Leveque,11/06/2010 0:00,-16.43131,123.08899,2013,2
WA85,Bardi Hole2  Cape Leveque,11/06/2010 0:00,-16.43073,123.06852,2013,2
WA83,Bardi Hole  Cape Leveque,11/06/2010 0:00,-16.43598,123.05123,2013,2
WA84,Rippy channel  Cape Leveque,11/06/2010 0:00,-16.43131,123.08899,2013,2
WA85,Bardi Hole2  Cape Leveque,11/06/2010 0:00,-16.43073,123.06852,2013,2
WA86,Gundanin Headland,10/06/2010 0:00,-16.41926,123.0338,2013,4
WA87,One tree reef S,10/06/2010 0:00,-16.39654,123.03509,2013,4
WA87,One tree reef S,10/06/2010 0:00,-16.39654,123.03509,2017,2
WA86,Gundanin Headland,10/06/2010 0:00,-16.41926,123.0338,2013,4
WA87,One tree reef S,10/06/2010 0:00,-16.39654,123.03509,2013,4
WA87,One tree reef S,10/06/2010 0:00,-16.39654,123.03509,2017,2
NWS166,Brue Reef,18/12/2018 0:00,-15.92278,123.04187,2013,28
NWS166,Brue Reef,18/12/2018 0:00,-15.92278,123.04187,2017,6
NWS165,Brue Reef North East,18/12/2018 0:00,-15.92443,123.04739,2013,28
NWS165,Brue Reef North East,18/12/2018 0:00,-15.92443,123.04739,2017,6
NWS167,Frost Shoal,18/12/2018 0:00,-15.7837,123.35675,2013,16
NWS167,Frost Shoal,18/12/2018 0:00,-15.7837,123.35675,2017,4
NWS168,Churchill Reef South East,19/12/2018 0:00,-15.51735,123.23433,2013,18
NWS168,Churchill Reef South East,19/12/2018 0:00,-15.51735,123.23433,2017,3
NWS168,Churchill Reef South East,19/12/2018 0:00,-15.51735,123.23433,2018,1
NWS169,Chruchill Reef South West,19/12/2018 0:00,-15.51897,123.26715,2013,16
NWS169,Chruchill Reef South West,19/12/2018 0:00,-15.51897,123.26715,2017,3
NWS169,Chruchill Reef South West,19/12/2018 0:00,-15.51897,123.26715,2018,1
NWS170,Churchill Reef North West,19/12/2018 0:00,-15.45017,123.24475,2013,18
NWS170,Churchill Reef North West,19/12/2018 0:00,-15.45017,123.24475,2017,1
NWS170,Churchill Reef North West,19/12/2018 0:00,-15.45017,123.24475,2018,1
NWS171,Churchill Reef North,19/12/2018 0:00,-15.44617,123.25202,2013,18
NWS171,Churchill Reef North,19/12/2018 0:00,-15.44617,123.25202,2017,1
NWS171,Churchill Reef North,19/12/2018 0:00,-15.44617,123.25202,2018,1
NWS37,Stake Edge,10/09/2013 0:00,-14.0453,121.78072,2013,2
NWS37,Stake Edge,10/09/2013 0:00,-14.0453,121.78072,2013,2
NWS173,Shawrie's Folly,22/12/2018 0:00,-14.12994,121.96976,2013,2
NWS29,Moray Bommie,8/09/2013 0:00,-14.12668,121.94546,2013,2
NWS32,Goby Heaven,8/09/2013 0:00,-14.10934,121.96473,2013,4
NWS29,Moray Bommie,8/09/2013 0:00,-14.12668,121.94546,2013,1
NWS32,Goby Heaven,8/09/2013 0:00,-14.10934,121.96473,2013,2
NWS197,Groper Reef,8/01/2019 0:00,-14.05661,125.35585,2013,2
NWS198,Jameson Reef Anchorage,8/01/2019 0:00,-14.05545,125.3604,2013,2
NWS194,Browse Ledge,7/01/2019 0:00,-14.10193,123.5508,2013,4
NWS194,Browse Ledge,7/01/2019 0:00,-14.10193,123.5508,2017,10
NWS195,Browse Fats,7/01/2019 0:00,-14.10958,123.55655,2013,3
NWS195,Browse Fats,7/01/2019 0:00,-14.10958,123.55655,2017,10
NWS196,Browse Anchorage,7/01/2019 0:00,-14.1045,123.55491,2013,3
NWS196,Browse Anchorage,7/01/2019 0:00,-14.1045,123.55491,2017,10
NWS174,North Scott Lagoon,24/12/2018 0:00,-13.92629,121.90265,2017,2
NWS175,North Reef bommies,25/12/2018 0:00,-13.91925,121.91215,2017,2
NWS176,Shackle Reef,26/12/2018 0:00,-13.62454,122.00576,2013,10
NWS176,Shackle Reef,26/12/2018 0:00,-13.62454,122.00576,2017,8
NWS177,Seringapatam channel north,26/12/2018 0:00,-13.6323,122.02215,2013,10
NWS177,Seringapatam channel north,26/12/2018 0:00,-13.6323,122.02215,2017,9
NWS26,Seringapatam North,7/09/2013 0:00,-13.62389,121.99474,2013,10
NWS26,Seringapatam North,7/09/2013 0:00,-13.62389,121.99474,2017,7
NWS26,Seringapatam North,7/09/2013 0:00,-13.62389,121.99474,2013,10
NWS26,Seringapatam North,7/09/2013 0:00,-13.62389,121.99474,2017,7
NWS1,Vulcan Shoal,30/08/2013 0:00,-12.79823,124.26815,2017,18
NWS1,Vulcan Shoal,30/08/2013 0:00,-12.8034,124.2757,2017,18
NWS186,Cartier North,5/01/2019 0:00,-12.52576,123.57526,2017,18
NWS187,Cartier Reef Slope,5/01/2019 0:00,-12.53478,123.57985,2017,18
NWS188,Cartier Platform,5/01/2019 0:00,-12.52658,123.57827,2017,18
NWS189,Cartier Garden,5/01/2019 0:00,-12.52527,123.57215,2017,18
NWS192,Cartier Anchorage,6/01/2019 0:00,-12.52689,123.58274,2017,18
NWS2,Barracouta Shoal,31/08/2013 0:00,-12.5583,124.0382,2017,19
NWS203,Whatever Reef,15/10/2021 0:00,-12.54102,123.570732,2017,19
NWS186,Cartier North,5/01/2019 0:00,-12.52576,123.57526,2017,18
NWS187,Cartier Reef Slope,5/01/2019 0:00,-12.53478,123.57985,2017,18
NWS188,Cartier Platform,5/01/2019 0:00,-12.52658,123.57827,2017,18
NWS189,Cartier Garden,5/01/2019 0:00,-12.52527,123.57215,2017,18
NWS192,Cartier Anchorage,6/01/2019 0:00,-12.52689,123.58274,2017,18
NWS2,Barracouta Shoal,31/08/2013 0:00,-12.5583,124.0382,2017,19
NWS190,Nuclear Bommie,6/01/2019 0:00,-12.52495,123.56892,2017,18
NWS191,Unexploded Bommie,6/01/2019 0:00,-12.5245,123.56482,2017,18
NWS193,Cartier Island,6/01/2019 0:00,-12.52436,123.56101,2017,18
NWS190,Nuclear Bommie,6/01/2019 0:00,-12.52495,123.56892,2017,18
NWS191,Unexploded Bommie,6/01/2019 0:00,-12.5245,123.56482,2017,18
NWS193,Cartier Island,6/01/2019 0:00,-12.52436,123.56101,2017,18
NWS14,Surge Crest East,3/09/2013 0:00,-12.217,123.00392,2017,12
NWS15,Surge Crest West,3/09/2013 0:00,-12.2159,123.00575,2017,12
NWS16,Guardian Reef,3/09/2013 0:00,-12.23963,122.98389,2017,13
NWS17,Turtle Patch,3/09/2013 0:00,-12.24179,122.99063,2017,13
NWS178,Ashmore Central Lagoon Entrance,29/12/2018 0:00,-12.19673,123.04095,2017,12
NWS179,Not Much Reef,29/12/2018 0:00,-12.20716,123.04288,2017,12
NWS18,Busy Bommie,4/09/2013 0:00,-12.24122,122.98493,2017,13
NWS19,Grand Oculis Bommie,4/09/2013 0:00,-12.24054,122.98329,2017,13
NWS20,Flat's Edge,4/09/2013 0:00,-12.24414,123.00182,2017,13
NWS202,Ashmore North,13/10/2021 0:00,-12.2013,123.025497,2017,12
NWS21,Hemiplage Bommie,4/09/2013 0:00,-12.24405,122.99881,2017,13
NWS22,Dotty Reef,4/09/2013 0:00,-12.24109,122.9864,2017,13
NWS23,Kuhlii Bommie,4/09/2013 0:00,-12.23384,122.99001,2017,13
NWS24,Reel Lost Bommie,5/09/2013 0:00,-12.24264,122.98531,2017,13
NWS25,Eviota Bommie,5/09/2013 0:00,-12.23989,122.98643,2017,13
NWS14,Surge Crest East,3/09/2013 0:00,-12.217,123.00392,2017,12
NWS15,Surge Crest West,3/09/2013 0:00,-12.2159,123.00575,2017,12
NWS16,Guardian Reef,3/09/2013 0:00,-12.23963,122.98389,2017,13
NWS17,Turtle Patch,3/09/2013 0:00,-12.24179,122.99063,2017,13
NWS178,Ashmore Central Lagoon Entrance,29/12/2018 0:00,-12.19673,123.04095,2017,12
NWS179,Not Much Reef,29/12/2018 0:00,-12.20716,123.04288,2017,12
NWS18,Busy Bommie,4/09/2013 0:00,-12.24122,122.98493,2017,13
NWS19,Grand Oculis Bommie,4/09/2013 0:00,-12.24054,122.98329,2017,13
NWS20,Flat's Edge,4/09/2013 0:00,-12.24414,123.00182,2017,13
NWS21,Hemiplage Bommie,4/09/2013 0:00,-12.24405,122.99881,2017,13
NWS22,Dotty Reef,4/09/2013 0:00,-12.24109,122.9864,2017,13
NWS23,Kuhlii Bommie,4/09/2013 0:00,-12.23384,122.99001,2017,13
NWS24,Reel Lost Bommie,5/09/2013 0:00,-12.24264,122.98531,2017,13
NWS25,Eviota Bommie,5/09/2013 0:00,-12.23989,122.98643,2017,13
NWS10,Rogaa Bommie,2/09/2013 0:00,-11.97452,123.32136,2017,12
NWS11,Hibernia Lagoon SW,2/09/2013 0:00,-11.98059,123.33523,2017,12
NWS12,Hibernia Lagoon NW,2/09/2013 0:00,-11.97626,123.33757,2017,12
NWS13,Golden Sleeper Corner,2/09/2013 0:00,-11.9834,123.3271,2017,12
NWS180,Grubfish Reef,29/12/2018 0:00,-12.21192,123.05053,2017,12
NWS181,Ashmore East Lagoon,29/12/2018 0:00,-12.18941,123.07672,2017,12
NWS182,Ashmore Outer North,30/12/2018 0:00,-12.17455,123.05939,2017,11
NWS183,Ashmore Inner North,30/12/2018 0:00,-12.17552,123.06644,2017,11
NWS184,Ashmore East Lagoon Entrance,30/12/2018 0:00,-12.17905,123.07097,2017,12
NWS185,Northwest Ashmore,30/12/2018 0:00,-12.18477,123.11123,2017,11
NWS3,Cardinal Shoal,1/09/2013 0:00,-11.9719,123.3878,2017,12
NWS4,Titan Reef,1/09/2013 0:00,-11.969,123.3794,2017,12
NWS5,Hibernia Lagoon SE,1/09/2013 0:00,-11.97961,123.38074,2017,12
NWS6,Hibernia Lagoon SE2,1/09/2013 0:00,-11.97448,123.38116,2017,12
NWS7,Big Fish Gulch,1/09/2013 0:00,-11.9671,123.3586,2017,11
NWS8,Hibernia Lagoon South,1/09/2013 0:00,-11.97908,123.36079,2017,11
NWS9,Spur and Groove Reef,2/09/2013 0:00,-11.9685,123.3356,2017,11
NWS10,Rogaa Bommie,2/09/2013 0:00,-11.97452,123.32136,2017,12
NWS11,Hibernia Lagoon SW,2/09/2013 0:00,-11.98059,123.33523,2017,12
NWS12,Hibernia Lagoon NW,2/09/2013 0:00,-11.97626,123.33757,2017,12
NWS13,Golden Sleeper Corner,2/09/2013 0:00,-11.9834,123.3271,2017,12
NWS180,Grubfish Reef,29/12/2018 0:00,-12.21192,123.05053,2017,12
NWS181,Ashmore East Lagoon,29/12/2018 0:00,-12.18941,123.07672,2017,12
NWS182,Ashmore Outer North,30/12/2018 0:00,-12.17455,123.05939,2017,11
NWS183,Ashmore Inner North,30/12/2018 0:00,-12.17552,123.06644,2017,11
NWS184,Ashmore East Lagoon Entrance,30/12/2018 0:00,-12.17905,123.07097,2017,12
NWS3,Cardinal Shoal,1/09/2013 0:00,-11.9719,123.3878,2017,12
NWS4,Titan Reef,1/09/2013 0:00,-11.969,123.3794,2017,12
NWS5,Hibernia Lagoon SE,1/09/2013 0:00,-11.97961,123.38074,2017,12
NWS6,Hibernia Lagoon SE2,1/09/2013 0:00,-11.97448,123.38116,2017,12
NWS7,Big Fish Gulch,1/09/2013 0:00,-11.9671,123.3586,2017,11
NWS8,Hibernia Lagoon South,1/09/2013 0:00,-11.97908,123.36079,2017,11
NWS9,Spur and Groove Reef,2/09/2013 0:00,-11.9685,123.3356,2017,11
OS13,Mangola Shoal,8/10/2021 0:00,-11.65513,125.11145,2017,8
OS14,NW Jabiru Shoal,8/10/2021 0:00,-11.7161,125.020882,2017,10
OS15,Blue Coral Shoal,9/10/2021 0:00,-11.73382,123.986923,2017,14
OS16,Parry Shoal,1/10/2021 0:00,-11.22278,129.663116,2017,1
OS5,Moss Shoal Central,11/10/2015 0:00,-11.13576,129.91309,2017,4
OS6,Moss Shoal West,11/10/2015 0:00,-11.13407,129.91252,2017,4
OS5,Moss Shoal Central,11/10/2015 0:00,-11.13576,129.91309,2017,4
OS6,Moss Shoal West,11/10/2015 0:00,-11.13407,129.91252,2017,4
OS11,Kitan Shoal West,7/10/2021 0:00,-10.6972,126.332314,2017,1
OS12,Kitan Shoal East,7/10/2021 0:00,-10.69616,126.33519,2017,1
OS10,Cootamundra Shoal,5/10/2021 0:00,-10.84015,129.216273,2017,11
CI1,Flying Fish Cove Boat Ramp,11/09/2010 0:00,-10.42962,105.66814,2014,10
CI10,Isabel Beach,3/10/2010 0:00,-10.42366,105.66985,2014,10
CI11,FFC Wharf,5/10/2010 0:00,-10.42898,105.66985,2014,10
CI12,Ethel Beach W,8/10/2010 0:00,-10.46304,105.7077,2014,9
CI13,Middle Beach West,24/11/2009 0:00,-10.4607,105.628194,2014,10
CI14,Flying Fish Cove CI,26/11/2009 0:00,-10.42918,105.6689,2014,10
CI2,Phosphate Wharf,17/09/2010 0:00,-10.42658,105.67081,2014,10
CI3,Smith Point,19/09/2010 0:00,-10.42813,105.66575,2014,10
CI4,Cultural Centre,21/09/2010 0:00,-10.42116,105.67196,2014,10
CI5,The Tanks,23/09/2010 0:00,-10.4197,105.67226,2014,10
CI6,West White Beach,26/11/2009 0:00,-10.46143,105.58156,2014,9
CI7,Million Dollar Bommie,26/09/2010 0:00,-10.45623,105.63594,2014,10
CI8,Murrial Beach,28/09/2010 0:00,-10.46854,105.5578,2014,10
CI9,Ethel Beach,30/09/2010 0:00,-10.46368,105.70836,2014,9
