"site_code","longitude","latitude","cluster","Branching.Acropora","Encrusting.corals","Foliose.Plate.corals","Massive.corals","Montipora.Encrusting","Porites.Massive","Acropora.muricata","Acropora.Staghorn","Bottlebrush.Acropora.corals","Coral.Species","Corymbose.Acropora.corals","Hydrocoral","Pavona.varians","Pocillopora.damicornis","Stony.corals","Stylophora.pistillata","Goniastrea.retiformis","Lobophyllia.hemprichii","Montipora.hispida","Acropora.microphthalma","Branching.corals","Digitate.corals","Leptastrea.Submassive","Pocillopora.verrucosa","Porites.Hemispherical","Sub.massive.corals","Tabular.Acropora.corals","Acropora.elseyi","Astreopora.myriophthalma","Millepora.exaesa","Montipora.Submassive","Montipora.grisea","Porites.rus","Acropora.longicyathus","Large.polyp.stony.corals..free.living.","Porites.cylindrica","Fungia","Acropora.cerealis","Cyphastrea.Encrusting","Montipora.tuberculosa","Merulina.ampliata","Diploastrea.heliopora","Isopora.brueggemanni","Montipora.aequituberculata","Seriatopora.hystrix","Turbinaria.mesenterina","Acropora.hyacinthus","Acropora.tenuis","Acropora.spicifera","Cyphastrea.Submassive","Echinopora.lamellosa","Echinopora.ashmorensis","Columnar.corals","Galaxea.astreata","Porites.annae","Porites.lichen","Isopora.palifera","Organ.pipe.coral..Tubipora.","Acropora.digitifera","Acropora.seriata","Goniastrea.edwardsi","Goniastrea.pectinata","Seriatopora.caliendrum","Acropora.nasuta","Leptoria.phrygia","Acropora.cytherea","Acropora.glauca","Acropora","Acropora.abrotanoides","Acropora.valenciennesi","Montipora.crassituberculata","Montipora.spongodes","Favia.stelligera","Acropora.humilis","Ahermatypic.corals","Acropora.loripes","Isopora.cuneata","Isopora.Encrusting","Acropora.globiceps","Turbinaria.reniformis","Acropora.vaughani","Alveopora.spongiosa","Pavona.explanulata","Heliopora.coerulea..blue.coral.","Pavona.venosa","Acropora.abrolhosensis","Pachyseris.rugosa","Branching.Pocillopora","Astreopora.Solid.plates","Acropora.pulchra","Alveopora.catalai","Porites.monticulosa","Echinopora","Acropora.grandis","Echinopora.pacificus","Pavona.cactus","Acanthastrea.hillae","Acropora.horrida"
"CS1",152.23517,-19.29696,3,0,0.505050505,0,0,0,0.505050505,0,0,0,0,0,0,0,0,0,0,0,0,0,0,0,0,0,0,0,0.505050505,0,0,0.5102040815,0,0,0,0,0,0,0,0,0,0,0,0,0,0,0,0,0,0,0,0,0,0,0,0,0,0,0,0,0,0,0,0,0,0,0,0,0,0,0,0,0,0,0,0,0,0,0,0,0,0,0,0,0,0,0,0,0,0,0,0,0,0,0,0,0,0,0,0,0
"CS10",149.18262,-16.94777,2,0,0,0,0,0,0,0,0,0,0,0,0,0,0,0,0.5,0,0,0,0,0,0,0,2,0,0.5,0,0,0,0,0,0,0,0,0,0,0,0,0,0,0,0,0,0,0,0,0,0,0,0,0,0,0,0,0,0,0,0,0,0,0,0,0,0,0,0,0,0,0,0,0,0,0.5,0,0,0,0,0,0,0,0,0,0,0,0,0,0,0,0,0,0,0,0,0,0,0,0,0
"CS101",151.07258,-17.41432,2,0,0,0,0,0,0,0,0,0,0,0,0,0,0,0,1,0,0,0,0,0,0,0,3,0,0,0,0,0,0,0,0,0,0,0,0,0,0,0,0,0,0,0,0,0,0,0,0,0,0,0,0,0,0,0,4,0,0,0,0,0,0,0,0,1,0,0,0,0,0,0,0,2,0,0,0,0,0,0,0,0,0,0,0,0,0,0,0,0,0,0,0,0,0,0,0,0,0
"CS102",151.07128,-17.41703,2,0,0.5,0,1,0,0,0,0,0.5,0,1,0,0,0,0,0,0,0,0,0,0,0,0.5,1.5,0,3,0,0,0,0.5,0,0,0,0,0,0,0,0,0,0,0,0,0,0,0,0,0,0,0,0,0,0,0,0,0,0,0,0,0,0,0,0.5,0,0,0.5,0,0,0.5,0,0,0,0,0,0,0,0,0,0,0,0,0.5,0,0,0,0,0,0,0,0,0,0,0,0,0,0,0,0,0
"CS103",151.07027,-17.43525,2,0.5,1,0,0.5,0,0,0,0,0,0,5,0,0,0,0,2.5,0,0,0,0,0,0,0,1,0,2,1,0,0.5,0,0,0,0,0,0,0,0,0,0,0,0,0,0,0,0,0,0,0,0,0.5,0,0,0,0,0,0,0,0,0,0,0,1,0,0,2,0,0,0,0,0,0,0,0,0,0,0,0,0,0,0,0,0,0,0,0,0,0,0,0,0,0,0,0,0,0,0,0,0
"CS104",151.07127,-17.4347,2,0,0,0,1,0,2,0,0,0,0,1,0,0,0,0,0,0,0,0,0,0,0,1,1,0,2,0,0,0,0,0,0,0,0,0,0,0,0,0,0,0,0,0,0,0,0,0,0,0,0,0,0,0,0,0,0,0,0,0,0,0,0,0,0,0,0,0,0,0,0,0,0,0,0,0,0,0,0,0,0,0,0,0,0,0,0,0,0,0,0,0,0,0,0,0,0,0,0
"CS11",149.19696,-16.93653,2,0,0.5,0,0.5,0.5,1,0,0,0,0.5,0.5,0,1,0,0,0,0,0,0,0,0,0,1.5,0.5,0,2,0,0,0,0,0,0,0,0,0,0,0,0,0,0,0,0,0,0,0,0,0,0,0,1.5,0,0,0,0,0,1,0.5,0,0,0,2,0.5,0,0,0,0,0,0,0,0,0,0,0,0,0,0,0,0,0,0,0,0,0,0,0,0,0,0,0,0,0,0,0,0,0,0,0,0
"CS110",150.73692,-17.71175,3,0,0,0.5,0,0,0,0,0,0,0,0,0,0,0,0,0,0,0,0,0,0.5,0,0,0,0,0,0,0,0,0,0,0,0,0,0,0,0,0,0,0,0,0,0,0,0,0,0,0,0,0,0,0,0,0,0,0,0,0,0,0,0,0,0,0,0,0,0,0,0,0,0,0,0,0,0,0,0,0,0,0,0,0,0,0,0,0,0,0,0,0,0,0,0,0,0,0,0,0
"CS111",150.7345,-17.71298,2,0,1.5,0,0,0,0,0,0,0,0,0,0,0,0,0,1,0,0,0,0,0,0,0,0.5,0,0,0,0,0,0,0,0,0,0,0,0,0,0,0,0,0,0,0,0,0,0,0,0,0,0.5,0.5,0,3.5,0,0,4.5,0,0,0,0,0,0,0,0,0,0,0,0,0,0,0,0,0,0,0,0,0,0,0,0,0,0,0,0,0,0,0,0,0,0,0,0,0,0,0,0,0,0
"CS113",150.63277,-17.77473,2,0,0.5,0,0.5,0,0,0,0,0,0,0.5,0,0.5,0,0,0.5,0,0,0,0,0,0,0,2.5,0,1,0,0,0,0,0,0,0,0,0,0,0,0,0,0,0,0,0,0,0,0,0,0,0,0,0,0,0,0,0,1,0,0,0,0,0,0,0,0,0,0,0,0,0,0,0,0,0,0,0,0,0,0,0,0,0,0,0,0,0,0,0,0,0,0,0,0,0,0,0,0,0,0
"CS12",149.19332,-16.93007,2,0,2.52020202,0,1.005050505,0,6.52020202,0,0,0,0.5,1.005050505,0,0,0,0,0,0,0,0,0,0.505050505,0,0,0,0,2.02020202,0,0,0,0,0,0,0,0,0,0.5,0.5,0,0,0,0,0,0,0,0,0,0,0,0,1.005050505,0,0,0,0,0,1.505050505,0,0,0,0,0.5,0.5,0,0,0,0,0,0,0,0,0,0,0,0,0,0,0,0,0,0,0,0,0,0,0,0,0,0,0,0,0,0,0,0,0,0,0,0
"CS123",148.50514,-17.82899,2,0,0.5,0,1.5,0,0,0,0,0,0,0.5,0,0,0,0,0,0,0,0,0,0,0,0,0.5,0,0.5,0,0,0,0,0,0.5,0,0,0,0,0,0,0,0,0,0,0,0,0,0,0,0,0,0.5,0,0,0,0,0,0,0,0,0,0,0.5,0,0,0,0,0,0,0,0,0,0,0,0,0,0,0,0,0,0,0,0,0,0,0,0,0,0,0,0,0,0,0,0,0,0,0,0,0
"CS126",148.43873,-17.71666,2,0,0.5,0,2,1.5,1.5,0,0,0,0,0,0,0,0,0,0,0,0,0,0,0,0,0,0.5,0,1.5,0,0,0.5,1,0,0,0,0,0,0,0,0,0,0,0.5,0,0,0,0,0,0,0,0,1,0,0,0,0,0,0,0,0,0,0,0,1,0,0,0,0,0,0,0,0,0,0,0,0,0,0,0,0,0,0,0,0,0,0,0,0,0,0,0,0,0,0,0,0,0,0,0,0
"CS127",148.4373,-17.71505,2,0,0,0,2,0,0,0,0,0,0,0.5,0,0,0,0,0,0,0,0,0,0.5,0,0,0.5,0,1.5,0.5,0,0,0,0,0,0,0,0,0,0,0,0,0,0,0,0,0,0,0,0,0,0,1.5,0,0,0,0,0,1,0,0,0,0,0,0,0,0,0,0,0,0,0,0,0,0,2,0.5,0,0,0,0,0,0,0,0,0,0,0,0,0,0,0,0,0,0,0,0,0,0,0,0
"CS128",148.4606,-17.70575,2,0,1.5,0,0,0,0.5,0,0,0,0,0.5,0,0.5,0,0,0,0,0,0,0,0.5,0,0,0,0,0.5,0,0,0,0,0,0,0,0,0,0,0,0,0,0,0,0,0,0,0,0,0,0,0,0,0,0,0,0,0,0.5,0,0,0,0,0,0,0,0,0,0,0,0,0,0,0,0,0,0,0,0,0,0,0,0,0,0,0,0,0,0,0,0,0,0,0,0,0,0,0,0,0,0
"CS129",148.46176,-17.70304,2,0,1,0,1.5,0.5,0,0,0,0,0,0,0,0,0.5,0,0,0,0,0,0,0,0,0,0.5,0,1.5,0,0,0,0,0,0,0,0,0,0,0,0,0,0,0.5,0,0,0,0,0,0,0,0,0,0,0,0,0,0,2,0,0,0,0,0,0.5,0,0,0,0,0,0,0,0,0,0,0.5,0,0,0,0,0,0,0,0,0,0,0,0,0,0,0,0,0,0,0,0,0,0,0,0,0
"CS13",149.20228,-16.92822,2,0,1.595744681,0,0.5319148935,0,0,0,0,0,0,0,0,0,0,0,0,0,0,0,0,0,0,0,0,0,0,0,0,0,0,0,0,0,0,0,0,0,0,0,0,0,0,0,0,0,0,0,0,0,0,0,0,0.505050505,0,0,0.5319148935,0,0,0,0,1.0369653985,1.01010101,0,0,0,0,0,0,0,0,0,0,0,0,0,0,0,0,0,0,0,0,0,0,0,0,0,0,0,0,0,0,0,0,0,0,0,0
"CS130",149.999,-16.93133,2,0,0.5,0,0.5,0,0,0,0,0,0,0,0,0,0,0,0,0,0.5,0,0,0,0,0,0,0,0,0,0,0,2.5,0,0,0,0,0,0,0,0,0,0,0,0,0,0,0,0,0,0,0,0,0,0,0.5,0,0,2,0,0,0,0,0,0,0,0,0.5,0,0,0,0,0,0,0,2,0,0,0,0,0,0,0,0,0,0,0,0,0,0,0,0,0,0,0,0,0,0,0,0,0
"CS131",150.00203,-16.93012,2,0,0.5,0,1.5,0,0,0,0,0,0,1,0,0,0,0,0.5,0,0,0,0,0,0,0,0,0,2.5,0,0,0,0,0,0,0,0,0,0,0,0,0,0,0,0,0,0,0,0,0,0,0,0,0,0,0,0,0,4.5,0,0,0,0,0,0.5,0,0,0,0,0,0,0,0,0,0,0,0.5,0,0,0,0,0,0,0,0,0,0,0,0,0,0,0,0,0,0,0,0,0,0,0,0
"CS132",149.99043,-16.93157,2,0,0,0,0.5,0,0,0,0,0,0,0,0,0,0,0,0,0,0,0,0,0.5,0,0,1,0,0,0,0,0,0.5,0,0,0,0,0,0,0,0,0,0,0,0,0,0,0,0,0,0,0,0,0,0,0,0,0,0,0,0,0,0,0,0,0,0,0,0,0,0,0,0,0,0,0,0,0,0,0,0,0,0,0,0,0,0,0,0,0,0,0,0,0,0,0,0,0,0,0,0
"CS139",150.26845,-16.53378,3,0,2,0,0.5,0.5,1.5,0,0,0,0,0,0,0,0.5,0,0,0,0,0,0,0.5,0,0,0,0,1,0,0,0,0,0,0,0,0,0,0,0,0,0,0,0,0,0,0,0,0,0,0,0,0,0,0,0,0,0,0.5,1.5,0,0,0,0,0,0,0,0,0,0,0,0,0,0,0,0.5,0,0,0,0,0,0,0,0,0,0,0,0,0,0,0,0,0,0,0,0,0,0,0,0,0
"CS140",150.26973,-16.53091,3,0,0.5,0,0,1,0,0,0,0,0,0,0,2.5,0,0,0.5,0,0,0,0,0,0,0,0,0,0,0,0,0,0,0,0,0,0,0,0,0,1,0,0,0,0,0,0,0,0,0,0,0,0.5,0,0,0.5,0,0,0,3,0,0,0,0,0,0,0,0,0,0,0,0,0,0,0,0,0,1,0,0,0,0,0,0,0,0,0,0,0,0,0,0,0,0,0,0,0,0,0,0,0
"CS141",150.27712,-16.52097,3,0,0,0,0,1,0,0,0,0,0,0,0,0,0,0,0,0,0,0,0,0,0,0,0,0,1,0,0,0,0,0,0,0,0,0,0,0,0,0,0,0,0,0,0,0,0,0,0,0,0,0,0,0,0,0,0,4.5,0,0,0,0,0,0,0,0,0,0,0,0,0,0,0,0,0,0,0,0,0,0,0,0,0,0,0,0,0,0,0,0,0,0,0,0,0,0,0,0,0
"CS143",149.96294,-16.29907,2,0,1,0,2.5,0,0,0,0,0,0,0,0,0,0,0,0,0,0,0,0,0,0,0,1,0,0,0,0,0,0,0,0,0,0,0,0,0,0,0,0,0,0,0,0,0,0,0,0,0,0.5,0,0,0,0,0,0.5,0,0,0,0,0,0,0,0,0,0,0,0.5,0,0,0,0,0.5,0,0,0,0,0,0,0,0,0,0,0,0,0,0,0,0,0,0,0,0,0,0,0,0,0
"CS144",149.95958,-16.28601,2,0,0.5,0,0.5,0,0,0,0,0,0,0,0,1.5,0,0,0,0,0,0,0,0,0,1.5,0,0,1,0,0,0,0,4.5,0,0,0,0,0,0,0,0,0,1,0,0,0,0,0,0,0,0,0.5,0,0,0,0,0,0,0,0,0,0,0.5,0.5,0,0,0,0,0,0,0,0,0,0,0,0,0,0,0,0,0,0,0,0,0,0,0,0,0,0,0,0,0,0,0,0,0,0,0,0
"CS145",149.96138,-16.2927,2,0,2,0,1.5,1,0,0,0,0,0,0.5,0,0.5,0,0.5,0,0,0,0,0,0.5,0,0,2.5,0,1,0,0,0.5,0,0,0,0,0,0,0,0,0,0,0,0,0,0,0,0,0,0,0,0,1,0,0,0,0,0,0,0.5,0,0,0,0.5,0,0,0,0.5,0,0,1,0,0,0,0,0.5,0,0,0,0,0,0,0,0,2,0,0,0,0,0,0,0,0,0,0,0,0,0,0,0,0
"CS146",147.84345,-16.49974,2,0,0.5,0,0.5,0,0.5,0,0,0,0,0.5,0,0,0,0,0,0,0,0,0,0.5,0,1,1.5,0,0,0.5,0,1,0,0,0,0,0,0,0,0,0,0.5,0,0,0,0,0,0,0,0,0,0,0,0,0,0,0,0,0.5,0,0,0,0,0,0,0,0,0,0,0,0,0,0,0,0,0,0,0,0,0,0,0,0,0,0,0,0,0,0,0,0,0,0,0,0,0,0,0,0,0,0
"CS147",147.84033,-16.51274,2,0,1.5,0,1,0,0,0,0,0,0,0,0,0,0,0,0,0,0,0,0,0,0,0,1,0,0,0,0,0.5,0,2,0,0,0,0,0,0,0,0,0,0,0,0,0,0,0,0,0,0,0.5,0,0,0,0,0,0,0,0,0,0,0,0,0,0,0,0,0,0,0,0,0,0,0,0,0,0,0,0,0,0,0,0,0.5,0,0,0,0,0,0,0,0,0,0,0,0,0,0,0
"CS148",147.84016,-16.50813,2,0,0.5,0,0,0,0,0,0,0,0,0,0,0,0,0,0,0,0,0,0,0,0,0,0,0,0.5,0,0,0,1,0,0,0,0,0,0,0,0.5,0,0,0,0,0,0,0,0,0,0,0,0,0,0,0,0,0,0.5,0,0,0,0,0.5,0,0,0,0,0,0,0.5,0,0,0,0,0,0,0,0,0,0,0,0,0,0,0,0,0,0,0,0,0,0,0,0,0,0,0,0,0,0
"CS149",147.84137,-16.50487,2,0,1,0,0,0,0,0,0,0,0,0,0,0,0,0,0.5,0,0,0,0,0,0,0,1,0,0,0.5,0,0.5,0,0,0,0,0,0,0,0,0,0,0,0,0,0,0,0,0,0,0,0,0,0,0,0,0,0,0,1,0,0,0,0,0,0,0,0,0,0,0,0,0,0,0,0,0,0,0,0,0,0,0,0,0,0,0,0,0,0,0,0,0,0,0,0,0,0,0,0,0
"CS15",150.00647,-16.92247,2,0,0,0,0,0.5,0,0,0,0,0,0,0,0,0,0,0,0,0,0,0,0,0,0,0,0,0.5,0,0,0.5,0,0,0,0,0,0,0,0,0,0,0,0,0,0,0,0,0,0,0,0,0,0,0,0,0,0,1,0,0,0,0,0,0,0,0,0,0,0,0,0,0,0,0,0,0,0,0,0,0,0,0,0,0,0,0,0,0,0,0,0,0,0,0,0,0,0,0,0,0
"CS150",147.84932,-16.49493,2,0,0,0,0,0,0.5,0,0,0,0,1,0,0,0,0,0,0,0,0,0,0,0,0,1,0,1,0,0,0,0,0,0,0,0,0,0,0,0,0,0,0,0,0,0,0,0,0,0,0,0,0,0,0,0,0,0,0,0,0,0,0,0.5,0,0,0,0.5,0,0,0,0,0,0,0.5,0,0,0,0,0,0,0,0,0,0,0,0,0,0,0,0,0,0,0,0,0,0,0,0,0
"CS151",147.86608,-16.47592,2,0,0,0,0.5,0,0,0,0,0,0,1.5102040815,0,0,0,0,0,0,0,0,0,0.5,0,0,1,0,1.0102040815,0,0,0,0,0,0,0,0,0,0,0,0,0.5102040815,0,0,0,0,0,0,0,0,0,0,0.5,0,0,0,0,0,0,0.5102040815,0,0,0,0,0,0,1.0204081635,0,0,0,0,0,0,0,0,0,0,0,0.5,0,0,0,0,0,0,0,0,0,0,0,0,0,0,0,0,0,0,0,0,0,0
"CS153",146.62455,-13.85535,2,0,0,0,0.5,0,0,0,0,0,0,1,0,0,0,0,0.5,0,0,0,0,0,0,0,0,0,1,0,0,1.5,0.5,0,0,0,0,0,0,0,0,0,0,0,0,0,0,0,0,0,0,0,0.5,0,0,0,0,0,0,0,0,0,0,0,0,0,0,0,0,0,0,0,0,0,0,0,0,0,0,0,0,0,0,0,0,0,0,0,0,0,0,0,0,0,0,0,0,0,0,0,0
"CS154",146.6254,-13.854,2,0,0,0,1.5,0,0,0,0,0,0,1,0,0,0,0,1,0,0,0,0,0,0,0,0.5,0,1,0,0,1.5,1.5,0,0,0,0,0,0,0,0,0,0,0,0,0,0,0,0,0,0,0,0,0,0,0,0,0,0,0,0,0,0,0,0,0,0,0,0,0,0,0,0,0,0,0,0,0,0,0,0,0,0,0,0,0,0,0,0,0,0,0,0,0,0,0,0,0,0,0,0
"CS155",146.55312,-13.8914,3,0,3.5,0.5,3.5,12,4.5,0,0,0,0,1.5,0,2,0.5,0,1,0,0,0,0,1,0,3,3.5,0,2.5,0,0,0.5,2,3.5,0,0.5,0,0,2.5,0,0,0,0,0.5,0,0,0,0,0,0,0,0,0,0,0,0,0,0,1,0,0,0,0,0,0,0,0,0,0,0,0,0,0,0,0,0,0,0,1,0,0,0,0,0,0,0,0,0,0,0,0,0,0,0,0,0,0,0,0,0,0
"CS156",146.56243,-13.88295,3,0,1,0,6,0,0,0,0,0,0,2,0,0,0,0,2,0,0,0,0,0,0,1,2,0,5,0,0,0,3,0,0,0,0,0,1,0,1,0,0,0,0,0,0,0,0,0,0,0,0,0,0,0,0,0,0,0,0,0,0,0,0,0,0,1,0,0,0,0,0,0,0,0,0,0,1,0,0,0,0,0,0,0,0,0,0,0,0,0,0,0,0,0,0,0,0,0,0
"CS157",146.5576,-13.8954,3,0,4.5,1.5,4,5,4,0,0,0,0,0.5,2,1.5,0,1.5,1.5,0.5,0,0,0,0,0,0.5,0.5,2,4,0,0,0,0,0,0,0,0,0,0,0,0,0,0,0,0,0,0,0,0,0,0,0,0,0.5,0,2.5,0,0,0.5,0,0,0,0,0.5,0,0,0,0,0,0,0,0,0,0,0,1.5,0,0,0,0,0,0,0,0,0,1.5,0,0,0,0,0,0,0,0,0,0,0,0,0,0,0
"CS158",146.57765,-13.87003,3,0,2,0,0,5,6.5,0,0,0,0,0.5,0.5,0.5,0,0,1,0,0,0,0,0,0,0.5,3.5,0,2,0,0,0,2,0.5,2,0,0,0,0.5,0,0,0,0.5,0,0,0,0,0,0.5,0,0,0,0,0,0,0.5,0,0,0.5,0.5,0,0,0,0,0,0,0,0,0,0,0,0,0,0,0,1,0,0,0.5,0,0,0,0,0,0,0,0,0,0,0,0,0,0,0,0,0,0,0,0,0,0
"CS16",150.01143,-16.92251,2,0,0,0,0,0,0,0,0,0,0,1,0,0,0,0,0,0,0,0,0,0,0,0,0.5,0,0,0,0,0,0,0,0,0,0,0,0,0,0,0,0,0,0,0,0,0,0,1,0,0,0,0,0,0,0,0,0.5,0,0,0,0,0,0,0,0,0,0,0,0.5,0,0,0,0,0,0,0,0,0,0,0,0,0,0,0,0,0,0,0,0,0,0,0,0,0,0,0,0,0,0
"CS17",149.90476,-16.97162,2,0,0,0,0.5,0,1,0,0,0,0,0,0,0,0,0,0,0,0,0,0,0,0,0,0.5,0,0,0,0,0.5,0,0,0,0,0,0,0,0,0,0,0,0,0,0,0,0,0,0,0,0,0,0,0,0,0,0,2.5,0,0,0,0,0,0,0,0,0,0,0,0,0,0,0,0,0,0,0,0,0,0,0,0,0,0,0,0,0,0,0,0,0,0,0,0,0,0,0,0,0,0
"CS171",147.0903,-15.48855,3,0.5,3.5,1,1.5,1,0.5,0,0,0,0,0,0,1.5,0.5,0.5,0,0,0,0,0,0,0,0,2,0,2,0,0,0,1,0,0,46.5,0,0,0,0,0.5,0,0,0.5,0,0,0,0,0,0,0,0,0,0,0,1.5,0,0,0,0,0,0,0,0.5,2.5,0,0,0,0,0,0,0,0,0,0,0,0,0,0,0,0,0,0,0,0,0,0,0,0,0,0,0,0,0,0,0,0,0,0,0,0
"CS172",147.0993,-15.48253,3,0,3.5,3.5,2.5,1,5.5,0,0,0,0,1.5,0,2,0,2.5,0,0,0,0,0,1.5,0,0,4.5,0,2.5,0,0,0,1,0,1.5,5,0,0,0,0,0,0,0,0,0,0,0,0.5,0,0,0,0,0,0,0,0.5,0,0,0,0.5,0,0,0,0,0,0,0,0.5,0,0,0,0,0,0,0,0,0,0,0,0,0,0,0,0,0,0,0,0,0,0,0,0,0,0,0,0,0,0,0,0,0
"CS173",147.10716,-15.48885,3,0,0,0,0,0.5,2,0,0,0,0,0,0,0,0.5,0,0,0,0,2.5,0,4,0,0,0,0,0,0,0,0,0.5,0,1.5,1.5,0,0,0,0,0,0,0,0,0,0,0,0,0,0,0,0,0,0,0,0,0,0,0,0.5,0,0,0,0,0,0,0,0,0,0,0,0,0,0,0,0,0,0,0,0,0,0,0,0,0,0,0,0,0,0,0,0,0,0,0,0,0,0,0,0,0
"CS174",147.10759,-15.48433,3,0,0,0,0,0,0,0,0,0,0,0,0,0,0,0,0,0,0,0,0,2,0,0,0,0,0,0,0,1,0,0,1,0,0,0,0,0,0,0,0,0,0,0,0,0,0,0,0,0,0,0,0,0,0,0,0,0,0,0,0,0,0,0,0,0,0,0,0,0,0,0,0,0,0,0,0,0,0,0,0,0,0,0,0,0,0,0,0,0,0,0,0,0,0,0,0,0,0
"CS175",147.08723,-15.4908,3,0,1.5,1,0.5,0,3.5,0,0,0,0,0.5,0,4.5,0.5,0,0,0,0,0,0,0,0,0,3.5,0,1.5,0.5,0,0,2,0,1,30.5,0,0,0,0,0,0,0,0,0,0,0,0,0,0,0,0,0,0.5,0,3.5,0,0,0,0.5,0,0,0,0.5,1,0,0,0.5,0,0,0,0,0,0,0,0,0,0,0,0,0,0,1,0,0,0,1.5,0,0,0,0,0,0,0,0,0,0,0,0,0,0
"CS176",147.10453,-15.48135,3,0,3.5,0,2.5,3.5,4,0,0,0,0,0,0,0.5,0,0,0,0,0,0,0,0.5,0,0.5,4.5,0,2,0,0,0,3,0,1.5,2.5,0,0,0,0,0,0.5,0,2,0,0,0,0.5,0,0,0,0,1,0,0,0,0,0,0,0,0,0,0,0,0,0,0,1,0,0,0,0,0,0,0,0,0,0,0,0,0,0,0,0,0,0,0,0,0,0,0,0,0,0,0,0,0,0,0,0,0
"CS177",146.69139,-13.98559,3,0,1,0,0.5,0,0,2,0,0.5,0,0.5,0,0,0,0,1,0,0,0,0,0,0,0,0,0,0.5,0,0,1,2,0.5,0,0,0,0,0,0,0,0,0,0,0,0,0,0,0,0,0,0,0,0,0,0,0,0,0,0,0,0,0,0,0,0,0,0,0,0,0,0,0,0,0,0,0,0,0,0,0,0,0,0,0,0,0,0,0,0,0,0,1,0,0,0,7.5,0,0,0,0
"CS178",146.69067,-13.99381,3,0,0,0,1.5,0,0,0,0,0,0,1,0,0,0,0,0.5,0,0,0,0,0,0,0,0,0,0,0,0,0.5,0,0,0,0,0,0,0,0,0,0,0,0,0,0,0,0,0,1.5,0,0,0,0,0,0,0,0,0,0,0,0,0,0,0,0,0,0,0,0,0,0,0,0,0,0,0.5,0,0,0,0,0,0,0,0,0,0,0,0,0,0,0,0,0,0,0,0,0,0,0,0
"CS179",146.67549,-13.97563,3,0,0.5,0,0.5,0,0,0,0,0,0,1.5,0.5,0,0,0,0,0,0,0,0,0,0,0,0,0,1,0,0,2.5,0.5,0,0,0,0,0,0,0,0,0,0,0,0,0,0,0.5,0,0,0,0,0,0,0,2,0,0,0,0,0,0,0,0.5,0,0,0,0,0,0,0,0,0,0,0,0,0,0,0,0,0,0,0,0,0,0,0,0,0,0,0,0,0,0,0,0,1.5,0,0,0,0
"CS18",149.90547,-16.96134,2,0,0,0,0.5,0,0,0,0,0,0,0,0,0,0,0,0,0,0,0,0,2,0,0,1.5102040815,0,1.5,0,0,0,0,0,0,0,0,0,0,0,0,0,0,0,0,0,0,0,0,1,0,0,1,0,0,0,0,0,0,0,0,0,0,0,0,0,0,0,0,0,0,0,0,0,0,0,0,1,0,0,0,0,0,0,0,0,0,0,0,0,0,0,0,0,0,0,0,0,0,0,0
"CS180",146.66721,-13.96688,3,0,0.5,0,0.5,1,0.5,0,0,0,0,0,0,0,0,0.5,0,0,1,0,0,0,0,0,0.5,0,6,0,0,0.5,3,0,0,0,0,0,2.5,0,0,0,0,0,0,0,0,0.5,5,0,0,0,0,0,0,0.5,0,0,0,0,0,0,0,0.5,1.5,0,0,0,0,0,0,0,0,0,0,1,0,0,0,0,0,0,0,0,0,0,0,0,0,0,0,0,0,0,0,0,0.5,0,0,0,0
"CS181",146.6806,-13.96617,3,0.5,0.5,0,0,0,0,0,0,0,0,0.5,0,0,0,0,0.5,0,0,0,0,0,0,0,0,0,0,0,0,0.5,0,0,0,0,0,0,0,0,1,0,0,0,0,0,0,0,0,0,1.5,0,0,0,0,0,0,0,0,0,0,0,0,0,0,0,0.5,0,1.5,0,0,0,0,0,0,0,0,0,0,0,0,0,0,0,0,0,0,0,0,0,0,0,0,0,0,0,0,0,0,0,0
"CS182",146.57249,-13.89028,3,0,0,2.5,1.5,0,0,0,0,0,0,0,0,0,0,0,1.5,0,0,0,0,0,0,0,0,0,1,0,0,0,0,0.5,0,0,0,0,0.5,0,0.5,0,0,0,0,0,0,0,0,0,0,0,0,0,0,0,0,0,1,0,0,0,0,0,0,0,0,0.5,0,0,0,0,0,0,0,0,0,0,0,0,0,0,0,0,0,0,0,0,0,0,0,0,0,0,0,0,0,0,0,0,0
"CS183",146.56733,-13.88715,3,0,2,0.5,1.5,2.5,0.5,0,0,0,0,0.5,0,0,0,0,4.5,0,0,0,0,0,0,0,0.5,0,2,0.5,0,0,1,1,0,0,0,0,0,0,0.5,0,0,0,0,0,0,1,0,0,0,0,0,0,0,0,0,0,0,0,0,0,0,0,0.5,0,0,0,1,0,0,0,0,0,0,0.5,0,0.5,0,0,0,0,0,0,0,0,0,0,0,0,0,0,0,0,0,0,0,0,0,0,0
"CS184",146.54613,-13.80117,3,0,5.5,0.5,1,8,3,0,0,0,0,0,0,1,0,0,0.5,0,0,0,0,0,0,0.5,0.5,0,2,0,0,0,1,0,0,2,0,0,0,0,0,0,0,0,0,0,0,0,0,0,0,0,0,0,0,0,0,0,0,0,0,0,0,0,0,0,0,0,0,0,0,0,0,0,0,0,0,0,0,0,0,0,0,0,0,0,0,0,0,0,0,0,0,0,0,0,0,0,0,0,0
"CS185",144.44918,-10.44533,3,0,0,0,1,0,3,15.5,0,0,0,0,0,0,0,0,0,0,0,0,0,0,0,0,0,0,2.5,0,0,0.5,0,0,0,0,0.5,0,0,0,0,0,0,0,0.5,0,0,0,0,0,0,0,0,0,0,0,0,0,0,0,0,0,0,1,0,0,1,0.5,0,0,0,0,0,0,0,0.5,0,0,0,0,0,0,0,0,0,0,0,0,0,0,0,0,0.5,0,0,0,0,0,0,0,0
"CS186",144.45243,-10.43422,3,0,1,0.5,2.5,1.5,2.5,0,0,0,0,0.5,0,0,0,0,0.5,0,0,0,0,0,0.5,0,0,0,1.5,0,0,0,2.5,0,0,0,0,0,0,0,0,0,0,0,0,0,0,0,0,0,0,0,0,0,0,0,0,0,0,0,0,0,0,0,1.5,0,0,0,0,0,0.5,0,0,0,0,0,0.5,0,0,0,0,0,0,0,0,0,0,0,0,0,0,0,0,0,0,0,0,0,0,0,0
"CS187",144.45293,-10.44136,3,0,0.5,0,1.5,0,0,0,0,0,0,0.5,0,0,1,0,2,0,0,0,0,0.5,1.5,0,0.5,0,0,0,0,0.5,0,0,0,0,1,0,0,0.5,0,0,0,0,0,0,0,0,0,0,0,0,0,0,0,0,0,0,0,3.5,0,0,0,3,0,0,0,0.5,0,0,0,0,0,0,0,0,0,0,1.5,0,0,0,0,0,0,0,0,0,0,0,0,0,0,0,0,0,0,0,0,0,0
"CS188",144.43016,-10.44121,3,0,0,0,0,0,0,0,0,0,0,0.5,0,0,0,0,1.5,0,0,0,0,1,0,0,0,0,2.5,0,0,0.5,0,0,0,0,0,0,0,0,0,0,0,0,0,0,0,0,0,0,0,0,0,0,0,0,0,0,0,0.5,0,0,0,0,0,0,0,0,0,0,0,0,0,0,0,0,0,0,0,0,0,0,0,0,0,0,0,0,0,0,0,0,0,0,0,0,0,0,0,0,0
"CS189",144.43347,-10.44697,3,2,0.5,0,2,0,3.5,0,0,0,0,0,0,0,0.5,0,0.5,0,0,0,0,0,0,0,0,0,0,0,0,0,0,0,0,0,1.5,0,0,0,0,0,0,0,0,0,0,0,0,0,0,0,0,0,0,0,0,0,0,2.5,0,0,0,0,0,0,0,0,0,0,0,0,0,0,0,0,0,0,0,3,0,0,0,0,0,0,0,0,0,0,0,0,0,0,0,0,0,0,0,0,0
"CS190",144.5215,-10.29918,3,0,0,0.5,0,0,0,7.5,0.5,0,0,2,0,0,0.5,0,3.5,0,0,0,0,0,0,0,0.5,0,0,0.5,0,0,0,0,0,0,0,0,0,0,1.5,0,0,0.5,0,0,0,0,0,0,0,0,0,0,0,0,0,0,0,23,0,0,0,0,0,0,0,0,0,0,0,0,0,0,0,0,0,0,1,0,0,0,0,0,0,0,0,0,0,0,0,0,0.5,0,0,0,2,0,0,0,0
"CS191",144.53391,-10.37448,3,0,1,0,0,0,4,0,0,0,0,1,0,0,1,1,1,0,0,0,0,1,0,1,0,0,0,0,0,0,2,2,0,0,2,0,0,0,0,0,0,0,1,0,0,0,0,0,0,0,1,0,0,0,0,0,0,0,0,0,0,0,0,0,0,0,0,0,0,0,0,0,0,0,0,0,0,0,0,0,0,0,0,0,0,0,0,0,0,0,0,0,0,0,1,0,0,0,0
"CS193",144.69198,-10.03875,3,0,0.5,0,1.5,1,6,0,0,0,0,0,0,0,0,0,0,0,0,0,0,0,0,0,0,0,0.5,0,0,0,0.5,0,0,0,0,0,0,0,0,0,0,0.5,3,0,0,0,0,0,0,0,0,0,0,0,0,0,0,0,0,0,0,0.5,0,0,0,0.5,0,0,0,0,0,0,0,0,0,0,0,0,0,0,0,0,0,0,0,0,0,0,0,0,0,0,0,0,0,0,0,0,0
"CS195",144.5954,-10.21767,3,1.5,0,0,2.005050505,0.505050505,0,0,0,0,0,5.51010101,0,0,0,0,3.005050505,0.5,0,0,0,0,0,0,0.5,0,1,0,0,0,0,0,0,0,0,0,0,0,0,0,0,0,0,0,0.5,0,0,0,0,0,0,1.01010101,0,0,0,0,7.06060606,4.5404040405,0,0,0,0,0,0,0,0,0,0,1,1.01010101,0,0.5,0,0,0.5,0,0,0,0,0,0,0,0,0,0,0,0,0,0,0,0,0,0,0,0,0,0,0,0
"CS197",144.58955,-10.22733,3,0,1,0,0.5,0.5,1,0,0,0,0,1,0,0,0.5,0,2.5,0,0.5,0,0,0.5,0,0,0.5,0,1.5,1,0,0,0.5,0,0,0,1,0,0,0.5,0,0,0,0,0,2.5,0,0.5,0,0,0,0,0,0,0,0,0,0,1,4,0,0,0,0.5,0.5,0,0,0,0,0,0,0,0,0,0,0,0,0,1.5,0,0,0,0,0,0,0,0,0,0,0,0,0,0,0,0,0,0,0,0,0,0
"CS198",144.58684,-10.23257,3,0,0.5,0,2.5,0.5,0.5,1,0,0,0,2.5,0,0,0,0,1.5,0,0.5,0,0,0.5,0,0,0.5,0,0,1,0,0,0,0,0,0,0.5,0,0,0,0.5,0,0,0,0,0,0,0,0,0,0,0,0,0.5,0,0,0,0,0.5,8.5,0,0,0,0.5,0,0,0.5,0,0,0,0,0,0,0,0,0,0,0,1,0,0,0,0,0,0,0,0,0,0,0,0,0,0,0,0,0,0,0,0,0,0
"CS2",152.21197,-19.28441,2,0,1.525458668,0,0,0,0,0,0,0,0,0,0,0,0,0,0,0,0,0,0,0,0,0,0,0,0.5102040815,0,0,0,0,0,0,0,0,0,0,0,0,0,0,0,0,0,0,0,0,0,0,0,0,0,0,0,0,0,1.0204081635,0,0,0,0,0,0,0,0,0,0,0,0,0,0,0,0,0,0,0,0,0,0,0,0,0,0,0,0,0,0,0,0,0,0,0,0,0,0,0,0,0,0
"CS20",155.53484,-23.24725,1,0,0,0,0,1.020408163,0,0,0,0,0,1.020408163,0,0,0,0,1.020408163,0,0,0,0,0,3.06122449,0,0,0,3.061224489,1.020408163,0,0,0,0,0,0,0,0,0,0,0,0,0,0,0,0,0,0,0,0,0,0,0,0,0,0,0,0,4.081632653,0,0,0,0,0,0,0,0,0,0,0,0,5.102040816,0,0,0,0,0,0,0,0,0,0,0,0,0,0,0,0,0,0,0,0,0,0,0,0,0,0,0,0,0
"CS200",144.45777,-10.11558,3,0,0.5,0.5,4,1,2,0,0,0,0,0,0,0.5,0,0,1,0,0,0,0,0.5,0,0,1.5,0,0,0,0,0,1,0,0,0,0,0,0,0,0,0,0,1,0,0,0,0,0,0,0,0,0,0,0,0.5,0,0,0,2,0,0,0,0,0,0,0,0,0,0,0,0,0,0,0,0,0,0,0.5,0,0,0,0,0,0,0,0,0,0,0,0,0,0,0,0,0,0,0,0,0,0
"CS204",144.68513,-10.10505,3,0,4.5,1,1,1.5,0.5,0,0,0,0,2,0,2.5,0,0,1.5,0,0,0,0,0,0,0,0,0,0,0,0,0,0,0,0,0,0,0,0,0,0,0,0,0.5,0,0,0,0,0,0,0,0,0,0,0,0,0,0,0,0,0,0,0,0,0,0,0,0,0,0,0,0,0,0,0,0.5,0,0,0.5,0,0,0,0,0,0,0,0,0,0,0,0,0,0,0,0,0,0,0,0,0,0
"CS208",144.6913,-9.98877,3,4.5,2.5,1,1.5,0,3,4,0,0,0,1.5,0,1,1.5,0,2.5,1.5,0,0,0,1.5,0,0,1.5,0,0,2,0,0,2.5,0,0,0,0,0,0,0,0,0,0,0,0.5,0,0,0,0,0,0,0,0,0.5,0,0,0,0,0,2,0,0,0,0,0,0,1,0,0,0,0,0,0,0.5,0,0,0,0,0.5,0,0,0,0,0,0,0,0,0,0,0,0,0,0,0,0,0,0,0,0,0,0
"CS209",144.694,-9.97456,3,0,0,0,0,0.5,1.5,1,0,0,0,0,0,0,6,0.5,2,0,0,0,10,0,0,0,0,0,1.5,0,0,0,0,0,0,0,0,0,0,0,0,0,0,0,0,0,0,0,0,0,0,0,0,0.5,0,0,0,0,0,0.5,0,0,0,1.5,0,0,0,0,0,0,0,0,0,0,0,0,0,0,0,0,0,0,0,0,0,0,0,0,0,0,0,0,0,0,0,0,0,0,0,0,0
"CS21",155.55157,-23.25288,1,2,0,0,0,0,0,2,0,0,2,0,0,0,0,0,0,0,0,0,0,0.5,0,0,0,0,0.5,0,3,0,0,0,0,0,20.5,0,0,0,0,0,0,0,0,0,0,0,0,0,0,0,0,0,0,0,0,0,0,0,0,0,0,0,0,0,0,0,0,0,0,0,0,0,0,0,0,0,0,0,0,0,0,0,0,0,0,0,0,0,0,0,0,0,0,0,0,0,0,0,0
"CS211",144.57626,-10.14414,3,0,6,0,0,1,0,0,0,0,0,1,0,0,0,0,2,0,0,0,0,0,0,0,3,0,1,1,0,0,0,0,0,0,0,0,0,0,1,0,0,0,3,0,0,0,0,0,0,0,0,1,0,0,0,0,1,18,0,0,0,0,0,0,0,0,0,0,0,0,0,0,0,0,0,0,0,0,0,0,0,0,0,0,0,0,0,0,0,0,0,0,0,0,0,0,0,0,0
"CS212",144.57013,-10.14587,3,0,2.105263158,2.105263158,5.263157895,3.157894737,1.052631579,0,0,0,0,0,0,0,0,0,0,0,2.105263158,0,0,0,0,0,0,0,1.052631579,1.052631579,0,0,0,0,3.157894737,0,0,0,0,0,0,0,0,0,4.210526316,0,3.157894737,0,0,0,0,0,0,0,0,0,0,0,1.052631579,0,0,0,0,0,1.052631579,0,0,0,0,0,0,0,0,0,0,0,0,0,0,0,0,0,0,0,0,0,0,0,0,0,0,0,0,0,0,0,0,0,0,0,0
"CS22",155.55458,-23.25491,1,0,1,0,0,0,0,0.5,0,0,0,1,0,0,0,0,0,0,0,0,0,0,0,0,0,0,1,0,0,0,1,0,0,0,0,0,1,0,0,0,0,0,0,0,0,0,0,0,0,0,0,0,0,0.5,0,0,2.5,11,0,0,0,0,0,0.5,0,0,0,0,0,0,0,0,0,0,0,0,0,0,0,0,0,0,0,0,0,0,0,0,0,0,0,0,0,0,0,0,0,0,0
"CS23",155.55701,-23.24037,1,0,2,0,0.5,1,0,0,0,0,0,2,0,0,0,0,0,0,0,0,0,0,1.5,0,0,0,1,0,0,0,0.5,0,0,0,0,0,0,0,0,0,0,0,0,0,0,0,0,0,0,0,0,0,0,0,0,0,1.5,11,0,0,0,0,0,0,0,0,0,0,0.5,5,0,0,0,0,0,0,0.5,0,0,0,0,0,0,0,0,0,0,0,0,0,0,0,0,0,0,0,0,0,0
"CS24",155.54233,-23.24474,1,0,7,0,0,0,0,0,0,0,0,0,0,0,0,0,1,0,1,0,0,0,0,0,0,0,1,0,2,0,2,0,0,0,0,0,0,0,0,0,0,0,0,0,0,0,0,0,0,0,0,0,0,0,0,0,5,3,0,0,0,0,0,0,0,0,0,0,0,0,0,0,0,0,0,0,0,0,0,0,0,0,0,0,0,0,0,0,0,0,0,0,0,0,0,0,0,0,0
"CS25",155.54893,-23.244,1,1,1,0,0,0,0,0,0,0,0,1,0,0,0.5,0.5,0,0,0,0,0,0,0,0,0,0,2,0,0,0,2.5,0,0,0,0,0,0,0,0,0,0,0,0,0,0,0,0,0,0,0,0,0,0,0,0,0,2.5,15.5,0,0,0,0,0,0,0,0,0,0,0,0.5,0,0,0,0,0,0,0,0.5,0.5,0,0,0,0,0,0,0,0,0,0,0,0,0,0,0,0,0,0,0,0
"CS3",152.22077,-19.28476,2,0,2,0,0.5,0,0.5,0,0,0,0,0,0,0,0,0,0.5263157895,0,0,0,0,0,0,0,0,0,2,0,0,0.5,0,0,0,0,0,0,0,0,0,0,0,0,0,0,0,0,0,0,0,0,0.5,0,0,0,0,0,0.5,0,0,0,0,0,0.5,0,0,0,0,0,0,0,0,0,0,0.5,0,0,0,0,0,0,0,0,0,0,0,0,0,0,0,0,0,0,0,0,0,0,0,0,0
"CS31",155.47404,-22.17677,1,0,0,0,0,0,0,0,1.5,0,0,0,0.5,0.5,0,0,0,0,0,0,0,0.5,0,0,0,0,0,0,0,0,0.5,0,0,0,0,0,0,0,0,0,0,0,0,0,0,0,0,0,0,0,0,0,0,0,0,0,1.5,2,0,0,0,0,0,2,0,0,0,0,0,0,0,0,0,0,0,0,0,0,0,0,0,0,0,0,0,0,0,0,0,0,0,0,0,0,0,0,0,0,0
"CS32",155.47695,-22.17306,1,0,0,0,0,0,0,0,0,0,0,0,0,0,0.5,0.5,0,0,0,0,0,0.5,0,0,0,0,0,0,0,0,0,0,0,0,0,0,0.5,0,0,0,0,0,0,0,0,1.5,0,0,0,0,0,0,0,0,0,0,1.5,0,0,0,0,0,0,0,0,0,0,0,0,0,0,0,0,0,0,0,0,0,0,0,0,0,0,0,0,0,0,0,0,0,0,0,0,0,0,0,0,0,0
"CS33",155.45378,-22.16356,1,7,2,0.5,0,1.5,0,0,0,0,0,7,0,0,0,0.5,1,0,0,0,0,2.5,6,0,2.5,0,3.5,0.5,0,0,1,0,0,0,0,0,0,0,0,0,0,0,0,0,0,0,0,2,0,0,0,0,0,0,0,0,0.5,8,0,0,0,0,0,0,0,0,0,0,0.5,9,0,0,0,0,0.5,0,0,1,1.5,1.5,0,0,0,0,0,0,0,0,0,0,0,0,0,0,0,0,0,0,0
"CS34",155.45462,-22.17084,1,0,0,0,0,0,0,0,0,0,0,1,0,0,0,0,3,0,0,0,0,1,0,0,0,0,1,0,0,0,0,0,0,0,0,0,0,0,0,0,0,0,0,0,0,0,0,0,0,0,0,0,0,0,0,0,0,7,0,0,0,0,0,0,1,0,0,0,0,0,0,0,0,0,0,0,0,0,0,0,0,0,0,0,0,0,0,0,0,0,0,0,0,0,0,0,0,0,0
"CS35",155.45081,-22.16866,1,4,0,0,1,0,0,0,0,0,0,0,0,0,0,0,1,0,0,0,0,0,0,0,0,0,1,0,0,0,1,0,0,0,0,0,0,0,0,0,0,0,0,0,0,0,0,0,0,0,0,0,0,0,0,0,2,25,0,0,0,0,0,0,0,0,0,0,0,0,0,0,0,0,0,0,0,0,0,0,0,0,0,0,0,0,0,0,0,0,0,0,0,0,0,0,0,0,0
"CS36",155.36165,-22.1854,1,1,1,0,1,0,0,0,0,0,0,3,1,0,0.5,0,2.5,0,0,0,0,0,1,0,1.5,0,2.5,0,0,0,3,0,0,0,0,0,0,0,0,0,0,0,0,0,0,0,0,0,0.5,0,0,0,0,0,0,0,4,1,0,0,0,0,0,0,0,2,0,0,0,0,0,0,0,1.5,0.5,0,0,0,4,0,0,0,0,0,0,0,0,0,0,0,0,0,0,0,0,0,0,0,0
"CS38",155.35576,-22.18586,1,0,1.052631579,0,0,1.052631579,0,0,0,0,0,0,0,0,0,0,1.052631579,0,0,0,0,1.052631579,0,0,0,0,0,0,0,0,5.263157895,0,0,0,0,0,0,0,0,0,0,0,0,0,0,1.052631579,0,0,0,0,0,0,0,0,0,0,2.105263158,2.105263158,0,0,0,0,2.105263158,3.157894737,0,2.105263158,0,0,1.052631579,0,0,0,0,0,0,0,0,0,0,0,0,0,0,0,0,0,0,0,0,0,0,0,0,0,0,0,0,0,0
"CS39",155.35547,-22.18985,1,0,0,0,0,0,0,1.5,1,0,0,0,0,0,0,0,0,0,0,0,0,0,0,0,0,0,0,0,0,0,0,0,0,0,6,0,0,0,0,0,0,0,0,0,0,0,0,0,0,0,0,0,0,0,0,0,0,5,0,0,0,0,0,1,0,0,0,0,0.5,0,0,0,0,0,0,0,0,0,0,0,0,0,0,0,0,0,0,0,0,0,0,0,0,0,0,0,0,0,0
"CS4",152.32594,-19.23026,2,0,0,0,3.444700461,0,0,0,0,0,1.612903226,0,0,0,0,0,0.476190476,0,2.0161290325,0,0,0,0,0,0,0,1.904761905,0,0,0.9523809525,0,0,0,0,0,0,0,0,0,0,0,0,0,0,0,0,0,0,0,0,0,0,0,0,0,0,0.4032258065,0,0,0,0,0,2.2350230415,0,0,0,0,0,0,0,0,0,0,0,0,0,0,0,0,0,0,0,0,0,0,0,0,0,0,0,0,0,0,0,0,0,0,0,0
"CS42",155.17601,-22.18602,1,0,0,0,0,0,0,0,0,0,0,0,0,0,0,0,0.5,0,0,0,0,0,0,0,0,0,0.5,0,0,0,0.5,0,0,0,0,0,0,0,0,0,0,0,0,0,0,1,0,0,0.5,0,0,1,0,0,0,0,4,3,0,0,0,0,0.5,0,0,0,0,0,0,0,0,0,0,0,0,0,0,0,0,0,0,0,0,0,0,0,0,0,0,0,0,0,0,0,0,0,0,0,0
"CS44",155.16463,-22.17629,1,1,5.5,0,1,0,0,0,0,0,0,2.5,0.5,0,0,0,1.5,0,0.5,0,0,0.5,2,0,0.5,0,5,0,0,0,0.5,0,0,0,0,0,0,0,0.5,0.5,0,0,0,0,0,0,0,0,0,0,0,0.5,0,0,0,0,17.5,2.5,0,0,0,0,0,0,0,0,0,0,0,4,0,0,0,0.5,0,0,0,0,0.5,0,0,0,0,0,0,0,0,0,0,0,0,0,0,0,0,0,0,0,0
"CS45",155.17796,-22.17583,1,1,1.5,0,1,0,0,0.5,0,0,0,1,0.5,0,0,0,1,0,2,0,0,0,0,0,0,0,0.5,0,0,0,0.5,0,0,0,0,0,0,0,0.5,0,0,0,0,0,0,0,0,0,0,0,0,0.5,0,0,0,0,6.5,17.5,0,0,0,0,0,0,0,0,0,0,0,1.5,0,0,0,0,0,0,0,0,0,0,0,0,0,0,0,0,0,0,0,0,0,0,0,0,0,0,0,0,0
"CS48",153.53757,-21.89729,3,0,1.5,3,0.5,1,0,0,0,0,0,0.5,0,0.5,0,0,0,0,0,0,0,0,0,0,1.5,0,1.5,0,0,0,0.5,0,0,0,0,0,0.5,0,0,0,0,0,0,0,0,0,2,0,0,0,0,0,0,0,0,0,6.5,0,0,0,0,0,1.5,0,0,0,0,0,0,0,0,0,0,2,0,0,0,0,0,0,0,0,0,0,0,0,0,0,0,0,0,0,0,0,0,0,0,0,0
"CS50",153.57968,-21.91736,3,0,0,0,0,0,1,0,0,0,0,0,0,0,2,0,0,0,0,0,0,0,0,0,0,0,0,0,0,0,0,0,0,0,0,0,0,0,0,0,0,0,0,0,0,0,2,0,0,0,0,0,0,0,0,0,0,0,0,0,0,0,0,0,0,0,0,0,0,0,0,0,0,0,0,0,0,0,0,0,0,0,0,0,0,0,0,0,0,0,0,0,0,0,0,0,0,0,0
"CS51",153.58669,-21.91631,3,0,1,0,0,0,0,0,0,0,0,0,0,0,0,0,0,0,0,0,0,0,0,0,0,0,2,0,0,0,4,0,0,0,0,0,0,0,0,0,0,0,0,0,0,0,0,0,0,0,0,0,0,0,0,0,3,0,0,0,0,0,0,0,0,0,0,0,0,0,0,0,0,4,0,0,0,0,7,0,0,0,0,0,0,0,0,0,0,0,0,0,0,0,0,0,0,0,0
"CS52",155.7542,-21.25707,1,2.884615385,5.76923077,0,0,0,0,0,0,0,0,1.923076923,0.961538462,0,0,0,0.961538462,0,0,0,0,0,0,0,0,0,1.923076924,0.961538462,0,0,0,0,1.923076923,0,0.961538462,0,0,0,0,0,0,0,0,0,0,0,0,0,0,0,0,0,0,4.807692308,0,0,0,0,0,0,0,0,0,0,0,0,0,0,0.961538462,0,0,0,0,0,0,0,0,0,0,0,0,0,0,0,0,0,0,0,0,0,0,0,0,0,0,0,0,0,0
"CS54",155.75829,-21.25066,1,0.5,8,2,0.5,0,0,0,0,0,0,1.5,2.5,1,0,2,1,0,0,0,0,0.5,0,1,0,0,0,0,0,0,3.5,0,0,3,0,0,0,0.5,0,0,0,0,0,0,0,0,0,0,0,0,0,0,0,0,0,0,0.5,0,0,0,0,0,0,0,0,0,0,0,0,0,0,0,0,0,0,0,0,0,0,0,6.5,0,0,0,0,0,0,0,0,0,0,0,0,0,0,0,0,0,0
"CS55",155.76086,-21.2535,1,0,0.5,0,0,1.5,0.5,0,0,0,0,0.5,1,0.5,0,0,0,0,0,0,0,0,0,0,0,0,1,0,0,0,4.5,0,0,0,0,0,0,0,0,0,0,0,0,0,0.5,0,0,0,0,0,0,0,0,0.5,0,0,0,0.5,0,0,0,0,0,0,0,0.5,0,0,0,0,0,0,0,0,0,0,0,0,0,0,0,0,0,0,0,0,0,0,0,0,0,0,0,0,0,0,0,0,0
"CS56",155.76361,-21.248,1,0,0,0,1.020408163,0,0,0,0,0,0,0.5102040815,0,0,0,0,0.5102040815,0,0,0,0,1.01010101,0,0,0,0,0,0,0,0.505050505,0,0.505050505,0,0,0,0,0,0,0,0,0,0,0,0,1.530612245,0,0,0,0,0,0,0,0,0,0,0,0,0,0,0,0,0,0,0.5102040815,0,0,0,0,0,0,0,0,0,0,0,0,0,0,0,0,0,0,0,0,0,0,0,0,0,0,0,0,0,0,0,0,0,0,0
"CS57",155.76497,-21.24541,1,0,0,0,0,1,0,0,0,0,0,5,4,0,0,0,0,0,0,0,0,0,0,0,0,0,2,0,0,0,1,1,0,0,0,0,0,0,0,0,0,0,0,0,0,0,0,0,0,0,1,0,0,0,0,0,0,0,0,0,0,1,1,0,0,0,0,0,0,0,0,0,0,0,1,0,0,0,0,0,0,0,0,0,0,0,0,0,0,0,0,0,0,0,0,0,0,0,0
"CS58",155.76575,-21.19993,1,0,3,0,0,0.5,0,0,0,0,0,0,1.5,0.5,0,0,0.5,0,0,0,0,0,0,0,0,0,1,0,0,0,3.5,0,0,0,0,0,0,0,0,0,0,0,0,0,0,0,0,0,0,0,0,0,0,0,0,0,0,9,0,0,0,0,0.5,0,0,0,0,0,0,0.5,0,0,0,0,0,0,0,0,0,0,1,0,0,0,0,0,0,0,0,0,0,0,0,0,0,0,0,0,0
"CS6",152.34184,-19.25796,2,0,0,0,0,0,0,0,0,0,7.0624034885,0,0,0,0,0,0,0,0,82.06013262,0,0,0,0,0.9174311925,0,0,0,0,0,0,0,0,0,0,0,0,0,0,0,0,0,0,0,0,0,0,0,0,0,0,0,0,0,0,0,0,0,0,0,0,0,0,0,0,0,0,0,0,0,0,0,0,0,0,0,0,0,0,0,0,0,0,0,0,0,0,0,0,0,0,0,0,0,0,0,0,0,0
"CS60",155.77281,-21.20282,1,0,0,0,0,1,0,0,0,0,0,0,0,0.5,0,0,0,0,0,0,0,0,0,0,0,0,0,0,0,0,0,0,0,0,0,0,0,0.5,0,0.5,0,0,0,0,0,0,0,0,0,0,0,0,0,0,0,0,0,7,0,0,0,0,0.5,0,0,0,0,0,0,0,0,0,0,0,0,0,0,0,0,0,0,0,0,0,0,0,0,0,0,0,0,0,0,0,0,0,0,0,0
"CS61",155.76982,-21.20865,1,0,1,1,0,1,0,0,0,0,0,0,0,0,0,0,0,0,0,0,0,0,0,0,0,0,0,0,0,0,1,0,0,0,0,0,0,0,0,0,0,0,0,0,0,0,0,0,0,0,1,0,0,0,0,0,7,5,0,0,0,0,0,0,0,0,1,0,0,0,0,0,0,0,0,0,0,0,0,0,0,0,0,0,0,0,0,0,0,0,0,0,0,0,0,0,0,0,0
"CS63",154.3944,-21.0003,2,0,1,0,0,0,0,0,0,0,0,0,0,0,0,1,1,0,0,0,0,1,0,0,0,0,1,0,0,0,0,0,0,0,0,0,1,0,0,0,0,0,0,0,0,1,0,0,0,0,3,0,0,0,0,0,1,0,0,0,0,0,0,0,0,0,0,0,0,0,0,0,0,0,0,0,0,0,0,0,0,0,0,0,0,0,0,0,0,0,0,0,0,0,0,0,0,0,0
"CS64",154.39374,-20.99787,2,0,2.5,0,0.5,0,0,0,0,0,0,0.5,0,0.5,0,0.5,0.5,0,0,0,0,0,0,0,0,0,0.5,0.5,0,0,0,0,0,0,0,0,0,0,0,0,0,0,0,0,0,0,0,0,0,0,0.5,0,0,0,0,0,0.5,0.5,0,0,0,0,0.5,0,0,0,0,0,0,0,0,0,0,0,0,0,0,0,0,0,0,0,0,0,0,0,0,0,0,0,0,0,0,0,0,0,0,0,0
"CS65",154.39197,-21.0065,2,0,1,0,0.5,0.5,0,0,0,0,0,0,0.5,0.5,0.5,0,0,0,0,0,0,0,0,0,0,0,2,0,0,0,1,0,0,0,0,0,0,0.5,0,0,0,0,0,0,0,0,0,0,0,0,0,0,0,0.5,0,0,0,0,0,0,0,0,0,0,0,0,0,0,0,0,0,0,0,0,0,0,0,0,0,0,0,0,0,0,0,0,0,0,0,0,0,0,0,0,0,0,0,0,0
"CS7",152.38809,-19.1254,2,0,0,0,0,0.387596899,0,0,0,0,1.1283376395,0.387596899,0,0,0,0,0,0,0,0,0,0,0,0,1.1283376395,0,0,0,0,0,0,0,0,0,0,0,0,0,0,0,0,0,0,0,0,0,0,0,0,0,0,0,0,0,0,0,0,0,0,0,0,0,0,0,0.387596899,0,0,0,0,0,0,0,0,0,0.387596899,0,0,0,0,0,0,0,0,0,0,0,0,0,0,0,0,0,0,0,0,0,0,0,0
"CS72",154.37269,-21.02036,2,0,0,0,0,0,0,0,0,0,0,0,0,0,0,0,0,0,0,0,0,3,0,0,0,0,0,0,0,0,0,0,0,0,0,0,0,0,0,0,0,0,0,0,0,0,0,0,0,0,0,0,0,0,0,0,0,0,0,0,0,0,0,0,0,0,0,0,0,0,0,0,0,0,0,0,0,0,0,0,0,0,0,0,0,0,0,0,0,0,0,0,0,0,0,0,0,0,0
"CS73",154.39572,-20.93697,2,0.5,1.5,0,0,4.5,0,0,0,0,0,0,0,0.5,0,0,0.5,0,0,0,0,0,0,0,0.5,0,1.5,0,0,0,0.5,0,0,0,0,0,0,0,0,0,0,0,0,0,0,0,0,0,0,0,0.5,0,0,0,0,0,0.5,11.5,0,0,0,0,0,0,0,0,0,0,0,0,0,0,0,0.5,0,0,0,0,0.5,0,0,0,0,0,0,0,0,0,0,0,0,0,0,0,0,0,0,0,0
"CS74",154.39723,-20.93624,2,2.5,2,0.5,0,1.5,0.5,1,1,0,0,1,0,0,0,0,0,0,0,0,0,0,0,0,0.5,0,0,0,0,0,0.5,1,0.5,0,0,0,0,0,0,0,0,0,0,0,0,0,0,0,0,0,0,0,0,0,0,0,0.5,4,0,0,0,0,0,0,0,0,0,0,0.5,0,0,0,0,0,0,0,0,0,0,0,0,0,0,0,0,0,0,0,0,0,0,0,0,0,0,0,0,0,0
"CS8",152.38714,-19.09532,2,0,0,0,0,0.4545454545,0,0,0,0,0.3125,0,0,0,0,0,0,0,0,0,0,0,0,0,0,0,0,0,0,0.909090909,0,0.4545454545,0,0,0,0,0,0,0,0,0,0,0,0,0,0,0,0,0,0,0,0,0,0,0,0,0,0,0,0,0,0,0,0,0,0,0,0,0,0,0,0,0,0,0,0,0,0,0,0,0,0,0,0,0,0,0,0,0,0,0,0,0,0,0,0,0,0,0
"CS9",149.20002,-16.92194,2,0,1,0,0.5,0,0,0,0,0,0,0,0,0.5,0,0,0,0,0,0,0,0,0,0,0,0,0.5,0,0,0,0,0,0,0,0,0,0,0,0,0,0,0,0,0,0,0,0,0,0,0,0,0,0,0,0,0,0.5,0,0,0,0,1,0.5,0,0,0.5,0,0,0,0,0,0,0,1.5,0,0,0,0,0,0,0,0,0,0,0,0,0,0,0,0,0,0,0,0,0,0,0,0,0
"GBR146",148.92328,-20.06494,3,0,1.5,0.5,1.5,0,0.5,0,3.5,2,0,2.5,1.5,0,0.5,0,0,0,0,0,0,0,0,0,0,0,2,1,0,0,0,0,0,0,0,0,0,0,0,0,0,0.5,2.5,0,0,0,0,0,0,0,0,0,0,0,0,0,0,0,0,0,0,0,0,0,0,0,0,0,0,0,0,0,0,0,0,0,0,0,0,0,0,0,0,0,0,0,0,0,0,0,0,0,0,0,0,0,0,0,0
"GBR148",148.88061,-20.04033,3,1,3,0,0,0,4,0,0,0,0,0,12,0,0,0,0,0,0,0,0,0,0,0,0,0,3,0,0,1,1,1,0,0,0,0,4,0,1,1,1,0,0,0,0,0,0,0,0,0,0,0,0,0,0,0,0,0,0,0,0,0,0,0,0,0,0,0,0,0,0,0,0,0,0,0,0,0,0,0,0,0,0,0,0,0,0,0,0,0,0,0,0,0,0,0,0,0,0
"GBR16",151.77309,-23.24659,3,0.5,3.5,2,0.5,1,5,1.5,1,0,0,1,0,0,0,0,1,0,0.5,0,0,1,0,0,0,0,0.5,0,0,0,0,0,0,0,0,1,0,0,0,0,0,2,0,0,0,0.5,0,0,0,0,0,0,0,0.5,0,0,0,6.5,0,0,0,0.5,0,0.5,1.5,0,0,0,0.5,1.5,0,0.5,0,0,0,0,0,0,0,0,0,1,0,0,0,0,0,0,0,0,0,0,0,0,0,0,0,0,0
"GBR160",147.7231,-18.66173,3,0,0,0,1,0,1,0,0,0,0,0.5,0,0,0,0,0,0,0,0,0,0,0,0,0,0,1,0,0,0.5,0,0,0,0,0,0,0,0,0,0,0,0,0,0,0,0,0,0,0,0,0,0,0,0,0,0,0,0,0.5,0,0,0,0,0,0,0,0,0,0,0,0,0,0,0,0,0,0,0,0,0,0,0,0,0,0,0,0,0,0,0,0,0,0,0,0,0,0,0,0
"GBR161",147.70284,-18.66084,3,0,0,0,1,2,0,0,0,0,0,0,0,0,1,0,0.5,0,1,0,0,0,0,0,0,0,1,0,0,0,0,0,0,0.5,0,0,0,0,0,0,0,0,0,0,0,0,0,0,0,0,0,0,0,0,0,0,1,0.5,0,0,0,0,0,0,0,0,0,0,0,0,0,0,0,0,0,0,0,0,0,0,0,0,0,0,0,0,0,0,0,0,0,0,0,0,0,0,0,0,0
"GBR17",151.77568,-23.24371,3,0,1,0,1,2,0,0,0,0,0,2,0,0,0,0,0,0,0,0,0,0,1,0,0,0,1,0,0,0,0,0,0,0,0,0,0,0,0,0,0,3,0,0,0,0,0,0,0,0,0,0,0,0,0,0,0,0,0,0,0,0,0,0,0,0,0,0,2,0,0,0,0,0,0,0,0,0,0,0,0,0,0,0,0,0,0,0,0,0,0,0,0,0,0,0,0,0,0
"GBR2",152.41618,-23.89878,4,0,2,0,0.5,0,0.5,0,0,0,0,0,0,2.5,0,0,0,0,0,0,0,0.5,0,1,0,0,2,0,0,0,0,4,0,0,0,0,7,0,0,0,0,0,0,0,0,0,0,0,0,0,0,0,0,0,0,0,0,0,0,0,0,0.5,0,0,0,0,0,0,0,0,0,0,0,1,0,0,0,0,0,0,0,0,0,0,0,0,0,0,0,0,0,0,0,0,0,0,0,0,0
"GBR213",145.99349,-16.52825,3,1.020408163,2.040816326,3.06122449,2.040816326,10.204081632,2.040816327,0,0,0,0,0,0,0,0,0,0,0,0,0,0,0,0,0,0,0,0,0,0,0,0,0,0,0,0,0,0,0,0,0,0,0,0,0,0,0,0,0,0,0,0,0,0,0,0,0,0,0,0,0,0,0,0,0,0,0,0,0,0,0,0,0,0,0,0,0,0,0,0,0,0,0,0,0,0,0,0,0,0,0,0,0,0,0,0,0,0,0,0
"GBR217",145.8291,-15.9758,3,0,0,0,0,0,0,34,2,0,0,0,0,0,0,0,0,0,0,0,0,0,0,0,0,0,0,0,0,0,0,0,0,0,0,0,0,0,0,0,0,0,0,0,0,0,0,0,0,0,0,0,0,0,0,0,0,0,0,0,0,0,0,0,0,0,0,0,0,0,0,0,0,0,0,0,0,0,0,0,0,0,0,0,0,0,0,0,0,0,0,0,0,0,0,0,0,0,0
"GBR218",145.81968,-15.96846,3,4.04040404,1.01010101,0,0,4.04040404,15.15151515,5.050505051,0,4.04040404,1.01010101,1.01010101,2.02020202,1.01010101,3.03030303,1.01010101,1.01010101,0,0,0,0,0,0,0,0,0,0,0,0,0,0,0,0,0,0,0,0,0,0,0,0,0,0,0,0,0,0,0,0,0,0,0,0,0,0,0,0,0,0,0,0,0,0,0,0,0,0,0,0,0,0,0,0,0,0,0,0,0,0,0,0,0,0,0,0,0,0,0,0,0,0,0,0,0,0,0,0,0,0
"GBR223",145.46565,-14.68717,3,0,0,0,0,0,0,0,0,0,0,0,0,0,0,1,0,0,0,0,0,0,0,0,0,5,0,0,0,0,0,0,0,0,0,0,12,0,0,0,0,0,0,0,0,0,0,0,0,0,0,0,0,0,0,0,0,0,0,0,0,0,0,0,0,0,0,0,0,0,0,0,0,0,0,0,0,0,0,0,0,0,0,0,0,0,0,0,0,0,0,0,0,0,0,0,0,0,0
"GBR224",145.44327,-14.68708,3,0,0,0,2,0,6,0,0,0,0,3,0,0,0,1,0,0,3,0,0,0,0,0,0,0,2,2,0,0,0,0,0,0,0,0,0,0,0,0,0,0,0,0,0,0,0,0,0,0,0,0,0,0,0,0,0,0,0,0,0,0,0,0,0,0,0,0,0,0,0,0,0,0,0,0,0,0,0,0,0,0,0,0,0,0,0,0,0,0,0,0,0,0,0,0,0,0,0
"GBR228",145.45076,-14.65706,3,0.25,0.25,0.75,0.75,0,1.75,0,0.5,0,0,0.5,0,0,0,0,0,0.25,0.25,1,0.25,0.25,0.25,0.25,0.5,0.5,0.25,0,0,0,0,0,0,0,0,0,0,0,0,0,0,0,0,0,0,0,0,0,0,0,0,0,0,0,0,0,0,0,0,0,0,0,0,0,0,0,0,0,0,0,0,0,0,0,0,0,0,0,0,0,0,0,0,0,0,0,0,0,0,0,0,0,0,0,0,0,0,0,0
"GBR231",145.44851,-14.65101,3,0,1,0.5,0,0,0,0,0,0,0,0,0,0,0,0,0,0,0,0,0,0,0,0,0,0,0.5,0,0,0,0,0,0,0,0,0,0,0,0,0,0,0,0,0,0,0,0.5,0,0,0,0,0,0,0,0,0,0,0,0,0,0,0,0,0,0,0,0,0,0,0,0,0,0,0,0,0,0,0,0,0,0,0,0,0,0,0,0,0,0,0,0,0,0,0,0,0,0,0,0
"GBR232",145.45386,-14.6461,3,0,1,0,0,1,0,0,1,0,0,2,0,0,1,0,0,0,0,0,0,0,0,0,0.5,0,0,0.5,0.5,1,0.5,0.5,1,0.5,0,0,0,0,0,0,0,0,0,0,0,0,0,0,0,0,0,0,0,0,0,0,0,0,0,0,0,0,0,0,0,0,0,0,0,0,0,0,0,0,0,0,0,0,0,0,0,0,0,0,0,0,0,0,0,0,0,0,0,0,0,0,0,0,0
"GBR234",145.45471,-14.64524,3,1,3,0,0,0,0,0,0,0,0,5,0,0,1,0,0,0,0,0,0,0,0,0,0,1,2,0,0,0,0,0,0,0,1,1,0,0,0,0,0,0,0,0,0,0,0,0,0,0,0,0,0,0,0,0,0,0,0,0,0,0,0,0,0,0,0,0,0,0,0,0,0,0,0,0,0,0,0,0,0,0,0,0,0,0,0,0,0,0,0,0,0,0,0,0,0,0,0
"GBR237",143.37201,-12.40092,5,0.5,1,0,0.5,0,0,0,0,0,0,2,1,0,0,0,1,0,0,0,0,0,0,0.5,0,2.5,0,0,0,0,1,0,0,0,0,0,0,0,0,0,0,0,1.5,0,0,0,0,0.5,0,0,0,0,0,0,0,0,0,0,0,0,0,0,0,0,0,0,0,0,0,0,0,0,0,0,0,0,2,0,0,0,0,0,0,0,0,0,0,0,0,0,0,0,0,0,0,0,0,0,0
"GBR24",149.13292,-19.81261,3,0,0,0,0,0,1,0,0,0,0,1,0,0,1,0,0,0,1,0,0,0,0,0,0,0,0,0,0,0,0,0,0,0,0,0,0,0,0,0,0,0,0,0,0,0,0,0,0,0,0,0,0,0,0,0,0,0,0,0,0,0,0,0,0,0,0,0,0,0,0,0,0,0,0,0,0,0,0,0,0,0,0,0,0,0,0,0,0,0,0,0,0,0,0,0,0,0,0
"GBR243",151.75731,-23.53652,4,0,0.5,1,2.5,0.5,0,0.5,0,0,0,0.5,0,0,0.5,0,0,0,0,0,0,0,0.5,0,0,0,1,1,0,0,0,0,0,0,0,0,0,0,0,0,0,0,0,0,0,0,0,0,0,0,0.5,0,0,0,0,0,0,0,0,0.5,0,0,0,0.5,0,1,0,0,0,0,0,0,0,0,0,0,0,0,0,0,0,0,0,0,0,0,0,0,0,0,0,0,0,0,0,0,0,0,0
"GBR248",151.7747,-23.49835,3,0,1.5,0,4.5,3,0.5,0,0,0,0,0,0,0,0,0,1,0,0,0,0,0,0,0,0,0,8.5,0,0,0.5,0,0,0,0,0,0,0,0,0,0,0,0,0,0,0,0,0,0,0,0,0,0,0,0,0,0,0,0,0,0,0,0,0,0,0,0,0,0,0,0,0,0,0,0,0,0,0,0,0,0,0,0,0,0,0,0,0,0,0,0,0,0,0,0,0,0,0,0.5,0
"GBR25",149.13617,-19.81349,3,0,2,0,2,0,0,0,0,0,0,5,0,0,0,0,0,0,0,0,0,0,0,0,0,0,0,0,0,0,0,0,0,0,0,0,0,0,0,0,0,0,0,0,0,0,0,3,2,0,0,0,0,0,0,0,0,0,0,0,0,1,0,2,4,0,0,0,0,0,0,0,0,1,0,0,0,0,0,0,0,0,0,0,0,0,0,0,0,0,0,0,0,0,0,0,0,0,0
"GBR250",151.94545,-23.25245,4,1,0,0,0.5,0.5,0,0,0,0,0,11,0.5,0,0,0,0,0,0,0,0,0,1,0,0,0,1,8,0,0,0.5,0,0,0,0,0,0,0,0,0,0,0,0,0,0,0,0,14.5,0,6,0.5,0,0,0,0,0,0,0,0,0,0,0,0,0,4.5,0,9.5,0,0,0.5,0,0,0,0,0,0,0,0,0,0,0,0,0,0,0,0,0,0,0,0,0,0,0,0,0,0,0,0,0
"GBR253",150.93748,-23.1957,3,1.01010101,0,0,0,0,0,8.080808081,0,0,0,0,0,0,0,0,0,0,0,0,0,0,0,0,0,0,0,1.01010101,0,0,0,0,0,0,0,0,0,1.01010101,0,0,0,0,0,0,0,0,0,0,0,0,0,0,0,0,0,0,0,0,0,0,0,0,0,0,0,0,0,0,0,0,0,0,0,0,0,0,0,0,0,0,0,0,0,0,0,0,0,0,0,0,0,0,0,0,0,0,0,0,0
"GBR255",150.9803,-23.18769,3,0,0,1,2,0,0,9.5,0,0,0,13,0,0,0,0,0,0,0,0,0,1,0,0,0,0,0,0.5,0,0,0,0,0,0,0,0,0,0,0,0,0,0,0,0,0,0,0,0,0,0,0,0,0,0,0,0,0,0,0,0,0,0,0,0,0,0,0,0,0,0,0,0,0,0,0,0,0,0,0,0,0,0,0,0,0,0,0,0,0,0,0,0,0,0,0,0,0,0,0
"GBR257",151.91543,-23.1778,3,0.5,1.5,0,0.5,1.5,0,0,0,0,0,17,0,0.5,0,0,2,0,0,0.5,0,0,2,0,0,0,0.5,3,0,0,0,1,0,0,0,0,0,0,0,0,0,0,0,0,0,0,0,17.5,1,0,0,0,0,0,0,0,0,2.5,0.5,0,0,0,0,2,3,0,10,0,0.5,0,0,0,0,0.5,1,0,0,0,0,0,0,0,0,0,0,0,0,0,0,0,0,0,0,0,0,0,0,0,0
"GBR265",152.5451,-22.37484,3,0,0.5,0,2,0.5,1.5,1.5,0,0,0,5,0,1.5,0,0,0.5,0,0,0,0,0.5,0.5,0,2.5,0,1.5,0,0,0,0,0,0,0,0,0.5,0,0,0.5,0,0,0,0,0,0,0,0,0,0,0,0,0,0,0,0,0,0.5,0,0,0,0,0,0,0,0,0,0,0,0,0,0,0,0,0,0.5,0,0,0,0,0,0,0,0,0,0,0,0,0,0,0,0,0,0,0,0,0,0,0,0
"GBR3",152.39361,-23.89929,4,5.5,0.5,0,0,1,0,12.5,10.5,0,0,0,0,0,0,0,0,0,0,0,5.5,0,0,0,0,0,0,2,0,0,0,0.5,1,0,0,0,0,0,0,0,0,0,0,0,0,0,0,0,0,0,0,0,0,0,0,0,0,0,0,0,0,0,0,0,0,0,0,0,0,0,0,3.5,0,0,0,0,0,0,0,0,0,7,0,0,0,0,0,0,0,0,0,0,0,0,0,0,0,0,0
"GBR39",145.6632,-14.66452,3,0,0,0,0,0.5,1,0,0,0,0,0,0,0,0,0,0,0,0,0,0,0,0,0,0,0,0,0,0,0.5,0,0.5,0,0,0,0,0,0,0,0,0.5,0,0,0,0,0,0,0,0,0,0,0,0,0,0,0,0,0,0,0,0,0,0,0,0,0,0,0,0,0,0,0,0,0,0,0,0,0,0,0,0,0,0,0,0,0,0,0,0,0,0,0,0,0,0,0,0,0,0
"GBR41",144.50067,-13.97733,3,0.5102040815,1.020408163,0.5102040815,0,4.591836735,3.5714285715,0,0,0,0,3.5714285715,0,0,0.5102040815,0,1.530612245,0,0,0,0,0.5102040815,0,0,0,0,1.020408163,0,0,0,0,0,0.5102040815,0,0,0,0,0,0,0.5102040815,0,0,0,0,0,0,0,0,0,0,0,0,0,0,0,0,0,1.0204081635,0,0,0,0,0.5102040815,1.0204081635,0,0,0,0,0,0,0,0,0,0,0,0,0,0,0,0,0,0,0,0,0,0,0,0,0,0,0,0,0,0,0.5102040815,0,0,0,0
"GBR45",143.40371,-12.28595,5,0,0,0,1,0,1,0,0,0,0,0,0,0,0,0,0,0,1,0,0,5,0,0,0,0,1,0,0,0,0,0,0,1,0,0,16,0,0,0,0,0,0,0,0,0,0,0,0,0,0,0,0,0,0,0,0,0,0,0,0,0,0,0,0,0,0,0,0,0,0,0,0,0,0,0,0,0,0,0,0,0,0,0,0,0,0,0,0,0,0,0,0,0,0,0,0,0,0
"GBR46",143.41092,-12.28241,5,0,1,0,1,0.5,1,2,0,0,0,0,0,0,0,0,0.5,0,0,0,0,0.5,0,0,0,0,0,0,0.5,0,0,0,0,0,0,0,11,0.5,0,0,0,1,0,0,0,0,0,0,1,0,0,0,0,0,0,1,0,0.5,0,0,0,0,0,0,0,0,0,0,0,0,0,0.5,0,0,0,0,0,0,0,0,0,0,0,0,0,0,0,0,0,0,0,0,0,0,0,1,0,0,0
"GBR47",143.40709,-12.28121,5,17,0,3,0,0,1,3,0,0,0,0,0,0,0,0,0,0,0,0,0,2,0,0,0,0,1,4,0,1,0,0,0,0,0,0,0,0,0,0,0,0,0,6,0,0,0,0,0,0,0,0,0,0,0,0,0,0,0,0,0,0,0,0,0,0,0,0,0,0,0,0,0,0,0,0,0,0,0,0,0,0,0,0,0,0,0,0,0,0,0,0,0,0,0,0,0,0,0
"GBR48",143.40302,-12.28091,5,0,0.5,1.5,0,0,0,0,0,0,0,0,0,0,0,0,0,0,0,0,0,0.5,0,0,0,0,0.5,0,0,0,0,0,0,0,0,0.5,16,0,0,0,0,0,0,0,0,0,0,0,0,0,0,0,0,0,0,0,0,0,0,0,0,0,0,0,0,0,0,0,0,0,0,0,0,0,0,0,0,0,0,0,0,0,0,0,0,0,0,0,0,0,0,0,0,0,0,10.5,2,0,0
"GBR49",143.40232,-12.29055,5,0,0,0,0.5,0,3,0,0,0,0,0,0,0,0,0,0,0,0.5,0,0,0,0,0,0,0,2,0,0,0,0,0,0,0,0,0,20,0,0,0,0,0.5,0,0,0,0,0,0,0,0,0,0,0,0,0,0,0,0,0,0,0,0,0,0,0,0,0,0,0,0,0,0,0,0,0,0,0,0,0,0,0,0,0,0,0,0,0,0,0,0,0,0,0,0,0,1,0,0,0
"GBR53",143.65005,-11.76571,3,0,1,5,0,0,5.5,3.5,0.5,0,0,0,0,0,1,0,0,0,0,0,0,4,0,0,0,0,0.5,2,0,0,0,0,0,0,4.5,0,1,0,0,0,0,0,1.5,3,0,0,0,1,0,0,0,2.5,0,0,0,0,0,0,0,0,0,0,0,0,0,0,0,0,0,0,0,0,0,0,0,0,0,0,0,0,0,0,0,0,0,0,0,0.5,0,0,0,0,0,0,0,5.5,0,0,6.5
"GBR54",143.64859,-12.16237,3,0,1.5,2.52020202,0.505050505,0,12.565656565,1,0.5,0,0,1.01010101,0,0,0.505050505,0,0,0,0,11.5303030305,0,0.505050505,0,0,0,0,2.515151515,0.5,0,0,0,0.5,0,0,0.505050505,0,3.0303030305,0,0,0,0,1.005050505,0,0,0.5,0,0,0,1.5,0,0,1.51010101,0,0,0,0,0.505050505,0,0,0,0,0,0.5,0,0.505050505,0,0,0,0,0,0,0,0,0,0,0,0,0,0,0,0,0,0,0,0,0,0,0,0,0,0,0,0,0,0,4.0252525255,0,0,0
"GBR55",143.76197,-12.38375,3,0,0,0,0.5154639175,0,1.515151515,0,2.566906175,1.5255649275,0,0,2.06185567,0,0,0,2.0306154325,0,0,0,0,0,0,0,0,0,1.01010101,0,0,0,0.5154639175,0,0,0,0,0,4.08205769,0,0,0,0,0,0,1.0205144225,0,1.5255649275,0,0,0,0,0,0,0,0,0,0,0,3.051129855,0,0,0,0,0,0,0,0,0,0,0,0,0,0,0,0,0,0,0,0,0,0,0,0,0,0,0,0,0,0,0,0,0,0,0,0,0,0.5154639175,0,0,0
"GBR56",143.75672,-12.38175,3,0,0,0,0.5,0.5,1,0.5,0.5,0,0,1.5,0,0,0.5,0,0,0,0,0,0,0.5,0,0,2,0,0,0,0,0,0,0,0,0,0.5,0.5,0,0,2.5,0,0,0,0,0,0,0,0,0.5,0,0,0,0,0,0,0,0,0,1.5,0,0,0,0,0,0,0,0,0,0,0,0,0,0,0,0,0.5,0,0,0,0,0,0,0,0,0,0,0,0,0,0,0,0,0,0,0,0,0,0,0,0
"GBR57",143.772,-12.38391,3,0,0,0,1,1,0,0,0,0,0,1,0,0,0,0,0,0,0,0,0,0,0,0,0,1,2,0,0,0,0,0,0,0,0,0,2,0,0,0,0,0,0,0,0,0,0,0,0,0,0,0,0,0,0,0,0,0,0,0,0,0,0,0,0,0,0,0,0,0,0,0,0,0,0,0,0,0,0,0,0,0,0,0,0,0,0,0,0,0,0,0,0,0,0,0,0,0,0
"GBR58",143.58327,-12.62531,3,0,1.5,0,1,0.5,0,0,1,0,0,2.5,0,0,1,0,0.5,0.5,0,0,0,0,0,0,0,4,0.5,0.5,0,0,0.5,0,0,0,0,0,0,0,0,0,0,0,0,0,0,0,0,0,0.5,0,0,0.5,0,0,0,0,0,3,0,0,0,1,0,0,0.5,0.5,1,0,0,0,0,0,0,0,0,0,0,0,0,0,0,0,0,0,0,0,0,0,0,0,0,0,0,0,0,0,0,0,0
"GBR59",143.8151,-12.87385,3,0,1,0,0,1.5,0,1,0.5,0.5,0,1.5,0,0,1,0,1,0,0,0,0,0,0,0,0.5,1,1.5,1,0,0,1,0.5,0,0,0.5,0,0,0.5,0,0,0,0,0.5,0,0,0,0,0.5,0,0,0,0,0,0,0,0,0,0,0,0,0,0,0,0,0,0,0,0,1,0,0,0,0,0,0,0,0.5,0,0,0,0,0,0,0,0,0,0,0,0,0,0,0,0,0,0,0,0,0,0
"GBR60",143.82034,-12.87695,3,0.5,0,0,1,0.5,0,1.5,0,0,0,2,1,0,1,0,0,0,0,0,0,0,0,0,0,0,0,0,0,0,0,0,0,0,1.5,0,0,0,0.5,0,0,0,0,0,0,0.5,0,0,0,0,0,0.5,0,0,0,0,0,1.5,0,0,0,0.5,0,0.5,0,0,0.5,0,0.5,0,0,0,0,0,0,0,0,0,0,0,0,0,0,0,0,0,0,0,0,0,0,0,0,0,0,0,0,0,0
"GBR62",144.28213,-13.8185,3,0,1,0.5,0,0,5.5,0,0,0.5,0,0.5,2.5,0.5,0,0,0.5,0,0,0,0,0.5,0,0,0,0,0,0,0,0,1,0,0,0,0.5,0,2,0,0,0,0,0,0,0,0,0,0,0,0,0,0,0,0,0,0,0,0,0,0,0,0,1,0,0,0,0,0,0,0,0,0,0,0,0,0,0,0.5,0,0,0,0,0,0,0,0,0,0,0,0,0,0,0,0,0,0,0,0,0,0
"GBR63",144.68397,-13.99527,3,0,0,0,0,0,1,0,0,0,0,0,0.5,0,0,0,0,0,0,0,0,0,0,0,0,0,0,0,0,0,0,0.5,0,0,0,0,0,0,0,0,0,0,0,0,0,0,0,0,0,0,0,0,0,0,0,0,0,0,0,0,0,0,0,0,0,0,0,0,0,0,0,0,0,0,0,0,0,0,0,0,0,0,0,0,0,0,0,0,0,0,0,0,0,0,0,0,0,0,0
"GBR64",144.67643,-13.98947,3,0,1.030927835,0,0,2.0460761625,1.030927835,0,0.5154639175,0,0,1.030927835,0,0,2.566799916,0,0,0,0,0,0,0,0,0,1.0204081635,0,0,0,0,0,1.0204081635,0,0.5102040815,0,0,0,0,0,0,0,0,0,0.5154639175,0,0,0,0,0,0,0,0,0,0,0,0,0,0,0.5154639175,0,0,0,0,0,0,0,0,0,0,0,0,0,0,0,0,0.5102040815,0,0.5102040815,0,0,0,0,0,0,0,0,0,0,0,0,0,0,0,0,0,0,0,0,0,0
"GBR65",144.71335,-14.0108,3,0.5208333335,1.0416666665,0,0,1.0416666665,1.0208333335,0,0,0,0,0.5208333335,0.5208333335,0,1.0208333335,0,0.5208333335,0,0,0,0,0,0,0,0,0,2.6041666665,0,0,0,3.0208333335,0,0,0,0,0,0,0,0,0,0,0,0,0,0,0,0,0,0,0,0,0,0,0,0,0,0,0,0,0,0,1.0416666665,0,0,0,0.5208333335,0,0,0,0,0,0,0,0,0,0,0.5,0,0,0,0,0,0,0,0,0,0,0,0,0,0,0,0,0,0.5208333335,0,0,0,0
"GBR67",145.5309,-14.51742,3,0,1,0,0,0,0,0,0,0,0,0,0,0,0,0,0.5,0,0,0,0,0,0,0,0,0,0,0,0,0,0,0.5,0,0,0,0,0,0,0,0,0,0,0,0,0,0,0,0,0,0,0,0,0,0,0,0,0,0,0,0,0,0,0,0,0,0,0,0,0,0,0,0,0,0,0,0,0,0,0,0,0,0,0,0,0,0,0,0,0,0,0,0,0,0,0,0,0,0,0
"GBR70",145.571,-16.3835,3,0,0,1.552631579,0.5,0,1,0,0,0,1.052631579,0,0,0,0,0,0,0,0,0,0,0,0,0,0,0,0,0,0,0,0,0,0,3.157894737,1.5,0,0,0.5263157895,0,0,0,0,0,0,0,0,0,0,0,0,0,0,0,0,0,1.552631579,0,0,0,0,0,0,0,0,0,0,0,0,0,0,0,0,0,0,0,0,0,0,0,0,0,0,0,0,0,0,0,0,0,0,0,0,0,0,0,0,0,0,0
"NMP-BF1",114.17564,-21.83921,3,0,0,0,0,0,0,0,0,0,0,0,0,0,0,0,0,0,0,0,0,2,0,0,0,0,0,0,0,0,0,0,0,0,0,0,0,0,0,0,0,0,0,0,0,0,0,0,0,0,0,0,0,0,0,0,0,0,0,0,0,0,0,0,0,0,0,0,0,0,0,0,0,0,0,0,0,0,0,0,0,0,0,0,0,0,0,0,0,0,0,0,0,0,0,0,0,0,0
"NMP-BF3",114.15926,-21.86648,3,0,0.333333333333333,0,0.666666666666667,0,1.33333333333333,0,0,0,0,0,0,0,0,0.333333333333333,0,0,0,0,0,0,0,0,0,0,0.333333333333333,0,0,0,0,0,0,0,0,0,0,0,0,0,0,0,0,0,0,0,0,0,0,0,0,0,0,0,0,0,0,0,0,0,0,0,0,0,0,0,0,0,0,0,0,0,0,0,0,0,0,0,0,0,0,0,0,0,0,0,0,0,0,0,0,0,0,0,0,0,0,0,0
"NMP-C1",113.75987,-23.17701,4,0,0.333333333333333,0,0,0.333333333333333,0,2,0,0,0,0.666666666666667,0,0,0,0,0,0,0,0,0,0,0,0,0,0,0.333333333333333,0.333333333333333,0,0,0,0.666666666666667,0,0,0,0,0,0,0,0,0,0,0,0,0,0,0,0,0.333333333333333,0,0,0,0,0,0,0,0,0,0,3.33333333333333,0,0,0,0,0.333333333333333,0,0,0,0,0,0,0,0,0,0,0,0,0,0,0,0,0,0,0,0,0,0,0,0,0,0,0,0,0,0,0,0,0,0
"NMP-C3",113.75364,-23.14152,4,0,2,1.25,1.75,0,0,0,0,0,0,0.25,0,0,0,0,0,0,1,0,0,0,1,0.5,0,0,1,0,0,0,0,0.5,2.5,0,0,0,0,1.25,0,0.5,0,9.75,0,0,1.5,0,0,0,0.5,4.5,9,3,4,0,0,3.75,0.5,0,0,8.5,0,1,0.5,1,0,0,0,0,0,0,0,0,0,0,0,0,0,0,0,0,0,0,0,0,0,0,0,0,0,0,0,0,0,0,0,0,0,0,0
"NMP-C4",113.76354,-23.19995,4,0,0,0,1.33333333333333,0,1,0,0,0,0,2,0,0,0,0,0,0,0,0,0,0.666666666666667,0,0,2,0,0.333333333333333,6.33333333333333,0,0,0,0,0.666666666666667,0,0,0,0,0,0,0,0,0,0,0,0,0,0,0,0,0,0,0,0,0,1.66666666666667,0,0,0,0,3,0,0.333333333333333,0,0,0,0,1.66666666666667,1,0.666666666666667,2,2.66666666666667,0,0,0,0,0,0,0,0,0,0,0,0,0,0,0,0,0,0,0,0,0,0,0,0,0,0,0,0
"NMP-P2",113.7807,-23.31925,4,0.5,0.5,0,0,1,0,1,0,0,0,0,0,0,0,0,0,0,0,0,0,0,0,0,0,0,0,0,0,0,0,1.5,0,0,0,0,0,0,0,0,0,0,0,0,0,0,0,0,0,3,0,0,0,0.5,0,0,0,0,0,5.5,0.5,0,0,0,0,0,0,0,0,0,0,0,0,0,0,0,0,0,0,0,0,0,0,0,0,0,0,0,0,0,0,0,0,0,0,0,0,0,0
"NMP-S2",113.77937,-22.92875,4,0,0.333333333333333,0,2.33333333333333,0.333333333333333,0,0,0,0,0,0,0,0,0,0,0,0,1,0,0,0.333333333333333,0,0,0,0,1,0,0,0,0,0.666666666666667,0,0,0,0,0,0,0,0,0,0,0,0,0,0,0,0,0,2.33333333333333,5,0,1,1.66666666666667,0.333333333333333,0,0,0,0,0.666666666666667,0,0.333333333333333,0,0,0,0.333333333333333,0,0,0,0,0,0,0,0,0,0,0,0,0,0,0,0,0,0,0,0,0,0,0,0,0,0,0,0,0,0,0,0,0
"NMP-S3",113.75232,-23.12872,4,0,0,1,4.5,1,0,0.5,0,0,0,0.5,0,0,0,0,0,0,0,0,0,1.5,0,0,0,0,0.5,0,0,0,0,1,0,0,0,0,0,0,0,0,0,1,0,0,5,0,0,0,1.5,6,2,0,1,0,0,2,0,0,0,1,0,0,0,0.5,0,1.5,0,0,0,0,0,0,0,0,0,0,0,0,0,0,0,0,0,0,0,0,0,0,0,0,0,0,0,0,0,0,0,0,0
"NMP1",113.75042,-23.11234,4,0,0,0,0.5,0,0.5,0,0,0,0,2,0,0,0,0,0,0,0,0,0,0,0,0,0,0,0,0.5,0,0,0,0,0,0,0,0,0,0,0,0,0,0,0,0,0,0,0,0,4.5,10.5,0,0,0,0,0,0,0,0,0,4,3.5,0,0,0,0,0,0,0,0,0,0,0,0,0,0,0,0,0,0,0,0,0,0,0,0,0,0,0,0,0,0,0,0,0,0,0,0,0,0
"NMP11",113.76328,-23.20838,4,0,3.525252525,0.5,3.51010101,0,0,0,0,0,0,2.01010101,0,0,0,0,0.5,1,1.515151515,0,0,0,0,0,0,0,2.5252525255,0,0,0,0,3.015151515,0,0,0,0,0,0,0,0,0,3,0,0,1.5,0,0,0,0,0,1.01010101,0,0,0,0,4.5454545455,0,0,0,0.5,0,0,0.505050505,0.505050505,0.505050505,1.5,0,0,0,0,0,7.5404040405,4,0,0,0,0,0,0,0,0,0,0,0,0,0,0,0,0,0,0,0,0,0,0,0,0,0,0
"NMP19",113.73966,-23.09197,4,0,0,0,0.505050505,0,0,0,0,0,0,1.01010101,0,0,0,0,0,0,0,0,0,0,0,0,0,0,0,0.5,0,0,0,0,0,0,0,0,0,0,0,0,0,0,0,0,0,0,0,0,0,2,0,0,0,0,0,0,0,0,0,7.52020202,0,0,0,0,0,0,0,0,0,0,0,0,0,0,0,0,0,0,0,0,0,0,0,0,0,0,0,0,0,0,0,0,0,0,0,0,0,0,0
"NMP2",113.75562,-23.12142,4,2,1,0,0.5,1,0,0,0,0,0,0,0,0,0,0,0,0,0,0,0,0,0,0,0,0,0,0,0,0,0,0.5,0,0.5,0,0,0,0,0,0,0.5,0,0,0,0,0,0,0,0,1.5,0,0,0,0,0,0,0,0,0,3.5,0,0.5,0,0,0,0,0,0,0,0,0,0,0,0,0,0,0,0,0,0,0,0,0,0,0,0,0,0,0,0,0,0,0,0,0,0,0,0,0
"NMP20",113.81843,-23.04473,4,0,0.5,0.5,2,0.5,0,0,0,0,0,0,0,0,0,0,0,0,0,0,0,0,0,0,0,0,3,0,0,0,0,0,0,0,0,0,0,0,0,0,0,2,0,0,0,0,0,0,0,0,0,0,0,0,19,0,0,0,0,0,0,1,0.5,0,0.5,0,0,0,0,0,0,0,0,0,0,0,0,0,0,0,0,0,0,0,0,0,0,0,0,0,0,0,0,0,0,0,0,0,0
"NMP21",113.76709,-23.14221,4,0,2.040816327,4.081632653,3.06122449,0,0,0,0,0,0,0,0,0,1.020408163,0,0,0,0,0,0,0,5.102040816,0,0,0,6.122448979,0,0,0,0,0,0,0,0,0,0,0,0,0,0,0,0,0,4.081632653,0,0,0,0,0,0,0,2.040816327,3.06122449,0,0,0,0,0,0,0,1.020408163,0,0,0,0,0,0,0,0,0,0,0,0,0,0,0,0,0,0,0,0,0,0,0,0,0,0,0,0,0,0,0,2.040816327,0,0,0,0,0
"NMP24",113.76248,-23.20194,4,0,1,4,2,2.5,0,0,0,0,0,5.5,0,0,0,0,0,0,0,0,0,0,0,0,0,0,0,0,0,0,0,0,0,0,0,0,0,0,0,0,0,0,0,0,1.5,0,0,2,9.5,0,0,0,0,0,0,0,0,0,0,5,0,0.5,0,0,0.5,0,1.5,0,0,0,0,3.5,0,0,0,0,0,0,0,0,0,0,0,0,0,0,0,0,0,0,0,0,0,0,0,0,0,0,0
"NMP26",113.75466,-23.2175,4,0,0,0.5,0,0,0.5,0,0,0,0,1.5,0,0,0.5,0,0,0,0,0,0,0.5,0,0,0.5,0,0.5,0,0,0,0,0,0,0,0,0,0,0,0,0,0,0,0,0,0,0,0,0,0,0,0,0,0,0,0,0,0,0,0,0,0,0,0,0,0,0,0,0,0.5,0,0,0,0,0,0,0,0,0,0,0,0,0,0,0,0,0,0,0,0,0,0,0,0,0,0,0,0,0,0
"NMP27",113.7404,-23.13496,4,0,4,0,3,0.5,0.5,0,0,0,0,3,0,0,0,0,0,0.5,0.5,0,0,0.5,0,0,2,0,2,1.5,0,1.5,0,0,0,0,0,0,0,0,0,0,0,0,0,0,0,0,0,1.5,0.5,0,0,0,0,0,0,0,0.5,0,0,0,0,0,0,0,0,0,0.5,0,0,0.5,0,0,0,0,0,0,0,0,0,0,0,0,0,0,0,0,0,0,0,0,0,0,0,0,0,0,0,0,0
"NMP6",113.75875,-23.16108,4,0,3,1,0,0,0,6,1,0,0,0,0,0,1,0,0,0,0,1,0,0,0,0,0,0,0,0,0,0,0,2,0,0,0,0,0,0,0,0,0,0,0,0,3,0,0,0,0,1,0,0,1,0,0,8,0,0,0,4,0,0,0,0,1,0,0,0,0,0,0,0,0,0,0,0,0,0,0,0,0,0,0,0,0,0,0,0,0,0,0,0,0,0,0,0,0,0,0
"NMP9",113.76158,-23.12627,4,0,0,2,1,0,0,0,0,0,0,0,0,0,0,0,0,0,0,1,0,0,0,0,0,0,0,0,0,0,0,1,0,0,0,0,0,0,0,0,0,0,0,0,0,0,0,0,0,0,0,0,0,0,0,0,0,0,0,0,0,0,0,0,0,0,0,0,0,0,0,0,0,0,0,0,0,0,0,0,0,0,0,0,0,0,0,0,0,0,0,0,0,0,0,0,0,0,0
"NWS1",124.2757,-12.8034,7,0,0,0,1,0.333333333333333,0,0,0,0,0,0,0,0,0,0,0,0,0,0,0,0,0,0,0,3.66666666666667,0,0,0,0.333333333333333,0.666666666666667,0,0,0,0,0,0,0,0,0,0,0,0,0,0,0,0,0,0,0,0,0,0,0,0,0,0,3.33333333333333,0,0,0,0,0,0,0,0,0,0,0,0,0,0,0,0,0,0,0,0,0,0,0,0,0,0,0,0,0,0,0,0,0,0,0,0,0,0,0,0,0
"NWS10",123.32136,-11.97452,5,0,0,1,0,1,0,0,0,0,0,0,0,0,0,0.5,0,0,0,0,0,0,0,0,2,3.5,0,0,0,0,1,0,0,0,0,0,0,0,0,0,0,0,0,0,0,0,0,0,0,0,0,0,0,0,0,0,5,0.5,0,0,0,0,0.5,0,0,0,0,0,0.5,0,0,0,0,0,0,0,0,0,0,0,0,0,0,0,0.5,0,0,0,0,0,0,0,0,0,0,0,0,0,0
"NWS100",119.37575,-17.29965,6,0,1,0,0.5,0.5,0,0,0,0,0,0,0,0,0,0,0,0,0,0,0,0,0,0,0,2,0,0,0,0,0,0,0,0,0,0,1,0,0,0,0,0,0,0,0,0,0,0,0,0,0,0,0,0,0.5,0,0,1,0,0,0,0,0,0,0,0,0,0,0,0,0,0,0,0,0,0,0,0,0,0,0,0,0,0,0,0,0,0,0,0,0,0,0,0,0,0,0,0,0
"NWS101",119.38393,-17.35516,7,0,0.99009901,0.99009901,4.57793202,3.58783301,0,0,0,0,0,7.0123507195,0,1.52597734,0,0.495049505,0,0.495049505,0,0,0,0,3.547004185,0,3.50617536,2.0006124325,2.0006124325,0.99009901,0,0,17.321629072,1.52597734,1.52597734,1.98019802,0,0,0,0,1.5463917525,0,0,0,1.0105134225,1.98019802,0,0,0,1.5463917525,0,0,0,0.5154639175,0,0,0,0,0,0,0,0.5154639175,0,0,0,0,0,0.495049505,0,0,0,0,0,0,0,4.04205369,0.5154639175,0,0.5154639175,0,0,0,0,0,0,0,0,0,0,0,0,0,0,0,0,0,0,0,0,0,0
"NWS102",119.37816,-17.3139,6,0,0,0,1,0,0,2,0,0,0,1,0,1,0,0,0,1,0,0,0,0,0,0,0,0,0,0,0,0,0,0,0,0,0,0,0,1,0,0,0,0,0,52,0,0,0,0,0,0,0,0,0,0,0,0,0,0,0,1,0,0,0,0,0,0,0,0,0,0,0,0,0,0,0,0,0,0,0,0,0,0,0,0,0,0,0,0,0,0,0,0,0,0,0,0,0,0,0
"NWS11",123.33523,-11.98059,5,0,0,0,0,0,0,4.5,0,0,0,0,0,0,0,0,0,0,0,0,0,0.5,0,0,0,2,0,0,0,0,1,0.5,0,0,0,0,3,0,0,0,0,0,0,0.5,0,0,0,0,0,0,0,0,0,0,0,0,0,0,0,0,0,0,0,0,0,0,0,0,0.5,0,0,0,0,0,0,0,0,0,0,0,0,0,0,0,0,0,0,0,0,0,0,0,0,0,0,0,0,0,0
"NWS12",123.33757,-11.97626,5,0,0,0,0.5,0,0,0,0,0,0,0,1.5,1,0,0,0,0,0,0,0,0,0,0,0,1,0,0,0,0,0,0,0,0,0,0.5,21,0,0,0,0,0,0,1.5,0,0.5,0,0,0,0,0,0,0,0,0,0,0,0,0,0,0,0,0,0.5,0,0,0,0,0,0,0,0,0,0,0,0,0,0,0,0,0,0,0,0,0,0,0,0,0,0,0,0,0,0,0,0,0,0,0
"NWS13",123.3271,-11.9834,5,0,0,0,0,0.666666666666667,0,0,0,0,0,0,0,0,0,0,0,0.333333333333333,0,0,0,0.333333333333333,0.333333333333333,0,0,3,0.666666666666667,0,0,0,0.333333333333333,0,0,0.333333333333333,0,0,0.666666666666667,0,0,0,0,0,0,0,0,0,0,0,0,0,0.333333333333333,0,0,0,0,0,3,1.66666666666667,0,0,0,0.333333333333333,0,0,0,0,0,0,0,0,0,0,0,0,0,0,0,0,0,0,0,0,0,0,0,0,0,0,0,0,0,0,0,0,0,0,0,0,0
"NWS14",123.00392,-12.217,5,0,0,0,1,0,0,0,0,0,0,0,0,0,0,0,0,0,0,0,0,0,0,0,0,0,0,0,0,0,0,0,0,0,0,0,0,0,0,0,0,0,0,0,0,0,0,0,0,0,0,0,0,0,0,0,0,0,0,0,0,0,0,0,0,0,0,0,0,0,0,0,0,0,0,0,0,0,0,0,0,0,0,0,0,0,0,0,0,0,0,0,0,0,0,0,0,0,0
"NWS15",123.00575,-12.2159,5,0,0,0,1,0,0,0,0,0,0,1,0,0,0,0,0,0,0,0,0,1,0,0,0.5,0.5,0,0,1,0,0.5,0,0,0,0,0,0,0,0,0,0,0,0,0,0,0,0,0,0,0,0,0,0,0,0,0,0,0,0,1.5,0,0,0,0,0,0,0,0,0,0,0,0,0,0,0,0,0,0,0,0,0,0,0,0,0,0,0,0,0,0,0,0,0,0,0,0,0,0,0
"NWS16",122.98389,-12.23963,5,0,0.5,0,1.5,0,0,0,0,0,0,1,0,0,0,0,0,0,0,0,0,0,0,0,0,1,1,0,0,0,0,0,0,0,0,0,0,0,0,0.5,0,0,0,0,0,0,0,0,0.5,0,1,0,0,0,0.5,0,0,0,0,0,0,0.5,0,1.5,0,0,0,0,0,0,0,0,0,0,0,0,0,0,0,0,0,0,0,0,0,0,0,0,0,0,0,0,0,0,0,0,0,0,0
"NWS17",122.99063,-12.24179,5,0,2,2,1,0,0,0,0,0,0,0,0,0,0,0,0,0,0,0,0,2,0,1,0,0,1,0,0,0,1,0,0,0,0,0,0,1,0,0,0,0,0,0,0,5,0,2,1,0,0,0,0,0,0,0,0,0,0,0,0,1,3,1,0,0,0,0,0,0,0,0,0,0,0,0,0,0,0,0,0,0,0,0,0,0,0,0,0,0,0,0,0,0,0,0,0,0,0
"NWS18",122.98493,-12.24122,5,0,0,3,1,0,0,0,0,0,0,0,1,0,0,0,0,0,0,0,0,0,0,0,0,0,0,0,0,0,0,0,0,0,0,0,0,0,0,0,0,0,0,0,0,2,0,0,0,0,0,0,0,0,0,0,0,0,0,0,0,0,0,1,1,0,3,0,0,0,0,0,0,0,0,0,0,0,0,0,0,0,0,0,0,0,0,0,0,0,0,0,0,0,0,0,0,0,0
"NWS19",122.98329,-12.24054,5,0,3,4,2,2,0,0,0,0,0,1,0,0,0,0,2,0,0,0,0,0,0,0,0,5,2,0,0,0,2,0,0,0,0,0,7,1,0,0,0,1,0,0,0,0,0,0,0,0,0,4,0,0,0,0,0,0,0,0,0,1,0,1,0,0,0,0,0,0,0,0,0,0,0,0,0,0,0,0,0,0,0,0,0,0,0,0,0,0,0,0,0,0,0,0,0,0,0
"NWS2",124.0382,-12.5583,7,0,1,0,0,2,0,0,0,0,0,0,0,0,0,0,0,0,0,0,0,0,0,0,0,3,1,0,0,0,2,0,3,0,0,0,0,0,0,0,0,0,0,0,0,0,0,0,0,0,0,0,0,0,0,0,0,7,0,0,0,0,0,0,0,0,0,0,0,0,0,0,0,0,0,0,0,0,0,0,0,0,0,0,0,0,0,0,0,0,0,0,0,0,0,0,0,0,0
"NWS20",123.00182,-12.24414,5,0,2,0,5,0,0,0,0,0,0,0,0,0,0,0,0,0,0,0,0,0,0,0,0,3,0,0,0,0,0,0,0,0,0,0,0,0,0,0,0,0,0,0,0,0,0,0,1,0,1,0,0,0,0,0,0,0,0,0,0,0,0,0,0,0,0,0,0,0,0,0,0,0,0,0,0,0,0,0,0,0,0,0,0,0,0,0,0,0,0,0,0,0,0,0,0,0,0
"NWS21",122.99881,-12.24405,5,0,1,0,3,2,0,0,0,0,0,3,0,0,0,0,0,0,0,0,0,1,0,0,0,2,0,0,0,0,0,0,0,1,0,0,2,1,0,0,0,0,0,7,0,0,0,0,0,0,1,0,0,0,0,0,0,0,0,0,0,0,0,5,0,0,0,0,0,0,0,0,0,0,0,0,0,0,0,0,0,0,0,0,0,0,0,0,0,0,0,0,0,0,0,0,0,0,0
"NWS22",122.9864,-12.24109,5,0,2,0,2.5,0,0,0,0,0,0,0,0,0,0,0.5,0,0,0,0,0,3,0,0,0,0,1,0,0,0,0,0,0,0,0,0,2.5,0.5,0,1,0,1,0,0,0,2.5,0,0,0,0,0,0,0,0,0,0,0,0,0,0,0,0,0.5,0,0,0,0,0,0,0,0,0,0,0,0,0,0,0,0,0,0,0,0,0,0,0,0,0,0,0,0,0,0,0,0,0,0,0,0
"NWS23",122.99001,-12.23384,5,0,0.5,0.5,1,0,0,0,0,0,0,0,0.5,0,0,0,0,0,0,0,0,1,0,0,0,0,1,0,0,0,0.5,0,0,0,0,1.5,1.5,0,0,0,0,0,0,16,0,0,0,0,0,0,0,0,0,0,0,0,0,1,0,0,0,0.5,0,0,0,0,0,0,0,0,0,0,0,0,0,0,0,0,0,0,0,0,0,0,0,0,0,0,0,0,0,0,0,0,0,0,0,0,0
"NWS24",122.98531,-12.24264,5,0,0,3,2,0,0,0,0,0,0,0,0,0,0,0,0,0,0,0,0,0,0,0,0,0,0,0,0,0,0,0,0,0,0,0,0,0,0,0,0,0,0,0,0,0,0,0,1,0,0,1,0,0,0,0,0,0,0,0,0,0,2,0,0,0,0,0,0,0,0,0,0,0,0,0,0,0,0,0,0,0,0,0,0,0,0,0,0,0,0,0,0,0,0,0,0,0,0
"NWS25",122.98643,-12.23989,5,0,0,0,5,0,0,0,0,0,0,0,0,1,0,0,0,0,0,0,0,1,0,0,0,0,0,0,0,0,1,0,0,0,0,0,1,1,0,0,0,7,0,0,0,4,0,0,0,0,0,0,0,0,0,0,0,0,0,0,0,0,1,0,0,0,0,0,0,0,0,0,0,0,0,0,0,0,0,0,0,0,0,0,0,0,0,0,0,0,0,0,0,0,0,0,0,0,0
"NWS26",121.99474,-13.62389,7,0,2,0,0,1,0,0,0,0,0,0,0,0,0,0,0,0,0,0,0,1,1,0,0,0,2,0,0,0,3,0,0,0,0,0,0,0,0,1,0,0,1,0,0,3,0,1,0,0,0,2,0,0,0,0,0,2,0,0,0,0,0,0,0,0,0,0,0,0,0,0,0,0,0,0,0,0,0,0,0,0,0,0,0,0,0,0,0,0,0,0,0,0,0,0,0,0,0
"NWS27",121.96127,-14.07039,6,0,1.5,0,0.5,0.5,0,1,0.5,0,0,4.5,0,0,0.5,0,0,0,0,0,0,0.5,0.5,0,0,0,0.5,0,0,0,0.5,0,0,0,0,0,0,1,1.5,0,0,0,0,0.5,0,3,0,1,1,0,0,0,0,0,0,0,0,0,0,0,0,1,0,0,2.5,0,0.5,0,0,0,0,0,0,0,0,0,0,0,0,0,0,0,0,0,0,0,0,0,0,0,0,0,0,0,0,0,0,0,0
"NWS28",121.94218,-14.1327,7,0,2,0,0,0,0,1,0,0,0,3,0,0,1,0,0,1,0,0,0,3,0,0,0,0,0,0,0,0,0,0,0,0,0,1,0,3,0,0,0,1,0,0,0,0,0,0,1,0,0,1,0,0,0,0,0,0,0,0,0,0,0,0,0,0,2,0,0,0,0,0,0,0,0,0,0,0,0,0,0,0,0,0,0,0,0,0,0,0,0,0,0,0,0,0,0,0,0
"NWS29",121.94546,-14.12668,7,10.30927835,4.12371134,0,1.030927835,0,0,9.278350515,0,0,0,6.18556701,0,0,3.092783505,0,0,0,0,0,0,1.030927835,0,0,0,1.030927835,2.06185567,3.092783505,0,0,1.030927835,0,1.030927835,0,2.06185567,0,0,0,0,1.030927835,2.06185567,0,0,0,0,0,0,1.030927835,1.030927835,0,1.030927835,0,0,0,0,0,0,0,0,1.030927835,0,1.030927835,0,0,0,0,2.06185567,0,1.030927835,0,0,0,0,0,3.092783505,0,0,0,0,0,0,0,0,0,0,0,0,0,0,0,0,0,0,0,0,0,0,0,0
"NWS3",123.3878,-11.9719,5,0,1.5,0,0.5,0.5,0,0,0,0,0,0,0,0,0,0,0.5,0,0,0,0,0,0,0,0,0.5,2,0,0,0,1,0,0,0,0,0,0,0,0,0,0,0,0.5,0.5,0,0,0,0,0.5,0,0,0,0,0,0,0,6,2,0,0,0,0,0,0,0,0,0,0,0,0,0,0,0,0,0,0,0,0,0,0,0,0,0,0,5,0,0,0,0,0,0,0,0,0,0,0,0,0,0
"NWS30",121.9589,-14.14184,7,0,0,0,0,1.030927835,0,0,0,0,0,8.24742268,0,0,0,0,0,0,0,0,0,1.030927835,0,0,2.06185567,5.154639175,2.06185567,2.06185567,0,0,0,1.030927835,0,0,0,0,0,0,0,0,1.030927835,0,0,0,0,0,0,7.216494845,0,0,0,0,0,0,0,0,0,1.030927835,0,0,0,0,0,0,2.06185567,0,3.092783505,0,0,0,0,0,0,0,0,0,0,0,0,0,0,0,0,0,0,0,0,0,0,0,0,0,0,0,0,0,0,0,0
"NWS31",121.95693,-14.14383,7,0,2,0,0,8,0,0,0,0,0,10,0,0,0,0,0,0,0,0,0,0,0,0,6,0,1,0,0,0,0,1,2,1,0,0,0,0,1,0,0,0,0,0,0,0,0,4,0,0,0,1,0,0,0,0,0,4,0,0,0,0,1,0,0,0,7,0,0,3,0,0,0,0,0,0,0,0,0,0,0,0,0,0,0,0,0,0,0,0,0,0,0,0,0,0,0,0,0
"NWS32",121.96473,-14.10934,6,0.5,3,5,0.5,0.5,0,2,0,0.5,0,4,0,3.5,0,0,0,0,0,0,0,3.5,0,0,0,0,1,0,1,0,0,0,0,0,0,0,0,0.5,1,0,1.5,1.5,0,1,0,0.5,0,0,0,0,0,0.5,0,0,0,0,0.5,0,0,0,0,0.5,0,0,1.5,0,0,0,0,0,0,0,0,0.5,0,0,0,0,0,0,0,0,0,0,0,0,0,0,0,0,0,0,0,0,0,0,0,0,0
"NWS33",121.95847,-14.05597,7,0,2,0,1,4.5,0,0,0,0,0,1.5,0,0,0,0,0,0,0,0,0,1,1,1,3.5,1,1.5,1,0,0,0,0,1,0,0,0,0,0,0.5,0,0,0,0,0,0,0,0,2.5,1,0,0,0,0,0,0,0,0,4,0,1.5,0,0,1,0,1.5,0,6.5,0,0,0,1.5,0,0,0,0,0,0,0,0,0,0,0,0,0,0,0,0,0,0,0,0,0,0,0,0,0,0,0,0
"NWS34",121.9653,-14.06257,7,0,1,0,1.5,5,0,0,0,0,0,1.5,0,1,0,0,0,0.5,0,0,0,0,1,1.5,4.5,5.5,1,3,0,0,0,0,0.5,0,0,0,0,0,1,0,0,0,0,0,0,0,0,1.5,0,0,0,0,0,0,0,0,0,1,0,1,0,0,0.5,0,0,0,1,0,0,0,0,0,0,0.5,0,0,0,0,0,0,0,0,0,0,0,0,0,0,0,0,0,0,0,0,0,0,0,0,0
"NWS35",121.95083,-14.0717,7,0.5,1.5,0,0.5,7.5,0,0.5,0.5,0,0,2.5,0,1,0,0.5,0,0,0,0,1,0,0,0.5,3.5,11.5,0.5,0.5,0,0,0,0,0,8,0,0,0.5,1,0,0.5,0.5,0,0,0,0,0.5,0,0.5,0,0,0,0,0,0,0,0,0,0,0,0,0,0.5,0.5,0,1,0,1,0,0.5,0,0,0,0,1,2.5,0,0,0,0,0,0,0,0,0,0,0,0,0,0,0,0,0,0,0,0,0,0,0,0
"NWS36",121.78767,-14.0747,7,0.5,0.5,0.5,1,2.5,0,0,0.5,0,0,3.5,0,1.5,0,0,0,0,0,0,4,0.5,0.5,0,4,0.5,0,0,0,0,0,0,0,0,0,2.5,0,3,0,0,0,0,0,0.5,0,5,0,0,1.5,0,0,0,0,0,0,0,0,0,0,0,0,0,0,0,0,0,0.5,0,1,0,0,0,0,0,0.5,0,0.5,0,0,0,0,0,0,0,0,0,0,0,0,0,0,0,0,0,0,0,0,0,0
"NWS37",121.78072,-14.0453,7,0,1,0.5,1.5,10,0,0,0,0,0,0,0,0,0,1,0,0,0,0,0,0.5,0.5,0,3,14.5,0.5,1,0,0.5,1,0.5,0.5,0.5,0,0,0,0,0,0,0,0,0,0,0,1,0,0,0.5,0,0,0,0,0.5,0,0,0,3,0,0,0,0.5,0.5,0,0,0,0.5,0,0,0,0,0,0,0,0.5,0,0,0,0,0,0,0,0,0,0,0,0,0,0,0,0,0,0,0,0,0,0,0,0
"NWS38",121.77651,-14.06866,7,0,1,0,0.5,3.5,0,0,0,0,0,0,0,0.5,0,0,0,0.5,0,0,0,0,0,0,0,7.5,1,0,0,0,0,0,3,0,0,0,0,0.5,0,0,0,0,0,0,0,0,0,0,0,0,0,1,0,0,0,0,0,1.5,0,0,0,0.5,1.5,0,0,0,0,0,0,0,0,0,0,0.5,0,0,0,0,0,0,0,0,0,0,0,0,0,0,0,0,0,0,0,0,0,0,0,0,0
"NWS39",121.74816,-14.0828,7,0,0,0,0,2,0,0,0,0,0,0,0,0,0,0,0,0,0,0,0,0,0,0,0,1,0,0,0,0,0,0,0,0,0,0,0,0,0,0,0.5,0,0,0,0,0,0,0,0,0,0,0,0,0,0,0,0,0,0,0,0,0,0.5,0,0,0,0,0,0,0,0,0,0,0,0.5,0,0,0,0,0,0,0,0,0,0,0,0,0,0,0,0,0,0,0,0,0,0,0,0
"NWS4",123.3794,-11.969,5,0,2,0.5,2,3.5,0,2,0,0,0,0,0,0.5,0,0,0,0.5,0,0,0,0,0,0,0,0,1.5,0,0,0,0,0,0,0,0,0,4,0,0.5,0,3.5,0,0,0,0,0,0,0,0,0,0.5,0,0,0,0,0,5.5,4.5,0,0,0,0,0,0,0,0,0,0,0,0,0,0,0,0,0.5,0,0.5,0,0,0,0,0,0,0,0,0,0,0,0,0,0,0,0,0,0,0,0,0,0
"NWS40",121.742,-14.0785,6,0,0,0,1.66666666666667,0,0,0,0,0,0,0,0,0,0.666666666666667,0,0,0,0,0,0,0,0,0,0,11.6666666666667,1,1.66666666666667,0,0,0,0,0,0,0,0,0,0,0,0,0,0,0,0,0,0,0,0,0,0,0,0,0,0,0,0,0,0,0,0.333333333333333,0,0.333333333333333,0,0,0,0,0,0,0,0,0,0,0,0,0,0,0,0,0,0,0,0,0,0,2.33333333333333,2.33333333333333,0,0,0,0,0,0,0,0,0,0,0,0,0
"NWS41",121.72068,-14.10823,7,0,2.0957446805,0,1.563829787,5.1914893615,0,0,0,0,1.0319148935,0,0,0.5,0,0,0,0,0,0,0,0,0,0,0,3.0319148935,1,0,0,0,3.159574468,0,0,0,0,0,0,0,0,0,0,0,0,0,0,0,0,0,0,0,0,0,0,0,0,0,0,2.5957446805,0,0,0,0,0.5319148935,0,0,0,0,0,0,0,0,0,0,1.063829787,0,0,0,0,0,0,0,0,0,0,0,0,0,0,0,0,0,0,0,0,0,0,0,0,0
"NWS5",123.38074,-11.97961,5,0,0.5,0.5,0,0.5,0,0,0,0,0,0.5,0,0.5,0,0,0,0,0,0,0,0,0,0,0,3,0,0,0,0,0,0,0,0,0,0.5,10,0.5,0,0,0,0,0,0,0,3,0,0,0,0,0,0,0,0,0,0,0,0.5,0,0,0,0,0,0.5,0,0,0,0,0,0,0,0,0,0,0,0,0,0,0,0,0,0,0,0,0,0,0,0,0,0,0,0,0,0,0,0,0,0,0
"NWS50",118.97,-17.6101,6,1,0,0,0,0,0,0,0,0,0,0,0,0,0,0,0,0,0,0,0,0,0,0,0,7.5,0.5,0,0,0,0,0,0,0,0,0,3,0,0,0,0,0,0,6,0,0,0,0,0,0,0,0,0,0,1,0,0,0,0,0,0,0,0,0,0,0,0,0,0,0,0,0,0,0,0,0,0,0,0,0,0,0,0,0,0,0,0,0,0,0,0,0,0,0,0,0,0,0,0
"NWS51",118.96364,-17.6089,7,1,0,0,1,2,0,3,0,9,0,0,0,0,0,0,0,0,0,0,0,0,0,0,0,0,1,0,0,0,1,0,0,0,0,0,0,0,0,0,0,0,0,2,0,0,0,0,0,0,0,0,0,0,0,0,0,0,0,0,0,0,0,0,0,0,0,0,0,0,0,0,0,1,0,0,0,0,0,0,0,0,0,0,0,0,6,0,0,0,0,0,0,0,0,0,0,0,0
"NWS52",118.96364,-17.6089,7,0.5,4.5,0.5,1.5,3,4.5,0,0,0,0,6,0,1,0,0,0.5,0,0,0,0,2.5,1,0.5,0,0,4.5,0,0,0,4.5,0.5,0,0,0,0,0,0,0,2.5,0,0,0,0,0,0,0,0.5,0,0,0,0,0,0,0,0,0,2,0,0.5,0,0,1.5,0,0,0,0,0,0,1,0,0,0,6,0.5,0,0,0,0,0,0,0,0,0,0.5,0,0,0,0,0,0,0,0,0,0,0,0,0,0
"NWS53",118.96872,-17.579,6,1.485148515,0.5,0,3.485148515,0,0,1.5,0,0,0,1.99009901,0,0.495049505,0,0,0,1,0,0,0,0,0,0,0,0,0,0.495049505,0,0,0.5,0,1,0,0,0.495049505,0.495049505,0.995049505,0,0.5,0,0,0,19.915841585,0,0,0,0,0,0,0,3.48019802,0,0,0.995049505,0,0,0.495049505,0,0,0,0,0.5,0,0,0,0,0,0,0,0,0,0,0,0.5,0,0,0,0,0,0,0,0,0,0,0,0,0,0,0,0,0,0,0,0,0,0,0,0
"NWS54",118.9369,-17.5804,6,0,0.5,0,4.204225352,0.5,0,4.929577465,0,0,0.5,0,0,0,0,0,0,0,0,0,0,0,0,0,0,0.704225352,2.204225352,0,0,0,0.704225352,0,0,0,0,0,0,0,0,0,0,0,0,0,0,0,0,0,0,0,2.5,0,0,0.5,0.5,0,0,1.5,0,0,0,9.54225352,0,0,0,0,0,0,0,0,0,0,0,0,0,0,0,0,0,0,0,0,0,0,0,0,0,0,0,0,0,0,0,0,0,0,0,0,0
"NWS55",118.97193,-17.56991,7,0.5,1.5,0,0,1.5,0,0,0,0,0,6,0,5,0,0.5,1.5,0,0,0,0,2.5,0,0.5,1,2,21,0,0,0,9,0,0,0,0,0,0.5,0,0,0,0.5,0,0,0.5,0,0,0,1,0,0,0,3,0,0,0,0,0,2,0,1,0,0,0.5,0,0,0.5,0,0,0.5,0,0,0,0,3,0,0,0,0,0,0,0,0,0,0,0,0,0,0,0,0,0,0,0,0,0,0,0,0,0
"NWS56",118.9747,-17.6102,7,0.480769231,0,0,1,4.403846154,0,0,0,0,0,2.480769231,0.5,3.903846154,0,1.5,2.480769231,0.980769231,0,0,0,0.480769231,1.980769231,0,0.980769231,5.403846154,1.9423076925,0,0,0,1.923076923,0,0.5,0,0,0,4.9423076925,0,0,0.5,0.5,0,0,0,0,0,0,0,0,0,0.5,0,0,0,0,0,0,8.3846153845,0,0,0,0,1.4423076925,0,0,1.4615384615,0,0,0,0,0,0,0,2.480769231,0,0,0,0,0,0,0,0,0,0,0.480769231,0,0,0.5,0,0,0,0,0,0,0,0,0,0,0
"NWS57",118.9737,-17.548,7,0,3,0,1,3,0,0,0,0,0,4,0,5,0,0,1,0,0,0,0,0,0,0,4,5,0,1,0,0,3,0,0,0,0,0,0,0,4,1,0,0,1,2,0,0,0,1,0,0,0,0,0,0,0,0,0,2,0,0,0,0,4,0,0,0,1,0,1,0,0,0,0,1,0,0,2,0,0,0,0,0,0,0,0,0,0,0,0,0,0,0,0,0,0,0,0,0,0
"NWS58",118.9738,-17.5531,7,2.884615385,2.884615385,0,1.923076924,1.923076923,0,0,0,0,0,0.961538462,0,3.846153846,0,0,0.961538462,0,0,0,0,1.923076924,0,1.923076923,4.807692308,2.884615385,0,0,0,0,4.807692308,0,0,0.961538462,0,0,0,0,0,0,0,0,0,1.923076923,0,0,0,0,0,0,0,2.884615385,0,0,0,0,0,0.961538462,0,0,0,0,2.884615385,0,0,1.923076923,0,0,0,0,0,0,0,3.846153846,1.923076923,0,2.884615385,0,0,0,0,0,0,0,0,0,0,0,0,0,0,0,0,0,0,0,0,0,0
"NWS59",118.9668,-17.54732,6,0,0,0.9523809525,0,0,0,2.538046146,0,0,0,0,0,2.380952381,0,0,0,0,0,0,0,1.9047619045,0,0,0,0.5154639175,0,0,0,0,0,0,0,0,0,0.476190476,1.4285714285,0,0,0,0,0,0,23.519882181,0,0,0,0,0,0,0,0,0,0,0.476190476,0,0,0,0,0,0,0,0,0,0,0,0,0,0,0,0,0,0,0,0,0,0,0,0,0,0,0,0,0,0,0,0,0,0,0,0,0,0,0,0,0,0,0,0
"NWS6",123.38116,-11.97448,5,1,0.5,1,1.5,1,0,2.5,0,0,0,0,0,0,0.5,0,0,0,0,0,0,0.5,0,0,0,5.5,0,0,0,0,0.5,0,0,0,0,0,2,0.5,0,0,0,0.5,0,3.5,0,1,0,0,0,0,0.5,0.5,0,0,0,0,0,0.5,0,0,0,1.5,1,0.5,0,0,0,0,0,0,0,0,0,0,0,0,0,0,0,0,0,0,0,0,0,0,0,0,0,0,0,0,0,0,0,0,0,0,0
"NWS60",118.96884,-17.54749,6,0,0.9523809525,0,0.476190476,0,0,0,0,0,0,0,0,1.4285714285,0,0,0,0.476190476,0,0,0,0.476190476,0,0,0,9.047619047,0,0,0,0,0.476190476,0,0.476190476,0,0,0,7.142857143,0,0,0,0,0,0,4.285714286,0,0,0,0,0,0,0,0.476190476,0,0,0,0,0,0,0,0,0,0,0,0,0,0,0,0,0.9523809525,0,0,0,0,0,0,0,0,0,0,0,0,0,0,0,0,0,0,0,0,0,0,0,0,0,0,0,0,0,0
"NWS61",118.9724,-17.5582,7,0,0,0,2.38095238,0.476190476,0,0,0,0,0,1.9047619045,0,2.857142857,0,0.476190476,1.4285714285,0.476190476,0,0,0,0,0.476190476,0,0.9523809525,1.9047619045,0.952380952,3.3333333335,0,0,17.1428571455,0,1.4285714285,2.380952381,0,0,1.4285714285,0,1.4285714285,0.952380952,0.476190476,0,6.1904761925,0,0,0,0,0.952380952,0,0,0,0.9523809525,0,0,0,0,0,1.4285714285,0,0,0,0,0,0,0,0,0,0,0.476190476,0,0,0,0,5.7142857145,0,0,0.476190476,0,0.9523809525,0,0,0,0,0,0,0,0,0,0,0,0,0,0,0,0,0,0,0,0
"NWS62",118.96635,-17.50713,7,0,3.96039604,0,2.97029703,0.99009901,0,0,0,0,0,0.99009901,0,0.99009901,0,0,0,0,0,0,0,0.99009901,0,0,1.98019802,0,4.95049505,2.97029703,0,0,5.940594059,0,0.99009901,0.99009901,0,0,0,0,0,0.99009901,0,0,4.95049505,0,0,0,0,0,0,0,0,0.99009901,0,0,0,0,0,0.99009901,0,0,0,0,0,0,0,0.99009901,0,0,0,0,0,0,0,0,0,0,0,0,0,0,0,0,0,0,0,0,0,0,0,0,0,0,0,0,0,0,0,0,0
"NWS63",118.96276,-17.50218,7,0,1.485148515,0,1.447430457,0.495049505,0,0,0,0,0,0.476190476,0,2.3998114095,0,0,1.4285714285,0.476190476,0,0,0,1.447430457,0.495049505,0,0,4.3234323435,3.884959924,0,0,0,3.4087694485,0,1.9236209335,0,0,0,0.476190476,0,0,0,0.495049505,0,0,0,0,0,0,0.971239981,0,0,0,0.476190476,0,0,0,0,0,1.9236209335,0,0.476190476,0,0,0,0,0,0.495049505,0,0,0,0,0,0,0,2.857142857,0.495049505,0,0,0,0,0,0,0,0,0,0,0,0,0,0.495049505,0,0,0,0,0,0,0,0,0,0
"NWS64",118.94214,-17.56045,6,0,0,0,1.530927835,0,0,7.0773195875,2,0,0,0.5154639175,0,0,0.5154639175,0,0,1.030927835,0,0,0,0,0,0,0,0.5154639175,0.5154639175,0,0,0,0,0,0,0,0,0.5154639175,0,0.5,0,0,0,0,0,4.530927835,0,0,0,0,0,0,0.5154639175,1.030927835,1.030927835,0,0,0,0,0,0,0,0,1.5463917525,0,0,0,0,0,0,0,0,0,0,0,0,0,0,0,0,0,0,0,0,0,0,0,0,14.1391752575,0,0,0,0,0,0,0,0,0,0,0,0
"NWS65",119.6339,-17.13371,5,0.5,1,0,1,2.5,0.5,0,0,0,0,1,0,4,0,0,0.5,0,0.5,0,0,2,3.5,0,1,0,1.5,0,0,0,0.5,0,2.5,1,0,0,0,0,0,2.5,0.5,0,0,1,0,0,0,0,0,0,0,0.5,0,0,0,0,0,3,0,0,0,0,2,0,0,0,0,0,0,0,0,0,0,1.5,0,0,0,0,0,0,0,0,0,0,0,0,0,0,0,0,0,0,0,0,0,0,0,0,0
"NWS66",119.6539,-17.0764,7,0,1.66666666666667,0.333333333333333,0.666666666666667,3.33333333333333,0,0,0,0,0,2.33333333333333,0,0.333333333333333,0,0,0,0,0.333333333333333,0,0,0.666666666666667,0.333333333333333,0.333333333333333,0.333333333333333,4,0.333333333333333,0.333333333333333,0,0,0.333333333333333,0,0.333333333333333,0.333333333333333,0,0,0,0,0,0.333333333333333,0.333333333333333,0,0.333333333333333,0,0,0.333333333333333,0,0.333333333333333,0,0,0,0,0,0,0,0,0,0.333333333333333,0,2,0,0,0.666666666666667,0,0,0.333333333333333,1,0,0,0,0,0,0,0.333333333333333,0.333333333333333,0,0.333333333333333,0,0,0,0,0,0,0,0.333333333333333,0,0,0,0,0,0,0,0,0,0,0,0,0,0
"NWS67",119.6455,-17.07374,7,0,0,0,0,3,0,1,0.5,0,0,0,0,0,0,0,0,0,0,0,0,0,0,0,0.5,3,0,1,0,0,0,0,0.5,0,0,0,0,0,0,0,2.5,0,0,2,0,0,0,0,3.5,0,0,0,0,0,0,0,0,0,0,0,0,0,0,0,0,0,0,0,0,0,0,0,0,0,0,0,0,0,0,0,0,0,0,0,0,0,0,0,0,0,0,0,0,0,0,0,0,0,0
"NWS68",119.64696,-17.06263,7,0,0,0,0,0.5,0,0,0,0.5,0,0.5,2,0,0,0.5,0.5,0,0,0,0,0,0,0,1.5,5,0,0,0,0,2.5,0,0,0,0,0,0,0,0,0.5,0.5,0,0,0,0,0,0,0.5,0,0,0,0,0,0,0,0,0,0,0,0,0,0,0,0,0,0,0,0,0,0,0,0,0,1,0,0,0,0,0,0,0,0,0,0,3.5,0,0,0,0,0,0,0,0,0,0,0,0,0,0
"NWS69",119.6494,-17.0658,7,0,2,0,0,4,0,0,0,1,0,1,0,4.5,0,0,0,0.5,1,0,0,1.5,0.5,0,1,1.5,0.5,0.5,0,0,4.5,0.5,0,0,0,0,0,0,0,0.5,0,0,3.5,0,0,0,0,0.5,1,0,1,0,0,0,0,0,0,0,0,0,0,0,1,0,0,0.5,0.5,0,0,0,0,0,0,3,0,0,0,0,0,0,0,0.5,0,0,0.5,0,0,0,0,0.5,0,0,0,0,0,0,0,0,0
"NWS7",123.3586,-11.9671,5,0,1,0,1,0.5,0,0,0,0,0,0.5,0,0,0,0,4,0,0,0,0,0,0,0,1,1,1.5,0,0,0,0.5,0,0,0.5,0,0,3,0,0,0,0,0,0,0,0,0,0,0.5,0,0,0.5,0,0,0,0,0,3.5,2,0,0,0,0,0,0,0.5,0,0,0,0,0,0,0,0,1,0,0,0,0,0,0,0,0,0,0,0.5,0,0,0,0,0,0,0,0,0,0,0,0,0,0
"NWS70",119.6277,-17.1641,5,0,0,0,0,0,0,2,4,0,0,0,0,0,0,0.5,0,0,0,0,0,0,0,0,0,0,0.5,0,0,0.5,0,0,0,0,0,0,0,2.5,0,0,0,0,0,0,0,0,0,0,0,0,0.5,0,0,0,0,0,0,0,0,0,0,0,0.5,0,0,0,0,0,0,0,0,0,0,0,0,0,0,0,0,0,0,0,0,0,0,0,2,0,0,0,2.5,0,0,0,0,0,0,0,0
"NWS71",119.6311,-17.15365,5,1,0,0,1,0,0,2,2.5,0,0,0,0,0.5,0.5,0,0,0,0,0,0,0.5,0,0.5,0,0,0.5,0,1,0,0.5,0,0,0.5,0,0,1.5,1,0,0.5,0.5,0.5,0,5,0,0,0,0,0.5,0,0,0,0,0,0,0,0,0,0,0,0,0,0,0,0,0,0,0,0.5,0,0,0,0,1,0,0,0,0,0,0,0,0,0,0,0,0,1,0,0,0,0,0,0,0,0,0,0,0,0
"NWS72",119.64617,-17.0754,7,0,0,0,0,0,0,3,1,0,0,0,0,0,0,0,0,0,0,0,2,0,0,0,1,1,0,1,0,0,0,0,0,0,0,0,0,0,0,1,1,0,0,0,0,0,0,9,0,0,1,0,0,0,0,0,0,0,0,0,0,0,0,0,0,0,0,0,0,0,0,0,0,0,0,0,0,0,0,0,0,0,0,0,0,0,0,2,0,0,0,0,0,0,0,0,0,0,0
"NWS73",119.64167,-17.06644,7,0,1.5,0,0.5,2,0,0,0,0,0,0,0,3,0,0,0,0.5,0,0,0,1,0,0,0,9,6,0,0,0,0,0,1.5,3,0,0,0,0,0.5,0,0,2.5,0,4,0,0,0,0,0,0,0.5,0,0,0,0,0,0,0,0,0,0,0.5,0,0,0,0,0,0,0,0,0,0,0,0,0,0,0,0,0,0,0,0,0,0,0,0,0,0,0,0,0,0,0,0,0,0,0,0,0
"NWS74",119.64367,-17.06983,7,0,0.5,1,0.5,6,0,0,0,0,0,0,0,0,0,0,0,0,0,0,0,0.5,0,0,0,23,1,0,0,0,0,0,0,0,0,0,0,0,0,0,1,0,0,1,0,0,0,0,0,0,0,0,0,0,0,0,0,0,0,0,0,0,1.5,0,0,0,0,0,0,0,0,0,0,0,0,0,0,0,0,0,0,0,0,0,0,0,0,0,0,0,0,0,0,0,0,0,0,0,0
"NWS75",119.6148,-17.08687,7,0,0,0,2,0.5,0,0,1,0.5,0,0.5,0.5,0.5,0,0,0,0.5,0,0,0,0,0,1,0,1,2,5.5,0,2,2,0.5,0,0,0,0.5,1,0.5,1.5,0,0,0,0,0,0,0,0,0.5,4.5,0,0,1,0,0,0,0,0,0,0,0,0,0.5,0.5,0,0,0,2,0,0,0,0,0,0,0,0,0,0,0,0,0,0,0,0,0,0,0,0,0,0,0,0,0,0,0,0,0,0,0,0
"NWS76",119.63474,-17.11469,5,2,0,0,1.5,0,0,0.5,0.5,1.5,0,0,0,0,0,1,0,0,0,0,0,1.5,0,0,0,0.5,2,1.5,0,0.5,0,0,0,0,0,0.5,0,0,1.5,0,0.5,0.5,0,0.5,0,0,0,0,0,0,1,0,0,0,0,0,0,0,0,0,0,0,0.5,0,0,0,1.5,0,0.5,0,0,0,0,0,0,0,0,0,0,0,0,0,0,0,0,0,0,0,0,0,0,0,0,0,0,0,0,0,0
"NWS77",119.64815,-17.06202,7,1,1,0,0.5,5.5,0,0,0,0,0,1,0,1.5,0,0,0,0,2,0,0,0.5,0.5,0,1,1.5,4.5,2.5,0,0,2,0,0,6,0,0,0,0,0.5,0,0,0.5,6,0,0,0.5,0,0,1.5,0,0.5,0,0,0,0,0,0,0,0,0,0,0,2,0,0,0,1,0,0.5,0,0,0,0,2,0,0,0,0,0,0,0,1,0,0,0,0,0,0,0,0,0,0,0,0,0,0,0,0,0
"NWS78",119.64027,-17.0666,7,0,0,0.5,0,2,0,0,0,0,0,0,0,0.5,0,0,0,0,0,0,0,1.5,0,0,0,12.5,0,0,0,0,0,0,0,3.5,0,0,0.5,0.5,0,0,0,0,0,2.5,0,0.5,0,0,0,0,0,0,0,0,0,0,0,0,0,0,0,0,1.5,0,0,0,0,0,0,0,0,0,0,0,0,0,0,0,0,0,0,0,0,0,0,0,0,0,0,0,0,0,0,0,0,0,0,0,0
"NWS79",119.6533,-17.0721,7,0,0,0,0.5,5,0,0,0,0,0,2,0,4,0,0,1,0,0.5,0,0,0.5,1,0,3.5,1.5,1,1,0,0,2,0,1.5,0.5,0,0,0,0,1,0,0,0,5,0,0,0,0,1,0.5,0,0,0,0,0,0,0,0,0,0,0.5,0,0,0.5,0,0.5,0,0,0,0,0,0,0,0,3.5,0,0,0,0,0,0,0,0,0,0,0,0,0,0,0,0,0,1.5,0,0,0,0,0,0,0
"NWS8",123.36079,-11.97908,5,0,0,0,0,0,0,0,1,0,0,0,0,1,0,0,0,0,0,0,0,0,0,0,0,6,3,0,3,0,0,0,0,0,0,0,13,0,0,0,0,0,0,0,0,5,0,0,0,0,0,0,0,0,0,0,0,3,0,0,0,0,0,0,0,0,0,0,0,0,0,0,0,1,0,0,0,0,0,0,0,0,0,0,0,0,0,0,0,0,0,0,0,0,0,0,0,0,0
"NWS80",119.65518,-17.08181,7,0,0.5,0.5,0,4,0,0,0,0,0,2.5,0,1.5,0,0,0,0,0.5,0,0,2.5,0,0,1.5,5.5,1,1.5,0,0,3.5,0,0,0,0,0,0,0,1.5,0.5,0,0,0,0.5,0,0,0,1,1,0,0,0,0,0,0,0,0,1,0,2.5,0,0,2.5,0,0,0,0,0,0,0,0,0,0,1.5,0,0,0,0,0,0,0,0,0,0,0,0,0,0,0,0,0,0,0,0,0,0,0,0,0
"NWS81",119.61792,-17.02767,7,0,0.5,0.5,1,5,0,0,0,0,0,0,0,1,0,0,1,0,0,0,0,0,0,0,0,3,1.5,0,0,0,0.5,0,0.5,1.5,0,0,0,0,0,0.5,0,0.5,0,0,0,0,0,0,0,0,0,0,0,0,0,0,0,2,0,0,0,0,0,0,0,0,0,0,0,0,0,0,0,1,0,0,0,0,0,0,0,0,0,0,0,0,0,0,0,0,0,0,0,0,0,0,0,0,0
"NWS82",119.5962,-17.0762,7,0,0,0,0,1,0,0,0,0,0,0,0,0.5,0,0,0,0.5,0,0,0,0,1.5,0,0,1.5,1.5,0,0,0,0,0.5,0.5,0,0,0,0,0,0,0,0,0,0,0,0,0,0,0,0,0,0.5,0.5,0,0,0,0,0,0,0,0.5,0,0,0,0,0,0,0,0,0,0,0,0,0,0,0,0,0,0,0,0,0,0,0,0,0,0,0,0,0,0,0,0,0,0,0,0,0,0,0
"NWS83",119.35201,-17.24607,7,0,0.5,0,0,2,0,0,0,0,0,0,0,4,0,0.5,0,0,0,0,0,1,0,0,0,1.5,1,0,0,0,0.5,0,2,0,0,0,0,0,0,1,0.5,0,0,0,0,0,0,0.5,0,0,0,0,0,0,0,0,0,4,0,0,0,0,1,0,0,0,0,0,0,0,0,0,0,0,0,0,0,0,0,0,0,0,0,0,0,0,0,0,0,0,0,0,0,0,0,0,0,0,0
"NWS84",119.34713,-17.24612,7,0,0,0,0,3,0,0,0,0,0,0,0,1,0,0,0,0,0,0,0,0,0,0.5,0.5,1,0,0,0,0,0,0,1,0,0,0,0,0,0,0.5,0,0,0,0,0,0,0,0,0,0,0.5,0,0,0,0,0,0,2,0,0,0,0,0,0,0,0,0,0,0,0,0,0,0,0,0,0,0,0,0,0,0,0,0,0,0,0,0,0,0,0,0,0,0,0,0,0,0,0,0
"NWS85",119.35201,-17.24607,7,0,5,0,1,6,5,0,0,0,0,1,0,5,0,0,2,0,0,0,0,0,2,0,0,0,4,0,0,0,15,2,0,0,0,0,0,0,0,1,0,0,0,0,0,0,0,1,0,0,0,1,0,0,0,0,0,5,0,1,0,0,2,0,0,1,0,0,0,1,0,0,0,4,0,0,0,0,0,0,0,0,0,0,0,0,0,0,0,0,0,0,0,0,0,0,0,0,0
"NWS86",119.35929,-17.2909,7,1.5,0.9901960785,0,0.5,0.980392157,0,0.4901960785,1.5,0,1.9705882355,4.911764706,0,9.931372549,0,0,0.980392157,0,0,0,0,4.4705882355,1.480392157,0,3.980392157,1.4705882355,0,0.5,0,0,6.37254902,0,0.5,0,0,0.4901960785,0,0.5,1.480392157,0,0.5,0,0,2.4607843135,0,0,0,3.450980392,1,0,0.5,0.4901960785,0,0,0,0,0.5,1.4705882355,0,0.4901960785,0,0,1.4901960785,0,0,0.5,4.9705882355,0,1,0,0,0,0,2.4705882355,0.4901960785,0,3.950980392,0,0,0,0,0,0,0,0,0,0,0,0,0,0,0,0,0,0,0,0,0,0
"NWS87",119.3769,-17.2843,7,1,0.5,0,1,2,0,0,0,0,0,5,0,5,0,0.5,1,0,0,0,0,1.5,1.5,0.5,1,1,1.5,0,0,0,10,0,0,0,0,0,0,0.5,2,0,0,0,0.5,5,0,0,0,2.5,0,0,1.5,0,0,0,0,0,0,0,0,0.5,0,0,3,0,1,0.5,0,0,0.5,0,0,0,0,2,0.5,0,1,0,0,0,0,0,0,0,0,0,0,0,0,0,0,0,0,0,0,0,0,0,0
"NWS88",119.3775,-17.288,7,2.02020202,2.5521169135,0,3.642811089,0.5319148935,0,0,0,0,0.505050505,5.292284547,0,9.4132817555,0,0,3.5890823125,0.5319148935,0,0,0,2.100795186,0,0,2.5521169135,0.505050505,2.5521169135,0,0,0,3.164624973,0,5.743606275,0,0,0,0,0,0.5319148935,0.505050505,0,0,1.595744681,3.1914893615,0,0,0,0,0.505050505,0,0.505050505,0,0,0,0,0,0,0,0,0,0,0,2.659574468,0,0,0,1.5420159035,0,0.505050505,0,0,0,0,3.084031807,0.505050505,0,1.5420159035,0,0,0,0,0,0,0,0,0,0,0,0,0,0,0,3.0303030305,0,0,0,0,0,0
"NWS89",119.36037,-17.25302,7,0,2,0,1,6,0,0,0,0,0,2,0,4,0,0,0,0,0,0,0,2,2,0,0,5,1,0,0,0,0,0,2,0,0,0,0,0,0,0,0,0,0,0,0,0,0,0,0,0,1,0,0,0,0,0,1,0,0,0,0,0,1,0,1,0,0,0,0,0,0,0,0,1,0,0,1,0,0,0,0,0,0,0,0,0,0,0,0,0,0,0,0,0,0,0,0,0,0
"NWS9",123.3356,-11.9685,5,0,0.5,0.5,1.5,6,0,0,0,0,0,0,0,0,0,0.5,1,2.5,0,0,0,0,0,0,0,1.5,0.5,0,0,0,3,0,0,0,0,0,2,0,0,0.5,0,0,0,0,0,0,0,0,0,0,1,0,0,0,0,0,11,3.5,0,0,0,1,0,0,0,0,0,0,0,0,0,0,0,0.5,0,0,0,0,0,0,0,0,0,0,0.5,0,0,0,0,0,0,0,0,0,0,0,0,0,0
"NWS90",119.3724,-17.28632,6,0.981240981,0,0,0,0,0,0,1.515151515,0,0,0,0,0.981240981,0,0,0,0,0,0,0,0,0,0,0,0,0,0.981240981,0,0,0,0,0,0.476190476,0,0,0,0.476190476,0,0,0,0,0,19.50937951,0,0,0,0,0,0,0,0,0,0,0,0,0,0,0,0,0,0,0,0,0,0,0,0,0,0,0,0,0,0,0,0,0,0,0,0,0,0,0,0,0,0,0,1.01010101,0,0,0.476190476,0,0,0,0,0,0,0,0
"NWS91",119.37301,-17.28312,6,0,0,0,0,0,0,11,0,0,0,3,0,0,0,0,0,0,0,0,0,0,0,0.5,0,0.5,0,0,0,0,0,0,0,0,0,0,0,0,0,0,0,0,0,20.5,0,0,0,0.5,0,0,0,0,0,0,0.5,0,0,2,0,0,0,0,0,0,0,0,0,0,0,0,0,0,0,0,0,0,0,0,0,0,0,0,0,0,0,0,0,0,0,0,1,0,0,0,0,0,0,0,0
"NWS92",119.37053,-17.28321,7,0,0,0,1,10,0,0,0,0,0,0,0,3,0,0,0,0,0,0,0,0,0,0,0,0,1,0,0,0,0,2,1,0,0,0,0,0,0,0,2,0,0,0,0,0,0,0,0,0,0,1,0,0,0,0,0,0,0,0,0,0,0,0,0,0,0,0,0,0,0,0,0,0,0,0,0,0,0,0,0,0,0,0,0,0,0,0,0,0,0,0,0,0,0,0,0,0,0
"NWS93",119.3423,-17.29772,6,4.5548654245,0,0,0.869565217,0,0,8.592132505,8.633540373,0.476190476,0,0.476190476,0,0,0,0,0,0,0,0,0,0,0,0,0,0,0,0,0,0,0,0,0,0,0,0,0,0,1.3457556935,0,1.739130435,0,0,0,0,0,0,0,0,0,0,0,0,0,0,0,0,0,0,0,0,0,0.4347826085,0,0,0,0,0,0,0,0,0,0,0,0,0,0,0,0,0,0,0,0,0,0,0,0.9523809525,0,0,0,11.2215320895,0,0,0,0,0,0,0,0
"NWS94",119.3675,-17.31065,7,1.515151515,1.9473581975,0,3.006021756,0,0,1.01010101,4.831973582,0,0,1.466588967,0,0,0,0.985819736,0,0,0,0,0,0,0,0,0,0.480769231,1.442307693,0,0,1.01010101,0.480769231,0,0,0,0,0.505050505,0,0,2.4766899765,0,0.505050505,0,0,0,0,1.01010101,0,0,0,0,0,0,0,0,0,0,0,0,0,0,0,0,0,0,0,0,0,0,0,0,0,0,0,0,0,0,0,0,0,0,0,0.505050505,0,0,0,0,0.505050505,0,0,0,1.01010101,0,0,0,0,0,0,0,0
"NWS95",119.3675,-17.31065,7,0,1.485436893,0,2.456310679,2.470873786,0,2.9563106795,0.5,1.985436893,0,0.985436893,0,0,0,0,0,0,0,0,0,0,0,0,0,1,2.9417475725,0,0,0.5,0.5,1.4563106795,0,0,1.5,0,0,0.485436893,4.941747573,0.485436893,0,0,0,0,0,0,0,0,0,0,0.485436893,1.5,0,0,0.485436893,0,0,0,0,0,0,4.427184466,0.985436893,0,0,0,0,0,0,0,0,0,0,0,0,0,0,0,0,0,0,0,0,0,0,0,1.4563106795,0,0,0,0,0,0,0,0,0,0,0,0
"NWS96",119.3605,-17.31882,6,0,0,0,7.92079208,0,0,0.99009901,1.98019802,0,0,0.99009901,0,0.99009901,0,0,0,0,0,0,0,0,0,0,0,0.99009901,2.97029703,0,0,0,0,2.97029703,0,0,0,0,0,0,0.99009901,0,0,0,0,0,0,0,0,0,0,0,0.99009901,0,0,0,1.98019802,0,0,1.98019802,0,0,0,0.99009901,0,0,0,0,0,0,0,0,0,0,0,0,0,0,0,0,0,0,0,0,0,0,0,0,0,0,0,0,0,0,0,0,0,0,0,0,0
"NWS97",119.3675,-17.3155,6,1.01010101,4.04040404,1.01010101,0,8.080808081,0,6.060606061,0,1.01010101,0,0,0,0,0,0,0,0,0,0,0,0,0,0,0,1.01010101,0,0,0,0,0,0,0,0,2.02020202,0,0,0,1.01010101,0,0,0,0,0,0,1.01010101,0,0,0,0,1.01010101,0,0,0,0,0,0,0,0,0,0,0,0,0,0,0,0,0,0,0,0,0,0,0,0,0,0,0,0,0,0,0,0,0,0,0,0,0,0,0,1.01010101,0,0,0,0,0,0,0,0
"NWS98",119.37064,-17.30694,6,0.952380952,0.952380952,0.476190476,0,9.047619047,0,5.079365079,0,4.603174603,0,3.968253968,0,0.476190476,0.476190476,0,0,0,0,0,0,0,0,0,0,0,1.904761905,0,0,0,0,1.4285714285,0.476190476,0,0,0,0,0.476190476,0,0,0,0,0,0,0,0,0,0,0,0,0.7936507935,0.9523809525,0,0,0,0,0,0,0,0,0,0.476190476,0.7936507935,0,0,0,0,0,0,0,0,0,0,0,0,0,0,0,0,0,0,0.476190476,0,0,0,0,0,2.380952381,0,0,0,0,0,0,0,0,0,0,0
"NWS99",119.35929,-17.2909,6,0.9523809525,0.952380952,0,0.476190476,0,0,1.904761905,2.857142857,0,0.476190476,0.476190476,0,0,0,0,0.476190476,0.9523809525,0,0,0,0,0,0,0,2.857142857,0.476190476,0,0,1.4285714285,0,0,1.4285714285,0,0,0,0,0.476190476,0,0,0.476190476,0,0,0,0,0.9523809525,0,0,0,0,0.952380952,0,0,0,0.476190476,0,0,0,0,0,0,0,0,0,0,0,0,0,0,0,0,0,0,0,0,0,0,0,0,0,0,0,0,3.8095238095,0,0,0,0,0,0,2.380952381,0,0,0,0,0,0,0,0
"WA83",123.05123,-16.43598,5,0,0,1.5,1,0,0,0,0,0,0,0,0,0,0,0,0,0,0.5,0,0,0.5,0,0,0,0,3.5,0,0,0,0,0,0,0,0,1,2,1,0,0,0,0.5,0,0,0,0,0,0,0,0,0,0,0.5,0,0,0,0,0,0,0,0,0,0,0,0,0,0,0,0,0,0,0,0,0,0,0,0,0,0,0,0,0,0,0,0,0,0,0,0,0,0,0,0,0,0,0,0,0,0
"WA84",123.08899,-16.43131,5,0,0.5,0,0,0,0,0,0,0,0,0,0,0,0,0,0,0,0,0,0,0,0,0,0,0,5,0,0,0,0,0,0,0,0,0,0,0,0,0,0,0,0,0,0,0,0,0,0,0,0,0,0,0,0,0,0,0,0,0,0,0,0,0,0,0,0,0,0,0,0,0,0,0,0,0,0,0,0,0,0,0,0,0,0,0,0,0,0,0,0,0,0,0,0,0,0,0,0
"WA85",123.06852,-16.43073,5,0,0.5,0.5,0,0,0,0,0.5,0,0,6,1,0,0,0,0,0,1,0,0,2,0,0,0,0,0.5,0,0,0,0,0,0,0,0,1,2.5,1,0,0,0,0.5,0,0,0,14,0,0,0,0,0,0,1,0.5,0.5,0.5,0,0,0,0,0,0,0,0,0,0,0,0,0,0,0,0,0,0,0,0,0,0,0,0,0,0,0,0,0,0,0,0,0,0,0,0,0,0,0,0,0,0,0
"WA86",123.0338,-16.41926,5,0,0,0,0,2,0,0,0,0,0,0,5,0,0,0,0,0,0,0,0,0,0,0,0,0,1,0,0,0,3,0,0,0,0,0,0,0,0,0,0,0,0,0,0,0,0,0,0,0,1,0,0,0,0,0,0,0,0,0,0,0,0,0,0,0,0,0,0,0,0,0,0,0,0,0,0,0,0,0,0,0,0,0,0,0,0,0,0,0,0,0,0,0,0,0,0,0,0
"WA87",123.03509,-16.39654,5,0.25,3,1,1,0.75,0,0,2,0,0,0,0.25,0,0,0,0,0,0,0.75,0,0,0,0,0,0,1.25,1,0,0,1.5,0.25,0,0.25,0,0,1,0,0,0,0,0.25,0,0.5,0.25,0.25,0.25,0.5,0.5,1,0.25,0.25,0,0,0,0,0,0,0,0,0,0,0,0,0,0,0,0,0,0,0,0,0,0,0,0,0,0,0,0,0,0,0,0,0,0,0,0,0,0,0,0,0,0,0,0,0,0,0
